osm_id,name,latitude,longitude,distance_from_aeos_m,distance_from_manyata_m,within_manyata_20km,category,equipment_type,direction,survey_date,osm_last_edit,snapshot_base,review_state,working_status,source_url,snapshot_url,license
node/6568453532,,13.0605159,77.5964929,366,2912,True,public,camera,,,2019-06-24T19:02:28Z,2026-09-09T04:20:20Z,candidate-public-outdoor,unknown,https://www.openstreetmap.org/node/6568453532,https://www.thetraffic.in/data/surveillance_cameras.v1.json,ODbL-1.0
node/6568444879,,13.0592419,77.5962032,460,2874,True,public,camera,,,2019-06-24T19:02:27Z,2026-09-09T04:20:20Z,candidate-public-outdoor,unknown,https://www.openstreetmap.org/node/6568444879,https://www.thetraffic.in/data/surveillance_cameras.v1.json,ODbL-1.0
node/6568450402,,13.0602991,77.5976047,473,2796,True,public,camera,,,2019-06-24T19:02:29Z,2026-09-09T04:20:20Z,candidate-public-outdoor,unknown,https://www.openstreetmap.org/node/6568450402,https://www.thetraffic.in/data/surveillance_cameras.v1.json,ODbL-1.0
node/11280734300,,13.0670393,77.5934087,474,3589,True,public,camera,180,,2023-10-22T05:46:44Z,2026-09-09T04:20:20Z,candidate-public-outdoor,unknown,https://www.openstreetmap.org/node/11280734300,https://www.thetraffic.in/data/surveillance_cameras.v1.json,ODbL-1.0
node/11280734298,,13.0671562,77.5934254,487,3596,True,public,camera,,,2023-10-22T05:46:44Z,2026-09-09T04:20:20Z,candidate-public-outdoor,unknown,https://www.openstreetmap.org/node/11280734298,https://www.thetraffic.in/data/surveillance_cameras.v1.json,ODbL-1.0
node/11280734299,,13.0671666,77.5934395,488,3595,True,public,camera,90,,2023-10-22T05:46:44Z,2026-09-09T04:20:20Z,candidate-public-outdoor,unknown,https://www.openstreetmap.org/node/11280734299,https://www.thetraffic.in/data/surveillance_cameras.v1.json,ODbL-1.0
node/11280734304,,13.0670909,77.5928729,492,3639,True,public,camera,180,,2023-10-22T05:46:44Z,2026-09-09T04:20:20Z,candidate-public-outdoor,unknown,https://www.openstreetmap.org/node/11280734304,https://www.thetraffic.in/data/surveillance_cameras.v1.json,ODbL-1.0
node/11280734305,,13.0671065,77.5928695,494,3641,True,public,camera,0,,2023-10-22T05:46:44Z,2026-09-09T04:20:20Z,candidate-public-outdoor,unknown,https://www.openstreetmap.org/node/11280734305,https://www.thetraffic.in/data/surveillance_cameras.v1.json,ODbL-1.0
node/10731152809,,13.0672502,77.5933745,498,3607,True,public,camera,180,,2023-03-12T17:55:24Z,2026-09-09T04:20:20Z,candidate-public-outdoor,unknown,https://www.openstreetmap.org/node/10731152809,https://www.thetraffic.in/data/surveillance_cameras.v1.json,ODbL-1.0
node/10731152810,,13.0672581,77.5933865,499,3606,True,public,camera,90,,2023-03-12T17:55:24Z,2026-09-09T04:20:20Z,candidate-public-outdoor,unknown,https://www.openstreetmap.org/node/10731152810,https://www.thetraffic.in/data/surveillance_cameras.v1.json,ODbL-1.0
node/10731152811,,13.0672568,77.5933738,499,3607,True,public,camera,,,2023-03-12T17:55:24Z,2026-09-09T04:20:20Z,candidate-public-outdoor,unknown,https://www.openstreetmap.org/node/10731152811,https://www.thetraffic.in/data/surveillance_cameras.v1.json,ODbL-1.0
node/6568418483,,13.0584342,77.5961186,536,2843,True,public,camera,,,2019-06-24T19:02:30Z,2026-09-09T04:20:20Z,candidate-public-outdoor,unknown,https://www.openstreetmap.org/node/6568418483,https://www.thetraffic.in/data/surveillance_cameras.v1.json,ODbL-1.0
node/6568453745,,13.0591551,77.5973917,543,2755,True,public,camera,,,2019-06-24T19:02:26Z,2026-09-09T04:20:20Z,candidate-public-outdoor,unknown,https://www.openstreetmap.org/node/6568453745,https://www.thetraffic.in/data/surveillance_cameras.v1.json,ODbL-1.0
node/6568439467,,13.0582605,77.5968241,588,2766,True,public,camera,,,2019-06-24T19:02:31Z,2026-09-09T04:20:20Z,candidate-public-outdoor,unknown,https://www.openstreetmap.org/node/6568439467,https://www.thetraffic.in/data/surveillance_cameras.v1.json,ODbL-1.0
node/6568431784,,13.0591092,77.5980394,595,2690,True,public,camera,,,2019-06-24T19:02:25Z,2026-09-09T04:20:20Z,candidate-public-outdoor,unknown,https://www.openstreetmap.org/node/6568431784,https://www.thetraffic.in/data/surveillance_cameras.v1.json,ODbL-1.0
node/6568421830,,13.0618394,77.599658,613,2702,True,public,camera,,2024-07-04,2024-07-04T14:23:27Z,2026-09-09T04:20:20Z,candidate-public-outdoor,unknown,https://www.openstreetmap.org/node/6568421830,https://www.thetraffic.in/data/surveillance_cameras.v1.json,ODbL-1.0
node/6568447164,,13.0577437,77.5963653,617,2787,True,public,camera,,,2019-06-24T19:02:37Z,2026-09-09T04:20:20Z,candidate-public-outdoor,unknown,https://www.openstreetmap.org/node/6568447164,https://www.thetraffic.in/data/surveillance_cameras.v1.json,ODbL-1.0
node/6568445503,,13.05907,77.5983802,625,2656,True,public,camera,,,2019-06-24T19:02:24Z,2026-09-09T04:20:20Z,candidate-public-outdoor,unknown,https://www.openstreetmap.org/node/6568445503,https://www.thetraffic.in/data/surveillance_cameras.v1.json,ODbL-1.0
node/7249150375,,13.0571774,77.5933212,634,3070,True,public,camera,,,2020-02-28T10:56:22Z,2026-09-09T04:20:20Z,candidate-public-outdoor,unknown,https://www.openstreetmap.org/node/7249150375,https://www.thetraffic.in/data/surveillance_cameras.v1.json,ODbL-1.0
node/6568445368,,13.0580864,77.5976571,654,2676,True,public,camera,,,2019-06-24T19:02:32Z,2026-09-09T04:20:20Z,candidate-public-outdoor,unknown,https://www.openstreetmap.org/node/6568445368,https://www.thetraffic.in/data/surveillance_cameras.v1.json,ODbL-1.0
node/6568433238,,13.057621,77.5972691,674,2692,True,public,camera,,,2019-06-24T19:02:36Z,2026-09-09T04:20:20Z,candidate-public-outdoor,unknown,https://www.openstreetmap.org/node/6568433238,https://www.thetraffic.in/data/surveillance_cameras.v1.json,ODbL-1.0
node/6568434665,,13.0589566,77.5988936,675,2601,True,public,camera,,2026-01-02,2026-01-02T00:55:56Z,2026-09-09T04:20:20Z,candidate-public-outdoor,unknown,https://www.openstreetmap.org/node/6568434665,https://www.thetraffic.in/data/surveillance_cameras.v1.json,ODbL-1.0
node/6568451944,,13.0571522,77.5967048,692,2728,True,public,camera,,,2019-06-24T19:02:36Z,2026-09-09T04:20:20Z,candidate-public-outdoor,unknown,https://www.openstreetmap.org/node/6568451944,https://www.thetraffic.in/data/surveillance_cameras.v1.json,ODbL-1.0
node/6568445868,,13.0658382,77.5997291,697,2977,True,public,camera,,,2019-06-24T19:02:46Z,2026-09-09T04:20:20Z,candidate-public-outdoor,unknown,https://www.openstreetmap.org/node/6568445868,https://www.thetraffic.in/data/surveillance_cameras.v1.json,ODbL-1.0
node/6568453531,,13.0592638,77.5994852,706,2562,True,public,camera,,,2019-06-24T19:02:22Z,2026-09-09T04:20:20Z,candidate-public-outdoor,unknown,https://www.openstreetmap.org/node/6568453531,https://www.thetraffic.in/data/surveillance_cameras.v1.json,ODbL-1.0
node/6568454993,,13.0637643,77.6007817,732,2738,True,public,camera,,,2019-06-24T19:02:18Z,2026-09-09T04:20:20Z,candidate-public-outdoor,unknown,https://www.openstreetmap.org/node/6568454993,https://www.thetraffic.in/data/surveillance_cameras.v1.json,ODbL-1.0
node/6568436943,,13.0578501,77.598617,739,2571,True,public,camera,,,2019-06-24T19:02:33Z,2026-09-09T04:20:20Z,candidate-public-outdoor,unknown,https://www.openstreetmap.org/node/6568436943,https://www.thetraffic.in/data/surveillance_cameras.v1.json,ODbL-1.0
node/6568418174,,13.066439,77.5999524,751,3005,True,public,camera,,,2019-06-24T19:02:16Z,2026-09-09T04:20:20Z,candidate-public-outdoor,unknown,https://www.openstreetmap.org/node/6568418174,https://www.thetraffic.in/data/surveillance_cameras.v1.json,ODbL-1.0
node/11280734333,,13.0558812,77.5936984,773,2985,True,public,camera,0,,2023-10-22T05:46:44Z,2026-09-09T04:20:20Z,candidate-public-outdoor,unknown,https://www.openstreetmap.org/node/11280734333,https://www.thetraffic.in/data/surveillance_cameras.v1.json,ODbL-1.0
node/11280734332,,13.0558767,77.5937077,774,2983,True,public,camera,90,,2023-10-22T05:46:44Z,2026-09-09T04:20:20Z,candidate-public-outdoor,unknown,https://www.openstreetmap.org/node/11280734332,https://www.thetraffic.in/data/surveillance_cameras.v1.json,ODbL-1.0
node/11280734331,,13.0558708,77.5936923,775,2985,True,public,camera,180,,2023-10-22T05:46:44Z,2026-09-09T04:20:20Z,candidate-public-outdoor,unknown,https://www.openstreetmap.org/node/11280734331,https://www.thetraffic.in/data/surveillance_cameras.v1.json,ODbL-1.0
node/6568449909,,13.057236,77.5983904,777,2564,True,public,camera,,,2019-06-24T19:02:33Z,2026-09-09T04:20:20Z,candidate-public-outdoor,unknown,https://www.openstreetmap.org/node/6568449909,https://www.thetraffic.in/data/surveillance_cameras.v1.json,ODbL-1.0
node/11280734229,,13.0657218,77.6008464,800,2880,True,public,camera,270,,2023-10-22T05:46:44Z,2026-09-09T04:20:20Z,candidate-public-outdoor,unknown,https://www.openstreetmap.org/node/11280734229,https://www.thetraffic.in/data/surveillance_cameras.v1.json,ODbL-1.0
node/11280734230,,13.0657185,77.6008552,800,2879,True,public,camera,180,,2023-10-22T05:46:44Z,2026-09-09T04:20:20Z,candidate-public-outdoor,unknown,https://www.openstreetmap.org/node/11280734230,https://www.thetraffic.in/data/surveillance_cameras.v1.json,ODbL-1.0
node/6568427222,,13.0657299,77.6008573,801,2880,True,public,camera,0,,2023-10-22T05:46:44Z,2026-09-09T04:20:20Z,candidate-public-outdoor,unknown,https://www.openstreetmap.org/node/6568427222,https://www.thetraffic.in/data/surveillance_cameras.v1.json,ODbL-1.0
node/11280734231,,13.0657179,77.6008659,801,2878,True,public,camera,90,,2023-10-22T05:46:44Z,2026-09-09T04:20:20Z,candidate-public-outdoor,unknown,https://www.openstreetmap.org/node/11280734231,https://www.thetraffic.in/data/surveillance_cameras.v1.json,ODbL-1.0
node/6568448608,,13.0673555,77.6000594,820,3068,True,public,camera,,,2024-07-18T08:20:01Z,2026-09-09T04:20:20Z,candidate-public-outdoor,unknown,https://www.openstreetmap.org/node/6568448608,https://www.thetraffic.in/data/surveillance_cameras.v1.json,ODbL-1.0
node/6568455409,,13.0675439,77.6000131,829,3087,True,outdoor,camera,,,2019-06-24T19:02:47Z,2026-09-09T04:20:20Z,candidate-public-outdoor,unknown,https://www.openstreetmap.org/node/6568455409,https://www.thetraffic.in/data/surveillance_cameras.v1.json,ODbL-1.0
node/6568455103,,13.067925,77.599713,832,3140,True,public,camera,,,2024-06-05T12:45:16Z,2026-09-09T04:20:20Z,candidate-public-outdoor,unknown,https://www.openstreetmap.org/node/6568455103,https://www.thetraffic.in/data/surveillance_cameras.v1.json,ODbL-1.0
node/6568447043,,13.0559446,77.5977905,864,2568,True,public,camera,,,2019-06-24T19:02:35Z,2026-09-09T04:20:20Z,candidate-public-outdoor,unknown,https://www.openstreetmap.org/node/6568447043,https://www.thetraffic.in/data/surveillance_cameras.v1.json,ODbL-1.0
node/6568447165,,13.0655647,77.6017272,882,2800,True,public,camera,,,2019-06-24T19:02:43Z,2026-09-09T04:20:20Z,candidate-public-outdoor,unknown,https://www.openstreetmap.org/node/6568447165,https://www.thetraffic.in/data/surveillance_cameras.v1.json,ODbL-1.0
node/6568454310,,13.0649132,77.6019572,883,2731,True,public,camera,,,2019-06-24T19:02:42Z,2026-09-09T04:20:20Z,candidate-public-outdoor,unknown,https://www.openstreetmap.org/node/6568454310,https://www.thetraffic.in/data/surveillance_cameras.v1.json,ODbL-1.0
node/6568445504,,13.0684916,77.6003704,927,3137,True,public,camera,,,2019-06-24T19:02:44Z,2026-09-09T04:20:20Z,candidate-public-outdoor,unknown,https://www.openstreetmap.org/node/6568445504,https://www.thetraffic.in/data/surveillance_cameras.v1.json,ODbL-1.0
node/11949340398,,13.0608521,77.5855847,947,3998,True,public,camera,210,,2024-06-01T04:53:38Z,2026-09-09T04:20:20Z,candidate-public-outdoor,unknown,https://www.openstreetmap.org/node/11949340398,https://www.thetraffic.in/data/surveillance_cameras.v1.json,ODbL-1.0
node/11949340399,,13.0608204,77.5855891,947,3997,True,public,camera,308,,2024-06-01T04:53:38Z,2026-09-09T04:20:20Z,candidate-public-outdoor,unknown,https://www.openstreetmap.org/node/11949340399,https://www.thetraffic.in/data/surveillance_cameras.v1.json,ODbL-1.0
node/6568386052,,13.0682161,77.6010021,959,3068,True,public,camera,,,2019-06-24T19:02:44Z,2026-09-09T04:20:20Z,candidate-public-outdoor,unknown,https://www.openstreetmap.org/node/6568386052,https://www.thetraffic.in/data/surveillance_cameras.v1.json,ODbL-1.0
node/6568407562,,13.064958,77.6026809,960,2679,True,public,camera,,,2019-06-24T19:02:41Z,2026-09-09T04:20:20Z,candidate-public-outdoor,unknown,https://www.openstreetmap.org/node/6568407562,https://www.thetraffic.in/data/surveillance_cameras.v1.json,ODbL-1.0
node/6568456085,,13.0679705,77.6015054,986,3011,True,public,camera,,,2019-06-24T19:02:38Z,2026-09-09T04:20:20Z,candidate-public-outdoor,unknown,https://www.openstreetmap.org/node/6568456085,https://www.thetraffic.in/data/surveillance_cameras.v1.json,ODbL-1.0
node/6568453602,,13.0644393,77.603271,1011,2593,True,public,camera,,,2019-06-24T19:02:40Z,2026-09-09T04:20:20Z,candidate-public-outdoor,unknown,https://www.openstreetmap.org/node/6568453602,https://www.thetraffic.in/data/surveillance_cameras.v1.json,ODbL-1.0
node/11407116867,,13.0536941,77.5933137,1019,2960,True,outdoor,camera,165,,2023-12-10T10:58:46Z,2026-09-09T04:20:20Z,candidate-public-outdoor,unknown,https://www.openstreetmap.org/node/11407116867,https://www.thetraffic.in/data/surveillance_cameras.v1.json,ODbL-1.0
node/11407189006,,13.0536941,77.5933137,1019,2960,True,outdoor,camera,276,,2023-12-10T10:59:05Z,2026-09-09T04:20:20Z,candidate-public-outdoor,unknown,https://www.openstreetmap.org/node/11407189006,https://www.thetraffic.in/data/surveillance_cameras.v1.json,ODbL-1.0
node/11407204756,,13.0536941,77.5933137,1019,2960,True,outdoor,camera,358,,2023-12-10T10:58:31Z,2026-09-09T04:20:20Z,candidate-public-outdoor,unknown,https://www.openstreetmap.org/node/11407204756,https://www.thetraffic.in/data/surveillance_cameras.v1.json,ODbL-1.0
node/6568449209,,13.0687063,77.6015122,1036,3073,True,public,camera,214,,2024-01-28T10:31:24Z,2026-09-09T04:20:20Z,candidate-public-outdoor,unknown,https://www.openstreetmap.org/node/6568449209,https://www.thetraffic.in/data/surveillance_cameras.v1.json,ODbL-1.0
node/11559397477,,13.068725,77.6015121,1038,3074,True,public,camera,336,,2024-01-28T10:31:24Z,2026-09-09T04:20:20Z,candidate-public-outdoor,unknown,https://www.openstreetmap.org/node/11559397477,https://www.thetraffic.in/data/surveillance_cameras.v1.json,ODbL-1.0
node/11559397478,,13.0687258,77.6015291,1039,3073,True,public,camera,78,,2024-01-28T10:31:24Z,2026-09-09T04:20:20Z,candidate-public-outdoor,unknown,https://www.openstreetmap.org/node/11559397478,https://www.thetraffic.in/data/surveillance_cameras.v1.json,ODbL-1.0
node/6568451456,,13.0695972,77.601648,1112,3139,True,public,camera,,,2019-06-24T19:02:40Z,2026-09-09T04:20:20Z,candidate-public-outdoor,unknown,https://www.openstreetmap.org/node/6568451456,https://www.thetraffic.in/data/surveillance_cameras.v1.json,ODbL-1.0
node/11206885185,,13.0579732,77.6060446,1403,1890,True,,camera,,2023-08-04,2023-09-21T04:20:10Z,2026-09-09T04:20:20Z,review-access-unknown,unknown,https://www.openstreetmap.org/node/11206885185,https://www.thetraffic.in/data/surveillance_cameras.v1.json,ODbL-1.0
node/7249152100,,13.0500989,77.5930136,1420,2929,True,public,camera,,,2020-02-28T10:57:59Z,2026-09-09T04:20:20Z,candidate-public-outdoor,unknown,https://www.openstreetmap.org/node/7249152100,https://www.thetraffic.in/data/surveillance_cameras.v1.json,ODbL-1.0
node/11949427848,,13.0495034,77.5929638,1486,2929,True,outdoor,camera,,,2024-06-01T06:38:34Z,2026-09-09T04:20:20Z,candidate-public-outdoor,unknown,https://www.openstreetmap.org/node/11949427848,https://www.thetraffic.in/data/surveillance_cameras.v1.json,ODbL-1.0
node/11949468362,,13.0495034,77.5929638,1486,2929,True,outdoor,camera,112,,2024-06-01T06:38:22Z,2026-09-09T04:20:20Z,candidate-public-outdoor,unknown,https://www.openstreetmap.org/node/11949468362,https://www.thetraffic.in/data/surveillance_cameras.v1.json,ODbL-1.0
node/13043091474,,13.072601,77.6040781,1534,3259,True,public,camera,,,2025-08-02T14:48:37Z,2026-09-09T04:20:20Z,candidate-public-outdoor,unknown,https://www.openstreetmap.org/node/13043091474,https://www.thetraffic.in/data/surveillance_cameras.v1.json,ODbL-1.0
node/6856463609,,13.0459861,77.5914788,1894,3089,True,public,camera,354,,2024-06-01T07:18:50Z,2026-09-09T04:20:20Z,candidate-public-outdoor,unknown,https://www.openstreetmap.org/node/6856463609,https://www.thetraffic.in/data/surveillance_cameras.v1.json,ODbL-1.0
node/11949528007,,13.0459853,77.5914675,1894,3090,True,public,camera,28,,2024-06-01T07:18:50Z,2026-09-09T04:20:20Z,candidate-public-outdoor,unknown,https://www.openstreetmap.org/node/11949528007,https://www.thetraffic.in/data/surveillance_cameras.v1.json,ODbL-1.0
node/7144764229,,13.0464208,77.6013267,1986,2021,True,outdoor,camera,180,,2020-01-20T06:47:37Z,2026-09-09T04:20:20Z,candidate-public-outdoor,unknown,https://www.openstreetmap.org/node/7144764229,https://www.thetraffic.in/data/surveillance_cameras.v1.json,ODbL-1.0
node/7133731139,,13.0462899,77.6011338,1991,2043,True,outdoor,camera,90,,2020-01-20T06:47:37Z,2026-09-09T04:20:20Z,candidate-public-outdoor,unknown,https://www.openstreetmap.org/node/7133731139,https://www.thetraffic.in/data/surveillance_cameras.v1.json,ODbL-1.0
node/7133736139,,13.0462598,77.6011301,1994,2044,True,outdoor,camera,270,,2020-01-20T06:47:37Z,2026-09-09T04:20:20Z,candidate-public-outdoor,unknown,https://www.openstreetmap.org/node/7133736139,https://www.thetraffic.in/data/surveillance_cameras.v1.json,ODbL-1.0
node/7133741926,,13.0463745,77.6018204,2012,1968,True,outdoor,camera,,,2020-01-20T06:48:04Z,2026-09-09T04:20:20Z,candidate-public-outdoor,unknown,https://www.openstreetmap.org/node/7133741926,https://www.thetraffic.in/data/surveillance_cameras.v1.json,ODbL-1.0
node/9912823311,,13.0437768,77.6004709,2228,2153,True,public,camera,90,2022-07-23,2022-07-26T16:21:47Z,2026-09-09T04:20:20Z,candidate-public-outdoor,unknown,https://www.openstreetmap.org/node/9912823311,https://www.thetraffic.in/data/surveillance_cameras.v1.json,ODbL-1.0
node/7256985304,,13.0439109,77.6009502,2231,2100,True,public,camera,,2024-08-17,2024-08-16T20:44:39Z,2026-09-09T04:20:20Z,candidate-public-outdoor,unknown,https://www.openstreetmap.org/node/7256985304,https://www.thetraffic.in/data/surveillance_cameras.v1.json,ODbL-1.0
node/9912823310,,13.0437872,77.6007539,2237,2123,True,public,camera,,2022-07-23,2022-07-26T16:21:47Z,2026-09-09T04:20:20Z,candidate-public-outdoor,unknown,https://www.openstreetmap.org/node/9912823310,https://www.thetraffic.in/data/surveillance_cameras.v1.json,ODbL-1.0
node/9780937763,,13.0435299,77.6000834,2242,2200,True,public,camera,270,2022-05-29,2022-05-30T06:42:51Z,2026-09-09T04:20:20Z,candidate-public-outdoor,unknown,https://www.openstreetmap.org/node/9780937763,https://www.thetraffic.in/data/surveillance_cameras.v1.json,ODbL-1.0
node/9780937762,,13.0435188,77.6001055,2244,2198,True,public,camera,180,2022-05-29,2022-05-30T06:42:51Z,2026-09-09T04:20:20Z,candidate-public-outdoor,unknown,https://www.openstreetmap.org/node/9780937762,https://www.thetraffic.in/data/surveillance_cameras.v1.json,ODbL-1.0
node/9912823314,,13.0429792,77.5902772,2245,3256,True,public,camera,270,2022-07-23,2022-07-26T16:21:47Z,2026-09-09T04:20:20Z,candidate-public-outdoor,unknown,https://www.openstreetmap.org/node/9912823314,https://www.thetraffic.in/data/surveillance_cameras.v1.json,ODbL-1.0
node/9912823313,,13.0429086,77.5906688,2246,3215,True,public,camera,,2022-07-23,2022-07-26T16:21:47Z,2026-09-09T04:20:20Z,candidate-public-outdoor,unknown,https://www.openstreetmap.org/node/9912823313,https://www.thetraffic.in/data/surveillance_cameras.v1.json,ODbL-1.0
node/11358401731,,13.0822262,77.5881163,2252,5160,True,,camera,189,,2023-11-17T15:18:47Z,2026-09-09T04:20:20Z,review-access-unknown,unknown,https://www.openstreetmap.org/node/11358401731,https://www.thetraffic.in/data/surveillance_cameras.v1.json,ODbL-1.0
node/11358401732,,13.0822302,77.5881189,2252,5160,True,,camera,285,,2023-11-17T15:18:47Z,2026-09-09T04:20:20Z,review-access-unknown,unknown,https://www.openstreetmap.org/node/11358401732,https://www.thetraffic.in/data/surveillance_cameras.v1.json,ODbL-1.0
node/6847308735,,13.0427533,77.5906369,2263,3221,True,public,camera,,2022-07-23,2025-12-16T16:11:59Z,2026-09-09T04:20:20Z,candidate-public-outdoor,unknown,https://www.openstreetmap.org/node/6847308735,https://www.thetraffic.in/data/surveillance_cameras.v1.json,ODbL-1.0
node/6847273180,,13.0427204,77.5901974,2275,3269,True,public,camera,,,2019-10-06T09:17:37Z,2026-09-09T04:20:20Z,candidate-public-outdoor,unknown,https://www.openstreetmap.org/node/6847273180,https://www.thetraffic.in/data/surveillance_cameras.v1.json,ODbL-1.0
node/9912823315,,13.0427368,77.5900841,2276,3281,True,public,camera,,2022-07-23,2022-07-26T16:21:47Z,2026-09-09T04:20:20Z,candidate-public-outdoor,unknown,https://www.openstreetmap.org/node/9912823315,https://www.thetraffic.in/data/surveillance_cameras.v1.json,ODbL-1.0
node/10129644535,,13.0435991,77.6040228,2394,1783,True,public,camera,270,2022-10-23,2022-10-26T06:37:37Z,2026-09-09T04:20:20Z,candidate-public-outdoor,unknown,https://www.openstreetmap.org/node/10129644535,https://www.thetraffic.in/data/surveillance_cameras.v1.json,ODbL-1.0
node/10129644536,,13.0435873,77.6040416,2396,1782,True,public,camera,180,2022-10-23,2022-10-26T06:37:37Z,2026-09-09T04:20:20Z,candidate-public-outdoor,unknown,https://www.openstreetmap.org/node/10129644536,https://www.thetraffic.in/data/surveillance_cameras.v1.json,ODbL-1.0
node/10129644537,,13.0435952,77.6040597,2396,1780,True,public,camera,90,2022-10-23,2022-10-26T06:37:37Z,2026-09-09T04:20:20Z,candidate-public-outdoor,unknown,https://www.openstreetmap.org/node/10129644537,https://www.thetraffic.in/data/surveillance_cameras.v1.json,ODbL-1.0
node/12450996661,,13.0393501,77.5892501,2663,3452,True,public,camera,,,2024-12-25T12:08:17Z,2026-09-09T04:20:20Z,candidate-public-outdoor,unknown,https://www.openstreetmap.org/node/12450996661,https://www.thetraffic.in/data/surveillance_cameras.v1.json,ODbL-1.0
node/11917970517,,13.0465211,77.5755177,2708,4814,True,public,camera,90,,2024-05-19T15:22:47Z,2026-09-09T04:20:20Z,candidate-public-outdoor,unknown,https://www.openstreetmap.org/node/11917970517,https://www.thetraffic.in/data/surveillance_cameras.v1.json,ODbL-1.0
node/11917970516,,13.0465335,77.5754955,2709,4816,True,public,camera,20,,2024-05-19T15:22:47Z,2026-09-09T04:20:20Z,candidate-public-outdoor,unknown,https://www.openstreetmap.org/node/11917970516,https://www.thetraffic.in/data/surveillance_cameras.v1.json,ODbL-1.0
node/11917970515,,13.0465152,77.5754882,2711,4817,True,public,camera,200,,2024-05-19T15:22:47Z,2026-09-09T04:20:20Z,candidate-public-outdoor,unknown,https://www.openstreetmap.org/node/11917970515,https://www.thetraffic.in/data/surveillance_cameras.v1.json,ODbL-1.0
node/7223109334,,13.0386004,77.589447,2740,3454,True,public,camera,,2022-12-15,2022-12-18T18:36:42Z,2026-09-09T04:20:20Z,candidate-public-outdoor,unknown,https://www.openstreetmap.org/node/7223109334,https://www.thetraffic.in/data/surveillance_cameras.v1.json,ODbL-1.0
node/9532893842,,13.0385788,77.5890823,2750,3493,True,public,camera,,,2023-07-05T12:43:05Z,2026-09-09T04:20:20Z,candidate-public-outdoor,unknown,https://www.openstreetmap.org/node/9532893842,https://www.thetraffic.in/data/surveillance_cameras.v1.json,ODbL-1.0
node/9780937765,,13.0378112,77.5895168,2825,3474,True,public,camera,,2022-05-29,2022-05-30T06:42:51Z,2026-09-09T04:20:20Z,candidate-public-outdoor,unknown,https://www.openstreetmap.org/node/9780937765,https://www.thetraffic.in/data/surveillance_cameras.v1.json,ODbL-1.0
node/7223109333,,13.0363858,77.5894135,2983,3538,True,public,camera,,2022-12-15,2022-12-18T18:36:43Z,2026-09-09T04:20:20Z,candidate-public-outdoor,unknown,https://www.openstreetmap.org/node/7223109333,https://www.thetraffic.in/data/surveillance_cameras.v1.json,ODbL-1.0
node/11917495172,,13.0423401,77.6119023,2985,1055,True,public,camera,73,,2024-05-19T09:18:55Z,2026-09-09T04:20:20Z,candidate-public-outdoor,unknown,https://www.openstreetmap.org/node/11917495172,https://www.thetraffic.in/data/surveillance_cameras.v1.json,ODbL-1.0
node/11446065250,,13.089683,77.5939907,2986,5449,True,public,camera,180,,2023-12-23T11:45:15Z,2026-09-09T04:20:20Z,candidate-public-outdoor,unknown,https://www.openstreetmap.org/node/11446065250,https://www.thetraffic.in/data/surveillance_cameras.v1.json,ODbL-1.0
node/11446065251,,13.0896908,77.5940363,2987,5448,True,public,camera,0,,2023-12-23T11:45:15Z,2026-09-09T04:20:20Z,candidate-public-outdoor,unknown,https://www.openstreetmap.org/node/11446065251,https://www.thetraffic.in/data/surveillance_cameras.v1.json,ODbL-1.0
node/9737576021,,13.0352535,77.590211,3095,3505,True,,,,,2022-05-13T11:57:34Z,2026-09-09T04:20:20Z,excluded-non-camera,unknown,https://www.openstreetmap.org/node/9737576021,https://www.thetraffic.in/data/surveillance_cameras.v1.json,ODbL-1.0
node/9739698925,,13.0350192,77.5906766,3114,3469,True,outdoor,camera,,2022-05-13,2022-05-14T14:05:20Z,2026-09-09T04:20:20Z,candidate-public-outdoor,unknown,https://www.openstreetmap.org/node/9739698925,https://www.thetraffic.in/data/surveillance_cameras.v1.json,ODbL-1.0
node/9912846638,,13.04703,77.5686184,3271,5560,True,public,camera,20,2022-07-23,2022-07-26T16:21:47Z,2026-09-09T04:20:20Z,candidate-public-outdoor,unknown,https://www.openstreetmap.org/node/9912846638,https://www.thetraffic.in/data/surveillance_cameras.v1.json,ODbL-1.0
node/9912846639,,13.0470012,77.568617,3273,5560,True,public,camera,160,2022-07-23,2022-07-26T16:21:47Z,2026-09-09T04:20:20Z,candidate-public-outdoor,unknown,https://www.openstreetmap.org/node/9912846639,https://www.thetraffic.in/data/surveillance_cameras.v1.json,ODbL-1.0
node/9739697626,,13.0335448,77.5883828,3314,3763,True,,camera,,2022-05-13,2022-05-14T14:05:21Z,2026-09-09T04:20:20Z,review-access-unknown,unknown,https://www.openstreetmap.org/node/9739697626,https://www.thetraffic.in/data/surveillance_cameras.v1.json,ODbL-1.0
node/11818047236,,13.0924493,77.5873335,3374,6102,True,,camera,,,2024-08-23T03:54:42Z,2026-09-09T04:20:20Z,review-access-unknown,unknown,https://www.openstreetmap.org/node/11818047236,https://www.thetraffic.in/data/surveillance_cameras.v1.json,ODbL-1.0
node/12128943934,,13.0924454,77.5872884,3375,6105,True,,camera,,,2024-08-23T03:54:42Z,2026-09-09T04:20:20Z,review-access-unknown,unknown,https://www.openstreetmap.org/node/12128943934,https://www.thetraffic.in/data/surveillance_cameras.v1.json,ODbL-1.0
node/12128921247,,13.0924273,77.5871327,3377,6113,True,,camera,,,2024-08-23T03:54:44Z,2026-09-09T04:20:20Z,review-access-unknown,unknown,https://www.openstreetmap.org/node/12128921247,https://www.thetraffic.in/data/surveillance_cameras.v1.json,ODbL-1.0
node/12128943935,,13.0925612,77.5866792,3402,6153,True,public,camera,,,2024-09-18T14:56:11Z,2026-09-09T04:20:20Z,candidate-public-outdoor,unknown,https://www.openstreetmap.org/node/12128943935,https://www.thetraffic.in/data/surveillance_cameras.v1.json,ODbL-1.0
node/11446069140,,13.0925194,77.5860039,3416,6193,True,private,camera,5,,2023-12-23T11:50:51Z,2026-09-09T04:20:20Z,excluded-private-or-indoor,unknown,https://www.openstreetmap.org/node/11446069140,https://www.thetraffic.in/data/surveillance_cameras.v1.json,ODbL-1.0
node/11446069141,,13.0925306,77.5859225,3419,6199,True,private,camera,63,,2023-12-23T11:50:51Z,2026-09-09T04:20:20Z,excluded-private-or-indoor,unknown,https://www.openstreetmap.org/node/11446069141,https://www.thetraffic.in/data/surveillance_cameras.v1.json,ODbL-1.0
node/11446070470,,13.0936096,77.5897019,3456,6065,True,public,camera,341,,2023-12-23T11:43:02Z,2026-09-09T04:20:20Z,candidate-public-outdoor,unknown,https://www.openstreetmap.org/node/11446070470,https://www.thetraffic.in/data/surveillance_cameras.v1.json,ODbL-1.0
node/11446070471,,13.0936128,77.5897186,3456,6065,True,public,camera,341,,2023-12-23T11:43:02Z,2026-09-09T04:20:20Z,candidate-public-outdoor,unknown,https://www.openstreetmap.org/node/11446070471,https://www.thetraffic.in/data/surveillance_cameras.v1.json,ODbL-1.0
node/12250676871,,13.0939976,77.5888052,3513,6154,True,,camera,,,2024-10-14T15:13:11Z,2026-09-09T04:20:20Z,review-access-unknown,unknown,https://www.openstreetmap.org/node/12250676871,https://www.thetraffic.in/data/surveillance_cameras.v1.json,ODbL-1.0
node/11917495169,,13.0407762,77.6187731,3628,780,True,public,camera,298,,2024-05-19T09:18:55Z,2026-09-09T04:20:20Z,candidate-public-outdoor,unknown,https://www.openstreetmap.org/node/11917495169,https://www.thetraffic.in/data/surveillance_cameras.v1.json,ODbL-1.0
node/11917495170,,13.0407547,77.6188151,3633,781,True,public,camera,116,,2024-05-19T09:18:55Z,2026-09-09T04:20:20Z,candidate-public-outdoor,unknown,https://www.openstreetmap.org/node/11917495170,https://www.thetraffic.in/data/surveillance_cameras.v1.json,ODbL-1.0
node/11932321841,,13.05879,77.5592259,3803,6691,True,public,camera,14,,2024-05-25T05:17:21Z,2026-09-09T04:20:20Z,candidate-public-outdoor,unknown,https://www.openstreetmap.org/node/11932321841,https://www.thetraffic.in/data/surveillance_cameras.v1.json,ODbL-1.0
node/7216398517,,13.0413441,77.6214887,3810,726,True,public,camera,,,2020-02-16T13:32:30Z,2026-09-09T04:20:20Z,candidate-public-outdoor,unknown,https://www.openstreetmap.org/node/7216398517,https://www.thetraffic.in/data/surveillance_cameras.v1.json,ODbL-1.0
node/7216398516,,13.0413304,77.621488,3811,728,True,public,camera,,,2020-02-16T13:32:30Z,2026-09-09T04:20:20Z,candidate-public-outdoor,unknown,https://www.openstreetmap.org/node/7216398516,https://www.thetraffic.in/data/surveillance_cameras.v1.json,ODbL-1.0
node/11932321162,,13.0972318,77.5919903,3832,6285,True,public,camera,136,,2024-05-25T05:39:57Z,2026-09-09T04:20:20Z,candidate-public-outdoor,unknown,https://www.openstreetmap.org/node/11932321162,https://www.thetraffic.in/data/surveillance_cameras.v1.json,ODbL-1.0
node/11932321161,,13.0972479,77.59197,3834,6288,True,public,camera,315,,2024-05-25T05:39:57Z,2026-09-09T04:20:20Z,candidate-public-outdoor,unknown,https://www.openstreetmap.org/node/11932321161,https://www.thetraffic.in/data/surveillance_cameras.v1.json,ODbL-1.0
node/9751919318,,13.0290931,77.5864523,3841,4176,True,public,camera,,2022-05-18,2022-05-30T06:42:51Z,2026-09-09T04:20:20Z,candidate-public-outdoor,unknown,https://www.openstreetmap.org/node/9751919318,https://www.thetraffic.in/data/surveillance_cameras.v1.json,ODbL-1.0
node/9751944117,,13.0291027,77.5864282,3841,4178,True,public,camera,,2022-05-18,2022-05-30T06:42:51Z,2026-09-09T04:20:20Z,candidate-public-outdoor,unknown,https://www.openstreetmap.org/node/9751944117,https://www.thetraffic.in/data/surveillance_cameras.v1.json,ODbL-1.0
node/9751944217,,13.0290986,77.5864384,3841,4177,True,public,camera,,2022-05-18,2022-05-30T06:42:51Z,2026-09-09T04:20:20Z,candidate-public-outdoor,unknown,https://www.openstreetmap.org/node/9751944217,https://www.thetraffic.in/data/surveillance_cameras.v1.json,ODbL-1.0
node/10574709768,,13.0413366,77.6222977,3879,752,True,public,camera,,,2023-01-22T16:55:13Z,2026-09-09T04:20:20Z,candidate-public-outdoor,unknown,https://www.openstreetmap.org/node/10574709768,https://www.thetraffic.in/data/surveillance_cameras.v1.json,ODbL-1.0
node/10574709769,,13.0413545,77.6223055,3879,750,True,public,camera,270,,2023-01-22T16:55:13Z,2026-09-09T04:20:20Z,candidate-public-outdoor,unknown,https://www.openstreetmap.org/node/10574709769,https://www.thetraffic.in/data/surveillance_cameras.v1.json,ODbL-1.0
node/9780937766,,13.0286784,77.586329,3889,4211,True,public,camera,,2022-05-29,2022-05-30T06:42:51Z,2026-09-09T04:20:20Z,candidate-public-outdoor,unknown,https://www.openstreetmap.org/node/9780937766,https://www.thetraffic.in/data/surveillance_cameras.v1.json,ODbL-1.0
node/11445670104,,13.094497,77.5785361,3904,6870,True,private,viewpoint,88,,2023-12-23T05:42:50Z,2026-09-09T04:20:20Z,excluded-private-or-indoor,unknown,https://www.openstreetmap.org/node/11445670104,https://www.thetraffic.in/data/surveillance_cameras.v1.json,ODbL-1.0
node/11445576365,,13.0948509,77.5789484,3920,6871,True,private,viewpoint,20,,2023-12-23T05:44:17Z,2026-09-09T04:20:20Z,excluded-private-or-indoor,unknown,https://www.openstreetmap.org/node/11445576365,https://www.thetraffic.in/data/surveillance_cameras.v1.json,ODbL-1.0
node/11445740288,,13.0949128,77.5790265,3923,6870,True,private,viewpoint,311,,2023-12-23T05:45:12Z,2026-09-09T04:20:20Z,excluded-private-or-indoor,unknown,https://www.openstreetmap.org/node/11445740288,https://www.thetraffic.in/data/surveillance_cameras.v1.json,ODbL-1.0
node/11758205605,,13.0980223,77.5908787,3929,6420,True,public,camera,233,,2024-03-24T13:55:39Z,2026-09-09T04:20:20Z,candidate-public-outdoor,unknown,https://www.openstreetmap.org/node/11758205605,https://www.thetraffic.in/data/surveillance_cameras.v1.json,ODbL-1.0
node/11758205606,,13.0980326,77.5908777,3930,6421,True,public,camera,323,,2024-03-24T13:55:39Z,2026-09-09T04:20:20Z,candidate-public-outdoor,unknown,https://www.openstreetmap.org/node/11758205606,https://www.thetraffic.in/data/surveillance_cameras.v1.json,ODbL-1.0
node/11445707391,,13.0953024,77.5796458,3935,6861,True,public,camera,326,,2023-12-24T13:42:22Z,2026-09-09T04:20:20Z,candidate-public-outdoor,unknown,https://www.openstreetmap.org/node/11445707391,https://www.thetraffic.in/data/surveillance_cameras.v1.json,ODbL-1.0
node/11445707392,,13.0953017,77.5796458,3935,6861,True,public,camera,132,,2023-12-24T13:42:22Z,2026-09-09T04:20:20Z,candidate-public-outdoor,unknown,https://www.openstreetmap.org/node/11445707392,https://www.thetraffic.in/data/surveillance_cameras.v1.json,ODbL-1.0
node/11445751387,,13.095169,77.5792401,3940,6877,True,private,viewpoint,41,,2023-12-23T05:46:54Z,2026-09-09T04:20:20Z,excluded-private-or-indoor,unknown,https://www.openstreetmap.org/node/11445751387,https://www.thetraffic.in/data/surveillance_cameras.v1.json,ODbL-1.0
node/11445751388,,13.0952013,77.5792706,3941,6878,True,private,viewpoint,230,,2023-12-23T05:46:54Z,2026-09-09T04:20:20Z,excluded-private-or-indoor,unknown,https://www.openstreetmap.org/node/11445751388,https://www.thetraffic.in/data/surveillance_cameras.v1.json,ODbL-1.0
node/11445747973,,13.0947003,77.5781421,3943,6915,True,private,viewpoint,48,,2023-12-23T05:39:50Z,2026-09-09T04:20:20Z,excluded-private-or-indoor,unknown,https://www.openstreetmap.org/node/11445747973,https://www.thetraffic.in/data/surveillance_cameras.v1.json,ODbL-1.0
node/9689737174,,13.0276614,77.5877477,3970,4138,True,,,,,2022-04-24T14:01:31Z,2026-09-09T04:20:20Z,excluded-non-camera,unknown,https://www.openstreetmap.org/node/9689737174,https://www.thetraffic.in/data/surveillance_cameras.v1.json,ODbL-1.0
node/9689732925,,13.0276902,77.5875521,3971,4154,True,,,,,2022-04-24T14:01:33Z,2026-09-09T04:20:20Z,excluded-non-camera,unknown,https://www.openstreetmap.org/node/9689732925,https://www.thetraffic.in/data/surveillance_cameras.v1.json,ODbL-1.0
node/11445700715,,13.0956139,77.5794154,3977,6903,True,outdoor,camera,315,,2023-12-23T05:33:53Z,2026-09-09T04:20:20Z,candidate-public-outdoor,unknown,https://www.openstreetmap.org/node/11445700715,https://www.thetraffic.in/data/surveillance_cameras.v1.json,ODbL-1.0
node/11445728397,,13.095848,77.5798935,3981,6891,True,private,viewpoint,335,,2023-12-23T05:52:25Z,2026-09-09T04:20:20Z,excluded-private-or-indoor,unknown,https://www.openstreetmap.org/node/11445728397,https://www.thetraffic.in/data/surveillance_cameras.v1.json,ODbL-1.0
node/9689713358,,13.0275518,77.5875247,3986,4165,True,,,,,2022-04-24T14:01:33Z,2026-09-09T04:20:20Z,excluded-non-camera,unknown,https://www.openstreetmap.org/node/9689713358,https://www.thetraffic.in/data/surveillance_cameras.v1.json,ODbL-1.0
node/9689723752,,13.0275074,77.5877212,3987,4150,True,,,,,2022-04-24T14:01:32Z,2026-09-09T04:20:20Z,excluded-non-camera,unknown,https://www.openstreetmap.org/node/9689723752,https://www.thetraffic.in/data/surveillance_cameras.v1.json,ODbL-1.0
node/9689740318,,13.0275463,77.5875364,3987,4164,True,,,,,2022-04-24T14:01:13Z,2026-09-09T04:20:20Z,excluded-non-camera,unknown,https://www.openstreetmap.org/node/9689740318,https://www.thetraffic.in/data/surveillance_cameras.v1.json,ODbL-1.0
node/6847308501,,13.0357502,77.6182291,3988,1341,True,outdoor,camera,,,2019-10-03T12:03:55Z,2026-09-09T04:20:20Z,candidate-public-outdoor,unknown,https://www.openstreetmap.org/node/6847308501,https://www.thetraffic.in/data/surveillance_cameras.v1.json,ODbL-1.0
node/7192983656,,13.0459459,77.626595,3990,747,True,,,,,2020-02-07T11:46:15Z,2026-09-09T04:20:20Z,excluded-non-camera,unknown,https://www.openstreetmap.org/node/7192983656,https://www.thetraffic.in/data/surveillance_cameras.v1.json,ODbL-1.0
node/11445514999,,13.0949265,77.5775663,3993,6975,True,outdoor,camera,264,,2023-12-23T05:15:45Z,2026-09-09T04:20:20Z,candidate-public-outdoor,unknown,https://www.openstreetmap.org/node/11445514999,https://www.thetraffic.in/data/surveillance_cameras.v1.json,ODbL-1.0
node/11445515000,,13.0949311,77.5775615,3994,6975,True,outdoor,camera,47,,2023-12-23T05:15:45Z,2026-09-09T04:20:20Z,candidate-public-outdoor,unknown,https://www.openstreetmap.org/node/11445515000,https://www.thetraffic.in/data/surveillance_cameras.v1.json,ODbL-1.0
node/11458706965,,13.0984913,77.5986424,3996,6101,True,outdoor,camera,48,,2023-12-27T04:58:52Z,2026-09-09T04:20:20Z,candidate-public-outdoor,unknown,https://www.openstreetmap.org/node/11458706965,https://www.thetraffic.in/data/surveillance_cameras.v1.json,ODbL-1.0
node/11445719597,,13.0948315,77.5768176,4020,7020,True,private,viewpoint,180,,2023-12-23T05:21:47Z,2026-09-09T04:20:20Z,excluded-private-or-indoor,unknown,https://www.openstreetmap.org/node/11445719597,https://www.thetraffic.in/data/surveillance_cameras.v1.json,ODbL-1.0
node/11445719598,,13.0948249,77.5767714,4022,7023,True,private,viewpoint,83,,2023-12-23T05:21:47Z,2026-09-09T04:20:20Z,excluded-private-or-indoor,unknown,https://www.openstreetmap.org/node/11445719598,https://www.thetraffic.in/data/surveillance_cameras.v1.json,ODbL-1.0
node/11445719599,,13.0948316,77.5767716,4023,7024,True,private,viewpoint,358,,2023-12-23T05:21:47Z,2026-09-09T04:20:20Z,excluded-private-or-indoor,unknown,https://www.openstreetmap.org/node/11445719599,https://www.thetraffic.in/data/surveillance_cameras.v1.json,ODbL-1.0
node/11445719600,,13.0948284,77.5767659,4023,7024,True,private,viewpoint,355,,2023-12-23T05:21:47Z,2026-09-09T04:20:20Z,excluded-private-or-indoor,unknown,https://www.openstreetmap.org/node/11445719600,https://www.thetraffic.in/data/surveillance_cameras.v1.json,ODbL-1.0
node/11445432141,,13.0968547,77.5808992,4044,6911,True,private,viewpoint,314,,2023-12-23T05:54:40Z,2026-09-09T04:20:20Z,excluded-private-or-indoor,unknown,https://www.openstreetmap.org/node/11445432141,https://www.thetraffic.in/data/surveillance_cameras.v1.json,ODbL-1.0
node/11445720781,,13.0948347,77.5761299,4056,7070,True,private,viewpoint,89,,2023-12-23T05:23:44Z,2026-09-09T04:20:20Z,excluded-private-or-indoor,unknown,https://www.openstreetmap.org/node/11445720781,https://www.thetraffic.in/data/surveillance_cameras.v1.json,ODbL-1.0
node/11932339744,,13.0992708,77.5972731,4067,6238,True,public,camera,,,2024-05-25T05:54:57Z,2026-09-09T04:20:20Z,candidate-public-outdoor,unknown,https://www.openstreetmap.org/node/11932339744,https://www.thetraffic.in/data/surveillance_cameras.v1.json,ODbL-1.0
node/11462973026,,13.0270356,77.5858011,4080,4354,True,outdoor,camera,20,,2023-12-28T14:58:09Z,2026-09-09T04:20:20Z,candidate-public-outdoor,unknown,https://www.openstreetmap.org/node/11462973026,https://www.thetraffic.in/data/surveillance_cameras.v1.json,ODbL-1.0
node/11462973024,,13.0270261,77.5858109,4081,4353,True,outdoor,camera,100,,2023-12-28T14:58:09Z,2026-09-09T04:20:20Z,candidate-public-outdoor,unknown,https://www.openstreetmap.org/node/11462973024,https://www.thetraffic.in/data/surveillance_cameras.v1.json,ODbL-1.0
node/11462973025,,13.0270165,77.5857931,4082,4356,True,outdoor,camera,290,,2023-12-28T14:58:09Z,2026-09-09T04:20:20Z,candidate-public-outdoor,unknown,https://www.openstreetmap.org/node/11462973025,https://www.thetraffic.in/data/surveillance_cameras.v1.json,ODbL-1.0
node/13481115100,,13.0263757,77.5886517,4096,4136,True,,camera,263,,2026-01-24T05:14:42Z,2026-09-09T04:20:20Z,review-access-unknown,unknown,https://www.openstreetmap.org/node/13481115100,https://www.thetraffic.in/data/surveillance_cameras.v1.json,ODbL-1.0
node/13481212001,,13.0263702,77.5886631,4096,4136,True,,camera,133,,2026-01-24T05:14:42Z,2026-09-09T04:20:20Z,review-access-unknown,unknown,https://www.openstreetmap.org/node/13481212001,https://www.thetraffic.in/data/surveillance_cameras.v1.json,ODbL-1.0
node/13481212002,,13.0263513,77.5887203,4097,4132,True,,camera,192,,2026-01-24T05:14:42Z,2026-09-09T04:20:20Z,review-access-unknown,unknown,https://www.openstreetmap.org/node/13481212002,https://www.thetraffic.in/data/surveillance_cameras.v1.json,ODbL-1.0
node/11445725121,,13.0976855,77.5817275,4101,6930,True,private,viewpoint,255,,2023-12-23T05:58:52Z,2026-09-09T04:20:20Z,excluded-private-or-indoor,unknown,https://www.openstreetmap.org/node/11445725121,https://www.thetraffic.in/data/surveillance_cameras.v1.json,ODbL-1.0
node/11932360076,,13.0991527,77.5875273,4101,6713,True,public,camera,156,,2024-05-25T05:39:57Z,2026-09-09T04:20:20Z,candidate-public-outdoor,unknown,https://www.openstreetmap.org/node/11932360076,https://www.thetraffic.in/data/surveillance_cameras.v1.json,ODbL-1.0
node/11932360092,,13.0991652,77.5875026,4103,6715,True,public,camera,253,,2024-05-25T05:39:57Z,2026-09-09T04:20:20Z,candidate-public-outdoor,unknown,https://www.openstreetmap.org/node/11932360092,https://www.thetraffic.in/data/surveillance_cameras.v1.json,ODbL-1.0
node/10731125348,,13.0475467,77.6285805,4104,936,True,public,camera,,,2023-03-12T17:58:14Z,2026-09-09T04:20:20Z,candidate-public-outdoor,unknown,https://www.openstreetmap.org/node/10731125348,https://www.thetraffic.in/data/surveillance_cameras.v1.json,ODbL-1.0
node/11932321165,,13.0991735,77.5875252,4104,6715,True,public,camera,,,2024-05-25T05:39:57Z,2026-09-09T04:20:20Z,candidate-public-outdoor,unknown,https://www.openstreetmap.org/node/11932321165,https://www.thetraffic.in/data/surveillance_cameras.v1.json,ODbL-1.0
node/9197334701,,13.030637,77.5755371,4105,5171,True,public,camera,180,,2021-10-24T11:52:10Z,2026-09-09T04:20:20Z,candidate-public-outdoor,unknown,https://www.openstreetmap.org/node/9197334701,https://www.thetraffic.in/data/surveillance_cameras.v1.json,ODbL-1.0
node/9197334700,,13.030637,77.575525,4106,5172,True,public,camera,270,,2021-10-24T11:52:10Z,2026-09-09T04:20:20Z,candidate-public-outdoor,unknown,https://www.openstreetmap.org/node/9197334700,https://www.thetraffic.in/data/surveillance_cameras.v1.json,ODbL-1.0
node/13481187485,,13.0264423,77.5876211,4106,4224,True,,camera,93,,2026-01-24T05:06:49Z,2026-09-09T04:20:20Z,review-access-unknown,unknown,https://www.openstreetmap.org/node/13481187485,https://www.thetraffic.in/data/surveillance_cameras.v1.json,ODbL-1.0
node/13481187486,,13.0264235,77.5876818,4107,4220,True,,camera,282,,2026-01-24T05:06:49Z,2026-09-09T04:20:20Z,review-access-unknown,unknown,https://www.openstreetmap.org/node/13481187486,https://www.thetraffic.in/data/surveillance_cameras.v1.json,ODbL-1.0
node/13481187937,,13.0264009,77.5877268,4109,4217,True,,camera,97,,2026-01-24T05:07:22Z,2026-09-09T04:20:20Z,review-access-unknown,unknown,https://www.openstreetmap.org/node/13481187937,https://www.thetraffic.in/data/surveillance_cameras.v1.json,ODbL-1.0
node/12794021991,,13.0707342,77.5569913,4113,7284,True,public,camera,100,,2025-04-28T06:13:11Z,2026-09-09T04:20:20Z,candidate-public-outdoor,unknown,https://www.openstreetmap.org/node/12794021991,https://www.thetraffic.in/data/surveillance_cameras.v1.json,ODbL-1.0
node/12794021992,,13.0707373,77.5569913,4113,7284,True,public,camera,10,,2025-04-28T06:13:11Z,2026-09-09T04:20:20Z,candidate-public-outdoor,unknown,https://www.openstreetmap.org/node/12794021992,https://www.thetraffic.in/data/surveillance_cameras.v1.json,ODbL-1.0
node/12794021989,,13.0707368,77.5569885,4114,7284,True,public,camera,280,,2025-04-28T06:13:11Z,2026-09-09T04:20:20Z,candidate-public-outdoor,unknown,https://www.openstreetmap.org/node/12794021989,https://www.thetraffic.in/data/surveillance_cameras.v1.json,ODbL-1.0
node/12794021990,,13.0707338,77.5569888,4114,7284,True,public,camera,190\,,2025-04-28T06:13:11Z,2026-09-09T04:20:20Z,candidate-public-outdoor,unknown,https://www.openstreetmap.org/node/12794021990,https://www.thetraffic.in/data/surveillance_cameras.v1.json,ODbL-1.0
node/13481165561,,13.0262685,77.5882381,4114,4180,True,,camera,283,,2026-01-24T05:10:14Z,2026-09-09T04:20:20Z,review-access-unknown,unknown,https://www.openstreetmap.org/node/13481165561,https://www.thetraffic.in/data/surveillance_cameras.v1.json,ODbL-1.0
node/13481165562,,13.0262599,77.5882557,4115,4179,True,,camera,109,,2026-01-24T05:10:14Z,2026-09-09T04:20:20Z,review-access-unknown,unknown,https://www.openstreetmap.org/node/13481165562,https://www.thetraffic.in/data/surveillance_cameras.v1.json,ODbL-1.0
node/13481212003,,13.0261904,77.588645,4116,4149,True,,camera,284,,2026-01-24T05:14:42Z,2026-09-09T04:20:20Z,review-access-unknown,unknown,https://www.openstreetmap.org/node/13481212003,https://www.thetraffic.in/data/surveillance_cameras.v1.json,ODbL-1.0
node/13481212004,,13.0262012,77.5885986,4116,4152,True,,camera,87,,2026-01-24T05:14:42Z,2026-09-09T04:20:20Z,review-access-unknown,unknown,https://www.openstreetmap.org/node/13481212004,https://www.thetraffic.in/data/surveillance_cameras.v1.json,ODbL-1.0
node/11445732047,,13.097785,77.5814885,4120,6954,True,private,viewpoint,75,,2023-12-23T05:58:21Z,2026-09-09T04:20:20Z,excluded-private-or-indoor,unknown,https://www.openstreetmap.org/node/11445732047,https://www.thetraffic.in/data/surveillance_cameras.v1.json,ODbL-1.0
node/13481187484,,13.0263453,77.5873896,4121,4251,True,,camera,45,,2026-01-24T05:06:49Z,2026-09-09T04:20:20Z,review-access-unknown,unknown,https://www.openstreetmap.org/node/13481187484,https://www.thetraffic.in/data/surveillance_cameras.v1.json,ODbL-1.0
node/11917452867,,13.0401421,77.6241888,4122,958,True,public,camera,323,,2024-05-19T09:18:55Z,2026-09-09T04:20:20Z,candidate-public-outdoor,unknown,https://www.openstreetmap.org/node/11917452867,https://www.thetraffic.in/data/surveillance_cameras.v1.json,ODbL-1.0
node/11917452862,,13.0474225,77.6287191,4124,952,True,public,camera,23,,2024-05-19T09:18:55Z,2026-09-09T04:20:20Z,candidate-public-outdoor,unknown,https://www.openstreetmap.org/node/11917452862,https://www.thetraffic.in/data/surveillance_cameras.v1.json,ODbL-1.0
node/11917452864,,13.0474144,77.6287153,4124,951,True,public,camera,299,,2024-05-19T09:18:55Z,2026-09-09T04:20:20Z,candidate-public-outdoor,unknown,https://www.openstreetmap.org/node/11917452864,https://www.thetraffic.in/data/surveillance_cameras.v1.json,ODbL-1.0
node/11917452868,,13.040128,77.6241941,4124,960,True,public,camera,143,,2024-05-19T09:18:55Z,2026-09-09T04:20:20Z,candidate-public-outdoor,unknown,https://www.openstreetmap.org/node/11917452868,https://www.thetraffic.in/data/surveillance_cameras.v1.json,ODbL-1.0
node/11917452863,,13.047422,77.6287276,4125,953,True,public,camera,103,,2024-05-19T09:18:55Z,2026-09-09T04:20:20Z,candidate-public-outdoor,unknown,https://www.openstreetmap.org/node/11917452863,https://www.thetraffic.in/data/surveillance_cameras.v1.json,ODbL-1.0
node/11445755475,,13.0981572,77.5822966,4131,6936,True,outdoor,traffic,129,,2023-12-23T06:02:52Z,2026-09-09T04:20:20Z,excluded-non-camera,unknown,https://www.openstreetmap.org/node/11445755475,https://www.thetraffic.in/data/surveillance_cameras.v1.json,ODbL-1.0
node/11445755474,,13.0981686,77.5822886,4132,6937,True,outdoor,traffic,314,,2023-12-23T06:02:52Z,2026-09-09T04:20:20Z,excluded-non-camera,unknown,https://www.openstreetmap.org/node/11445755474,https://www.thetraffic.in/data/surveillance_cameras.v1.json,ODbL-1.0
node/11445755473,,13.0980845,77.5818665,4138,6957,True,private,viewpoint,226,,2023-12-23T06:02:07Z,2026-09-09T04:20:20Z,excluded-private-or-indoor,unknown,https://www.openstreetmap.org/node/11445755473,https://www.thetraffic.in/data/surveillance_cameras.v1.json,ODbL-1.0
node/11917452865,,13.0401848,77.6244612,4143,968,True,public,camera,315,,2024-05-19T09:18:55Z,2026-09-09T04:20:20Z,candidate-public-outdoor,unknown,https://www.openstreetmap.org/node/11917452865,https://www.thetraffic.in/data/surveillance_cameras.v1.json,ODbL-1.0
node/11917452866,,13.0401616,77.6244713,4145,971,True,public,camera,147,,2024-05-19T09:18:55Z,2026-09-09T04:20:20Z,candidate-public-outdoor,unknown,https://www.openstreetmap.org/node/11917452866,https://www.thetraffic.in/data/surveillance_cameras.v1.json,ODbL-1.0
node/11445519747,,13.0983853,77.5823688,4153,6952,True,private,viewpoint,261,,2023-12-23T06:04:03Z,2026-09-09T04:20:20Z,excluded-private-or-indoor,unknown,https://www.openstreetmap.org/node/11445519747,https://www.thetraffic.in/data/surveillance_cameras.v1.json,ODbL-1.0
node/10731125351,,13.0504875,77.630346,4160,1169,True,public,camera,180,,2023-03-12T17:58:14Z,2026-09-09T04:20:20Z,candidate-public-outdoor,unknown,https://www.openstreetmap.org/node/10731125351,https://www.thetraffic.in/data/surveillance_cameras.v1.json,ODbL-1.0
node/10731125352,,13.0504849,77.6303702,4163,1172,True,public,camera,90,,2023-03-12T17:58:14Z,2026-09-09T04:20:20Z,candidate-public-outdoor,unknown,https://www.openstreetmap.org/node/10731125352,https://www.thetraffic.in/data/surveillance_cameras.v1.json,ODbL-1.0
node/11445466247,,13.0760006,77.5581017,4164,7401,True,public,camera,197,,2023-12-23T02:37:01Z,2026-09-09T04:20:20Z,candidate-public-outdoor,unknown,https://www.openstreetmap.org/node/11445466247,https://www.thetraffic.in/data/surveillance_cameras.v1.json,ODbL-1.0
node/11917452861,,13.0493186,77.6299442,4164,1099,True,public,camera,279,,2024-05-19T09:18:55Z,2026-09-09T04:20:20Z,candidate-public-outdoor,unknown,https://www.openstreetmap.org/node/11917452861,https://www.thetraffic.in/data/surveillance_cameras.v1.json,ODbL-1.0
node/11445466248,,13.0760297,77.5581061,4165,7402,True,public,camera,15,,2023-12-23T02:37:01Z,2026-09-09T04:20:20Z,candidate-public-outdoor,unknown,https://www.openstreetmap.org/node/11445466248,https://www.thetraffic.in/data/surveillance_cameras.v1.json,ODbL-1.0
node/13481183022,,13.025739,77.5886196,4166,4180,True,,camera,1,,2026-01-24T05:17:10Z,2026-09-09T04:20:20Z,review-access-unknown,unknown,https://www.openstreetmap.org/node/13481183022,https://www.thetraffic.in/data/surveillance_cameras.v1.json,ODbL-1.0
node/11917452860,,13.0493302,77.6299733,4167,1102,True,public,camera,23,,2024-05-19T09:18:55Z,2026-09-09T04:20:20Z,candidate-public-outdoor,unknown,https://www.openstreetmap.org/node/11917452860,https://www.thetraffic.in/data/surveillance_cameras.v1.json,ODbL-1.0
node/13481200656,,13.0256311,77.5888857,4174,4164,True,,camera,9,,2026-01-24T05:21:11Z,2026-09-09T04:20:20Z,review-access-unknown,unknown,https://www.openstreetmap.org/node/13481200656,https://www.thetraffic.in/data/surveillance_cameras.v1.json,ODbL-1.0
node/6916640064,,13.0370131,77.5660125,4182,5961,True,public,camera,,,2019-10-28T07:49:46Z,2026-09-09T04:20:20Z,candidate-public-outdoor,unknown,https://www.openstreetmap.org/node/6916640064,https://www.thetraffic.in/data/surveillance_cameras.v1.json,ODbL-1.0
node/11932321839,,13.0509389,77.557404,4188,6784,True,public,camera,352,,2024-05-25T05:17:21Z,2026-09-09T04:20:20Z,candidate-public-outdoor,unknown,https://www.openstreetmap.org/node/11932321839,https://www.thetraffic.in/data/surveillance_cameras.v1.json,ODbL-1.0
node/11932321838,,13.0509002,77.5574002,4190,6784,True,public,camera,176,,2024-05-25T05:17:21Z,2026-09-09T04:20:20Z,candidate-public-outdoor,unknown,https://www.openstreetmap.org/node/11932321838,https://www.thetraffic.in/data/surveillance_cameras.v1.json,ODbL-1.0
node/13481196854,,13.025454,77.5891349,4190,4154,True,,camera,240,,2026-01-24T05:22:33Z,2026-09-09T04:20:20Z,review-access-unknown,unknown,https://www.openstreetmap.org/node/13481196854,https://www.thetraffic.in/data/surveillance_cameras.v1.json,ODbL-1.0
node/13481200654,,13.0254934,77.588854,4190,4176,True,,camera,342,,2026-01-24T05:21:11Z,2026-09-09T04:20:20Z,review-access-unknown,unknown,https://www.openstreetmap.org/node/13481200654,https://www.thetraffic.in/data/surveillance_cameras.v1.json,ODbL-1.0
node/13481200655,,13.0254871,77.5888629,4190,4175,True,,camera,165,,2026-01-24T05:21:11Z,2026-09-09T04:20:20Z,review-access-unknown,unknown,https://www.openstreetmap.org/node/13481200655,https://www.thetraffic.in/data/surveillance_cameras.v1.json,ODbL-1.0
node/13481221303,,13.0253518,77.5896907,4194,4112,True,traffic,camera,,,2026-01-24T05:27:51Z,2026-09-09T04:20:20Z,candidate-public-outdoor,unknown,https://www.openstreetmap.org/node/13481221303,https://www.thetraffic.in/data/surveillance_cameras.v1.json,ODbL-1.0
node/13481204407,,13.0253605,77.589302,4198,4145,True,,camera,310,,2026-01-24T05:24:46Z,2026-09-09T04:20:20Z,review-access-unknown,unknown,https://www.openstreetmap.org/node/13481204407,https://www.thetraffic.in/data/surveillance_cameras.v1.json,ODbL-1.0
node/13481204409,,13.0253619,77.5893173,4198,4144,True,,camera,67,,2026-01-24T05:24:46Z,2026-09-09T04:20:20Z,review-access-unknown,unknown,https://www.openstreetmap.org/node/13481204409,https://www.thetraffic.in/data/surveillance_cameras.v1.json,ODbL-1.0
node/13481204410,,13.0253694,77.5892491,4198,4149,True,traffic,camera,,,2026-01-24T05:27:51Z,2026-09-09T04:20:20Z,candidate-public-outdoor,unknown,https://www.openstreetmap.org/node/13481204410,https://www.thetraffic.in/data/surveillance_cameras.v1.json,ODbL-1.0
node/13481204408,,13.0253517,77.5892991,4199,4146,True,,camera,216,,2026-01-24T05:24:46Z,2026-09-09T04:20:20Z,review-access-unknown,unknown,https://www.openstreetmap.org/node/13481204408,https://www.thetraffic.in/data/surveillance_cameras.v1.json,ODbL-1.0
node/9781094453,,13.0530854,77.6315752,4203,1396,True,outdoor,camera,140,2022-05-29,2022-05-30T08:18:06Z,2026-09-09T04:20:20Z,candidate-public-outdoor,unknown,https://www.openstreetmap.org/node/9781094453,https://www.thetraffic.in/data/surveillance_cameras.v1.json,ODbL-1.0
node/13481124272,,13.0255886,77.5873101,4205,4305,True,,camera,331,,2026-01-24T05:00:49Z,2026-09-09T04:20:20Z,review-access-unknown,unknown,https://www.openstreetmap.org/node/13481124272,https://www.thetraffic.in/data/surveillance_cameras.v1.json,ODbL-1.0
node/9728767365,,13.0249728,77.5929255,4211,3866,True,public,camera,,2022-05-10,2022-05-10T06:39:49Z,2026-09-09T04:20:20Z,candidate-public-outdoor,unknown,https://www.openstreetmap.org/node/9728767365,https://www.thetraffic.in/data/surveillance_cameras.v1.json,ODbL-1.0
node/9728758320,,13.0249678,77.5929585,4212,3864,True,public,camera,,2022-05-10,2024-02-06T06:06:48Z,2026-09-09T04:20:20Z,candidate-public-outdoor,unknown,https://www.openstreetmap.org/node/9728758320,https://www.thetraffic.in/data/surveillance_cameras.v1.json,ODbL-1.0
node/10208728719,,13.0249675,77.5929603,4212,3864,True,traffic,camera,,2022-11-22,2024-02-06T06:06:48Z,2026-09-09T04:20:20Z,candidate-public-outdoor,unknown,https://www.openstreetmap.org/node/10208728719,https://www.thetraffic.in/data/surveillance_cameras.v1.json,ODbL-1.0
node/10208728818,,13.0249673,77.5929602,4212,3864,True,traffic,camera,,2022-11-22,2024-02-06T06:06:48Z,2026-09-09T04:20:20Z,candidate-public-outdoor,unknown,https://www.openstreetmap.org/node/10208728818,https://www.thetraffic.in/data/surveillance_cameras.v1.json,ODbL-1.0
node/10731125354,,13.0559358,77.6323272,4212,1625,True,public,camera,270,,2023-03-12T17:58:14Z,2026-09-09T04:20:20Z,candidate-public-outdoor,unknown,https://www.openstreetmap.org/node/10731125354,https://www.thetraffic.in/data/surveillance_cameras.v1.json,ODbL-1.0
node/10731125355,,13.0559354,77.6323356,4213,1626,True,public,camera,,,2023-03-12T17:58:14Z,2026-09-09T04:20:20Z,candidate-public-outdoor,unknown,https://www.openstreetmap.org/node/10731125355,https://www.thetraffic.in/data/surveillance_cameras.v1.json,ODbL-1.0
node/10731125353,,13.0559361,77.632346,4214,1627,True,public,camera,90,,2023-03-12T17:58:14Z,2026-09-09T04:20:20Z,candidate-public-outdoor,unknown,https://www.openstreetmap.org/node/10731125353,https://www.thetraffic.in/data/surveillance_cameras.v1.json,ODbL-1.0
node/7257728220,,13.034053,77.5687089,4218,5753,True,public,camera,,,2020-03-02T11:45:44Z,2026-09-09T04:20:20Z,candidate-public-outdoor,unknown,https://www.openstreetmap.org/node/7257728220,https://www.thetraffic.in/data/surveillance_cameras.v1.json,ODbL-1.0
node/11496155854,,13.0498992,77.5574297,4223,6776,True,public,camera,176,,2024-01-07T04:39:57Z,2026-09-09T04:20:20Z,candidate-public-outdoor,unknown,https://www.openstreetmap.org/node/11496155854,https://www.thetraffic.in/data/surveillance_cameras.v1.json,ODbL-1.0
node/11496155855,,13.0499164,77.5574269,4223,6776,True,public,camera,358,,2024-01-07T04:39:57Z,2026-09-09T04:20:20Z,candidate-public-outdoor,unknown,https://www.openstreetmap.org/node/11496155855,https://www.thetraffic.in/data/surveillance_cameras.v1.json,ODbL-1.0
node/9780937767,,13.0255975,77.5854371,4244,4473,True,public,camera,,2022-05-29,2022-05-30T06:42:51Z,2026-09-09T04:20:20Z,candidate-public-outdoor,unknown,https://www.openstreetmap.org/node/9780937767,https://www.thetraffic.in/data/surveillance_cameras.v1.json,ODbL-1.0
node/9781094454,,13.0559479,77.6326702,4249,1656,True,outdoor,camera,180,2022-05-29,2022-05-30T08:18:06Z,2026-09-09T04:20:20Z,candidate-public-outdoor,unknown,https://www.openstreetmap.org/node/9781094454,https://www.thetraffic.in/data/surveillance_cameras.v1.json,ODbL-1.0
node/12135686521,,13.0254386,77.5853783,4263,4488,True,public,camera,10,,2024-08-25T12:23:53Z,2026-09-09T04:20:20Z,candidate-public-outdoor,unknown,https://www.openstreetmap.org/node/12135686521,https://www.thetraffic.in/data/surveillance_cameras.v1.json,ODbL-1.0
node/12135686520,,13.0254282,77.5853718,4264,4489,True,public,camera,194,,2024-08-25T12:23:53Z,2026-09-09T04:20:20Z,candidate-public-outdoor,unknown,https://www.openstreetmap.org/node/12135686520,https://www.thetraffic.in/data/surveillance_cameras.v1.json,ODbL-1.0
node/12135686522,,13.0254332,77.5853856,4264,4488,True,public,camera,105,,2024-08-25T12:23:53Z,2026-09-09T04:20:20Z,candidate-public-outdoor,unknown,https://www.openstreetmap.org/node/12135686522,https://www.thetraffic.in/data/surveillance_cameras.v1.json,ODbL-1.0
node/11917970414,,13.0268535,77.5798602,4287,4922,True,public,camera,250,,2026-04-02T16:27:59Z,2026-09-09T04:20:20Z,candidate-public-outdoor,unknown,https://www.openstreetmap.org/node/11917970414,https://www.thetraffic.in/data/surveillance_cameras.v1.json,ODbL-1.0
node/11917970417,,13.0268473,77.5798759,4287,4920,True,public,camera,,,2026-04-02T16:27:59Z,2026-09-09T04:20:20Z,candidate-public-outdoor,unknown,https://www.openstreetmap.org/node/11917970417,https://www.thetraffic.in/data/surveillance_cameras.v1.json,ODbL-1.0
node/11917970415,,13.0268417,77.5798588,4288,4922,True,public,camera,190,,2026-04-02T16:27:59Z,2026-09-09T04:20:20Z,candidate-public-outdoor,unknown,https://www.openstreetmap.org/node/11917970415,https://www.thetraffic.in/data/surveillance_cameras.v1.json,ODbL-1.0
node/11917970416,,13.0268362,77.5798675,4288,4922,True,public,camera,70,,2026-04-02T16:27:59Z,2026-09-09T04:20:20Z,candidate-public-outdoor,unknown,https://www.openstreetmap.org/node/11917970416,https://www.thetraffic.in/data/surveillance_cameras.v1.json,ODbL-1.0
node/13481191929,,13.0245897,77.587034,4320,4394,True,,camera,194,,2026-01-24T04:57:13Z,2026-09-09T04:20:20Z,review-access-unknown,unknown,https://www.openstreetmap.org/node/13481191929,https://www.thetraffic.in/data/surveillance_cameras.v1.json,ODbL-1.0
node/10731130875,,13.0676938,77.6337001,4325,2677,True,public,camera,270,,2023-03-12T17:55:24Z,2026-09-09T04:20:20Z,candidate-public-outdoor,unknown,https://www.openstreetmap.org/node/10731130875,https://www.thetraffic.in/data/surveillance_cameras.v1.json,ODbL-1.0
node/10731130876,,13.0676742,77.6337183,4326,2676,True,public,camera,180,,2023-03-12T17:55:24Z,2026-09-09T04:20:20Z,candidate-public-outdoor,unknown,https://www.openstreetmap.org/node/10731130876,https://www.thetraffic.in/data/surveillance_cameras.v1.json,ODbL-1.0
node/10731130878,,13.0677133,77.6337183,4327,2680,True,public,camera,0,,2023-03-12T17:55:24Z,2026-09-09T04:20:20Z,candidate-public-outdoor,unknown,https://www.openstreetmap.org/node/10731130878,https://www.thetraffic.in/data/surveillance_cameras.v1.json,ODbL-1.0
node/7257728194,,13.0315581,77.5702988,4328,5669,True,public,camera,40,,2020-03-02T11:45:44Z,2026-09-09T04:20:20Z,candidate-public-outdoor,unknown,https://www.openstreetmap.org/node/7257728194,https://www.thetraffic.in/data/surveillance_cameras.v1.json,ODbL-1.0
node/10731130877,,13.0676931,77.6337303,4328,2679,True,public,camera,90,,2023-03-12T17:55:24Z,2026-09-09T04:20:20Z,candidate-public-outdoor,unknown,https://www.openstreetmap.org/node/10731130877,https://www.thetraffic.in/data/surveillance_cameras.v1.json,ODbL-1.0
node/7257728193,,13.0315476,77.570282,4330,5671,True,public,camera,280,,2020-03-02T11:45:44Z,2026-09-09T04:20:20Z,candidate-public-outdoor,unknown,https://www.openstreetmap.org/node/7257728193,https://www.thetraffic.in/data/surveillance_cameras.v1.json,ODbL-1.0
node/12014883867,,13.0276073,77.5758652,4386,5271,True,public,camera,,,2024-06-27T13:17:13Z,2026-09-09T04:20:20Z,candidate-public-outdoor,unknown,https://www.openstreetmap.org/node/12014883867,https://www.thetraffic.in/data/surveillance_cameras.v1.json,ODbL-1.0
node/11516224035,,13.1023396,77.594678,4394,6664,True,public,camera,180,,2024-01-14T13:19:05Z,2026-09-09T04:20:20Z,candidate-public-outdoor,unknown,https://www.openstreetmap.org/node/11516224035,https://www.thetraffic.in/data/surveillance_cameras.v1.json,ODbL-1.0
node/11516224033,,13.1023511,77.5946753,4395,6665,True,public,camera,0,,2024-01-14T13:19:05Z,2026-09-09T04:20:20Z,candidate-public-outdoor,unknown,https://www.openstreetmap.org/node/11516224033,https://www.thetraffic.in/data/surveillance_cameras.v1.json,ODbL-1.0
node/11516224034,,13.1023449,77.5946723,4395,6664,True,public,camera,270,,2024-01-14T13:19:05Z,2026-09-09T04:20:20Z,candidate-public-outdoor,unknown,https://www.openstreetmap.org/node/11516224034,https://www.thetraffic.in/data/surveillance_cameras.v1.json,ODbL-1.0
node/11516224036,,13.1023478,77.5946821,4395,6664,True,public,camera,90,,2024-01-14T13:19:05Z,2026-09-09T04:20:20Z,candidate-public-outdoor,unknown,https://www.openstreetmap.org/node/11516224036,https://www.thetraffic.in/data/surveillance_cameras.v1.json,ODbL-1.0
node/7216398998,,13.0381366,77.626074,4421,1254,True,public,camera,,,2020-02-16T13:32:30Z,2026-09-09T04:20:20Z,candidate-public-outdoor,unknown,https://www.openstreetmap.org/node/7216398998,https://www.thetraffic.in/data/surveillance_cameras.v1.json,ODbL-1.0
node/11445988404,,13.1011575,77.5831358,4424,7157,True,public,camera,251,,2023-12-23T10:46:44Z,2026-09-09T04:20:20Z,candidate-public-outdoor,unknown,https://www.openstreetmap.org/node/11445988404,https://www.thetraffic.in/data/surveillance_cameras.v1.json,ODbL-1.0
node/11445988405,,13.1011595,77.5831512,4424,7157,True,public,camera,74,,2023-12-23T10:46:44Z,2026-09-09T04:20:20Z,candidate-public-outdoor,unknown,https://www.openstreetmap.org/node/11445988405,https://www.thetraffic.in/data/surveillance_cameras.v1.json,ODbL-1.0
node/12290976101,,13.0301894,77.5707199,4425,5676,True,public,camera,168,,2024-10-27T01:18:19Z,2026-09-09T04:20:20Z,candidate-public-outdoor,unknown,https://www.openstreetmap.org/node/12290976101,https://www.thetraffic.in/data/surveillance_cameras.v1.json,ODbL-1.0
node/12676265222,,13.0454929,77.5564166,4513,6885,True,public,camera,328,,2025-03-18T11:40:04Z,2026-09-09T04:20:20Z,candidate-public-outdoor,unknown,https://www.openstreetmap.org/node/12676265222,https://www.thetraffic.in/data/surveillance_cameras.v1.json,ODbL-1.0
node/12676265248,,13.0454752,77.5564227,4513,6885,True,public,camera,163,,2025-03-18T11:40:04Z,2026-09-09T04:20:20Z,candidate-public-outdoor,unknown,https://www.openstreetmap.org/node/12676265248,https://www.thetraffic.in/data/surveillance_cameras.v1.json,ODbL-1.0
node/10129644556,,13.023239,77.5848109,4515,4677,True,public,camera,10,2022-10-23,2022-10-26T06:37:37Z,2026-09-09T04:20:20Z,candidate-public-outdoor,unknown,https://www.openstreetmap.org/node/10129644556,https://www.thetraffic.in/data/surveillance_cameras.v1.json,ODbL-1.0
node/12676265209,,13.0439949,77.5571507,4516,6814,True,public,camera,,,2025-03-18T11:40:04Z,2026-09-09T04:20:20Z,candidate-public-outdoor,unknown,https://www.openstreetmap.org/node/12676265209,https://www.thetraffic.in/data/surveillance_cameras.v1.json,ODbL-1.0
node/10129644555,,13.0232168,77.5848015,4518,4680,True,public,camera,190,2022-10-23,2022-10-26T06:37:37Z,2026-09-09T04:20:20Z,candidate-public-outdoor,unknown,https://www.openstreetmap.org/node/10129644555,https://www.thetraffic.in/data/surveillance_cameras.v1.json,ODbL-1.0
node/7257189852,,13.0232139,77.5847099,4520,4688,True,public,camera,,2022-05-29,2022-05-30T06:42:51Z,2026-09-09T04:20:20Z,candidate-public-outdoor,unknown,https://www.openstreetmap.org/node/7257189852,https://www.thetraffic.in/data/surveillance_cameras.v1.json,ODbL-1.0
node/10574607725,,13.0232678,77.5841869,4528,4731,True,public,camera,315,,2023-01-22T16:20:28Z,2026-09-09T04:20:20Z,candidate-public-outdoor,unknown,https://www.openstreetmap.org/node/10574607725,https://www.thetraffic.in/data/surveillance_cameras.v1.json,ODbL-1.0
node/10574607726,,13.0232577,77.5841983,4528,4730,True,public,camera,135,,2023-01-22T16:20:28Z,2026-09-09T04:20:20Z,candidate-public-outdoor,unknown,https://www.openstreetmap.org/node/10574607726,https://www.thetraffic.in/data/surveillance_cameras.v1.json,ODbL-1.0
node/12676265210,,13.0440483,77.5568079,4546,6851,True,public,camera,,,2025-03-18T11:40:04Z,2026-09-09T04:20:20Z,candidate-public-outdoor,unknown,https://www.openstreetmap.org/node/12676265210,https://www.thetraffic.in/data/surveillance_cameras.v1.json,ODbL-1.0
node/13043171882,,13.0283511,77.571203,4565,5701,True,public,camera,270,,2025-08-02T16:45:10Z,2026-09-09T04:20:20Z,candidate-public-outdoor,unknown,https://www.openstreetmap.org/node/13043171882,https://www.thetraffic.in/data/surveillance_cameras.v1.json,ODbL-1.0
node/13043171884,,13.0283521,77.5712124,4565,5700,True,public,camera,90,,2025-08-02T16:45:10Z,2026-09-09T04:20:20Z,candidate-public-outdoor,unknown,https://www.openstreetmap.org/node/13043171884,https://www.thetraffic.in/data/surveillance_cameras.v1.json,ODbL-1.0
node/6916635811,,13.0283205,77.57124,4566,5698,True,public,camera,,,2025-08-02T16:45:10Z,2026-09-09T04:20:20Z,candidate-public-outdoor,unknown,https://www.openstreetmap.org/node/6916635811,https://www.thetraffic.in/data/surveillance_cameras.v1.json,ODbL-1.0
node/13043171883,,13.0283371,77.5712147,4566,5700,True,public,camera,170,,2025-08-02T16:45:10Z,2026-09-09T04:20:20Z,candidate-public-outdoor,unknown,https://www.openstreetmap.org/node/13043171883,https://www.thetraffic.in/data/surveillance_cameras.v1.json,ODbL-1.0
node/13043171892,,13.0278992,77.5715532,4587,5685,True,public,camera,350,,2025-08-02T16:45:10Z,2026-09-09T04:20:20Z,candidate-public-outdoor,unknown,https://www.openstreetmap.org/node/13043171892,https://www.thetraffic.in/data/surveillance_cameras.v1.json,ODbL-1.0
node/13043171894,,13.0278987,77.5715564,4587,5685,True,public,camera,,,2025-08-02T16:45:10Z,2026-09-09T04:20:20Z,candidate-public-outdoor,unknown,https://www.openstreetmap.org/node/13043171894,https://www.thetraffic.in/data/surveillance_cameras.v1.json,ODbL-1.0
node/13043171893,,13.0278933,77.5715557,4588,5685,True,public,camera,170,,2025-08-02T16:45:10Z,2026-09-09T04:20:20Z,candidate-public-outdoor,unknown,https://www.openstreetmap.org/node/13043171893,https://www.thetraffic.in/data/surveillance_cameras.v1.json,ODbL-1.0
node/9780937768,,13.0225857,77.5846095,4591,4738,True,public,camera,,2022-05-29,2024-08-25T12:23:53Z,2026-09-09T04:20:20Z,candidate-public-outdoor,unknown,https://www.openstreetmap.org/node/9780937768,https://www.thetraffic.in/data/surveillance_cameras.v1.json,ODbL-1.0
node/12265511061,,13.1041146,77.5963947,4598,6772,True,private,camera,,,2024-10-19T04:53:00Z,2026-09-09T04:20:20Z,excluded-private-or-indoor,unknown,https://www.openstreetmap.org/node/12265511061,https://www.thetraffic.in/data/surveillance_cameras.v1.json,ODbL-1.0
node/12265512058,,13.104165,77.5968917,4607,6757,True,public,camera,,,2024-10-19T04:52:27Z,2026-09-09T04:20:20Z,candidate-public-outdoor,unknown,https://www.openstreetmap.org/node/12265512058,https://www.thetraffic.in/data/surveillance_cameras.v1.json,ODbL-1.0
node/12265512065,,13.1042867,77.5931627,4611,6929,True,,,,,2024-10-19T04:52:27Z,2026-09-09T04:20:20Z,excluded-non-camera,unknown,https://www.openstreetmap.org/node/12265512065,https://www.thetraffic.in/data/surveillance_cameras.v1.json,ODbL-1.0
node/12265512070,,13.1043008,77.5955786,4615,6825,True,private,camera,,,2024-10-19T04:52:27Z,2026-09-09T04:20:20Z,excluded-private-or-indoor,unknown,https://www.openstreetmap.org/node/12265512070,https://www.thetraffic.in/data/surveillance_cameras.v1.json,ODbL-1.0
node/12265512059,,13.1043381,77.5946012,4616,6870,True,outdoor,camera,,,2024-10-19T04:52:27Z,2026-09-09T04:20:20Z,candidate-public-outdoor,unknown,https://www.openstreetmap.org/node/12265512059,https://www.thetraffic.in/data/surveillance_cameras.v1.json,ODbL-1.0
node/12265512060,,13.1043379,77.5939206,4616,6900,True,private,camera,,,2024-10-19T04:52:27Z,2026-09-09T04:20:20Z,excluded-private-or-indoor,unknown,https://www.openstreetmap.org/node/12265512060,https://www.thetraffic.in/data/surveillance_cameras.v1.json,ODbL-1.0
node/12265512063,,13.1043474,77.593556,4617,6917,True,private,camera,,,2024-10-19T04:52:27Z,2026-09-09T04:20:20Z,excluded-private-or-indoor,unknown,https://www.openstreetmap.org/node/12265512063,https://www.thetraffic.in/data/surveillance_cameras.v1.json,ODbL-1.0
node/12265512064,,13.104348,77.5933459,4618,6927,True,private,camera,,,2024-10-19T04:52:27Z,2026-09-09T04:20:20Z,excluded-private-or-indoor,unknown,https://www.openstreetmap.org/node/12265512064,https://www.thetraffic.in/data/surveillance_cameras.v1.json,ODbL-1.0
node/12265512061,,13.1043661,77.5937966,4619,6908,True,private,camera,,,2024-10-19T04:52:27Z,2026-09-09T04:20:20Z,excluded-private-or-indoor,unknown,https://www.openstreetmap.org/node/12265512061,https://www.thetraffic.in/data/surveillance_cameras.v1.json,ODbL-1.0
node/12265512062,,13.1043843,77.5936178,4621,6918,True,private,camera,,,2024-10-19T04:52:27Z,2026-09-09T04:20:20Z,excluded-private-or-indoor,unknown,https://www.openstreetmap.org/node/12265512062,https://www.thetraffic.in/data/surveillance_cameras.v1.json,ODbL-1.0
node/3699307389,,13.0275594,77.5713775,4629,5717,True,,,,,2015-08-16T01:46:16Z,2026-09-09T04:20:20Z,excluded-non-camera,unknown,https://www.openstreetmap.org/node/3699307389,https://www.thetraffic.in/data/surveillance_cameras.v1.json,ODbL-1.0
node/12265512071,,13.1044989,77.5958149,4637,6835,True,private,camera,,,2024-10-19T04:52:27Z,2026-09-09T04:20:20Z,excluded-private-or-indoor,unknown,https://www.openstreetmap.org/node/12265512071,https://www.thetraffic.in/data/surveillance_cameras.v1.json,ODbL-1.0
node/12676265213,,13.0505548,77.5531734,4637,7239,True,public,camera,,,2025-03-18T11:40:04Z,2026-09-09T04:20:20Z,candidate-public-outdoor,unknown,https://www.openstreetmap.org/node/12676265213,https://www.thetraffic.in/data/surveillance_cameras.v1.json,ODbL-1.0
node/9780937769,,13.0221572,77.5845574,4639,4770,True,public,camera,,2022-05-29,2022-05-30T06:42:51Z,2026-09-09T04:20:20Z,candidate-public-outdoor,unknown,https://www.openstreetmap.org/node/9780937769,https://www.thetraffic.in/data/surveillance_cameras.v1.json,ODbL-1.0
node/7220757435,,13.098296,77.5709586,4672,7733,True,public,camera,225,,2024-05-25T05:39:57Z,2026-09-09T04:20:20Z,candidate-public-outdoor,unknown,https://www.openstreetmap.org/node/7220757435,https://www.thetraffic.in/data/surveillance_cameras.v1.json,ODbL-1.0
node/7220757434,,13.0983156,77.5709566,4674,7735,True,public,camera,355,,2024-05-25T05:39:57Z,2026-09-09T04:20:20Z,candidate-public-outdoor,unknown,https://www.openstreetmap.org/node/7220757434,https://www.thetraffic.in/data/surveillance_cameras.v1.json,ODbL-1.0
node/11279857667,,13.0213126,77.5842876,4737,4850,True,public,camera,10,,2024-08-25T12:23:53Z,2026-09-09T04:20:20Z,candidate-public-outdoor,unknown,https://www.openstreetmap.org/node/11279857667,https://www.thetraffic.in/data/surveillance_cameras.v1.json,ODbL-1.0
node/11279857666,,13.0212942,77.584302,4738,4850,True,public,camera,100,,2024-08-25T12:23:53Z,2026-09-09T04:20:20Z,candidate-public-outdoor,unknown,https://www.openstreetmap.org/node/11279857666,https://www.thetraffic.in/data/surveillance_cameras.v1.json,ODbL-1.0
node/7257189843,,13.0209145,77.5842421,4781,4881,True,public,camera,,2024-07-06,2024-07-06T01:06:22Z,2026-09-09T04:20:20Z,candidate-public-outdoor,unknown,https://www.openstreetmap.org/node/7257189843,https://www.thetraffic.in/data/surveillance_cameras.v1.json,ODbL-1.0
node/12265512066,,13.1058289,77.5951154,4783,7001,True,private,camera,,,2024-10-19T04:52:27Z,2026-09-09T04:20:20Z,excluded-private-or-indoor,unknown,https://www.openstreetmap.org/node/12265512066,https://www.thetraffic.in/data/surveillance_cameras.v1.json,ODbL-1.0
node/12265512067,,13.105962,77.5951749,4798,7012,True,private,camera,,,2024-10-19T04:52:27Z,2026-09-09T04:20:20Z,excluded-private-or-indoor,unknown,https://www.openstreetmap.org/node/12265512067,https://www.thetraffic.in/data/surveillance_cameras.v1.json,ODbL-1.0
node/12265512069,,13.1060234,77.5953191,4805,7012,True,private,camera,,,2024-10-19T04:52:27Z,2026-09-09T04:20:20Z,excluded-private-or-indoor,unknown,https://www.openstreetmap.org/node/12265512069,https://www.thetraffic.in/data/surveillance_cameras.v1.json,ODbL-1.0
node/12265512068,,13.1060342,77.5952543,4806,7016,True,private,camera,,,2024-10-19T04:52:27Z,2026-09-09T04:20:20Z,excluded-private-or-indoor,unknown,https://www.openstreetmap.org/node/12265512068,https://www.thetraffic.in/data/surveillance_cameras.v1.json,ODbL-1.0
node/7257189844,,13.0205891,77.5838103,4827,4940,True,public,camera,,,2020-03-02T06:42:06Z,2026-09-09T04:20:20Z,candidate-public-outdoor,unknown,https://www.openstreetmap.org/node/7257189844,https://www.thetraffic.in/data/surveillance_cameras.v1.json,ODbL-1.0
node/11445466256,,13.0860453,77.5554593,4916,8183,True,public,camera,38,,2023-12-23T02:37:01Z,2026-09-09T04:20:20Z,candidate-public-outdoor,unknown,https://www.openstreetmap.org/node/11445466256,https://www.thetraffic.in/data/surveillance_cameras.v1.json,ODbL-1.0
node/11932360079,,13.086037,77.5554534,4917,8183,True,public,camera,245,,2024-05-25T05:39:57Z,2026-09-09T04:20:20Z,candidate-public-outdoor,unknown,https://www.openstreetmap.org/node/11932360079,https://www.thetraffic.in/data/surveillance_cameras.v1.json,ODbL-1.0
node/11932360080,,13.0860409,77.555454,4917,8183,True,public,camera,,,2024-05-25T05:39:57Z,2026-09-09T04:20:20Z,candidate-public-outdoor,unknown,https://www.openstreetmap.org/node/11932360080,https://www.thetraffic.in/data/surveillance_cameras.v1.json,ODbL-1.0
node/11445466257,,13.0860339,77.5554386,4918,8184,True,public,guard,,,2023-12-23T02:37:01Z,2026-09-09T04:20:20Z,excluded-non-camera,unknown,https://www.openstreetmap.org/node/11445466257,https://www.thetraffic.in/data/surveillance_cameras.v1.json,ODbL-1.0
node/7257189837,,13.0194349,77.5840523,4946,4999,True,public,camera,340,,2020-03-02T06:42:06Z,2026-09-09T04:20:20Z,candidate-public-outdoor,unknown,https://www.openstreetmap.org/node/7257189837,https://www.thetraffic.in/data/surveillance_cameras.v1.json,ODbL-1.0
node/7257189836,,13.0194224,77.5840595,4947,4999,True,public,camera,60,,2020-03-02T06:42:06Z,2026-09-09T04:20:20Z,candidate-public-outdoor,unknown,https://www.openstreetmap.org/node/7257189836,https://www.thetraffic.in/data/surveillance_cameras.v1.json,ODbL-1.0
node/12265521644,,13.1073212,77.5925228,4950,7265,True,public,camera,213,,2024-10-19T05:03:17Z,2026-09-09T04:20:20Z,candidate-public-outdoor,unknown,https://www.openstreetmap.org/node/12265521644,https://www.thetraffic.in/data/surveillance_cameras.v1.json,ODbL-1.0
node/12265521645,,13.1073212,77.5925228,4950,7265,True,public,camera,332,,2024-10-19T05:03:17Z,2026-09-09T04:20:20Z,candidate-public-outdoor,unknown,https://www.openstreetmap.org/node/12265521645,https://www.thetraffic.in/data/surveillance_cameras.v1.json,ODbL-1.0
node/12265521646,,13.1073212,77.5925228,4950,7265,True,public,camera,106,,2024-10-19T05:03:17Z,2026-09-09T04:20:20Z,candidate-public-outdoor,unknown,https://www.openstreetmap.org/node/12265521646,https://www.thetraffic.in/data/surveillance_cameras.v1.json,ODbL-1.0
node/12800684812,,13.1026805,77.5731325,4979,7942,True,public,camera,180,,2025-04-30T16:24:26Z,2026-09-09T04:20:20Z,candidate-public-outdoor,unknown,https://www.openstreetmap.org/node/12800684812,https://www.thetraffic.in/data/surveillance_cameras.v1.json,ODbL-1.0
node/12800684813,,13.1026894,77.57314,4979,7943,True,public,camera,90,,2025-04-30T16:24:26Z,2026-09-09T04:20:20Z,candidate-public-outdoor,unknown,https://www.openstreetmap.org/node/12800684813,https://www.thetraffic.in/data/surveillance_cameras.v1.json,ODbL-1.0
node/12800684811,,13.1026905,77.5731254,4980,7944,True,public,camera,270,,2025-04-30T16:24:26Z,2026-09-09T04:20:20Z,candidate-public-outdoor,unknown,https://www.openstreetmap.org/node/12800684811,https://www.thetraffic.in/data/surveillance_cameras.v1.json,ODbL-1.0
node/12800684814,,13.1027002,77.5731329,4981,7944,True,public,camera,0,,2025-04-30T16:24:26Z,2026-09-09T04:20:20Z,candidate-public-outdoor,unknown,https://www.openstreetmap.org/node/12800684814,https://www.thetraffic.in/data/surveillance_cameras.v1.json,ODbL-1.0
node/12676265228,,13.034745,77.5574738,5048,6918,True,public,camera,,,2025-03-18T11:40:04Z,2026-09-09T04:20:20Z,candidate-public-outdoor,unknown,https://www.openstreetmap.org/node/12676265228,https://www.thetraffic.in/data/surveillance_cameras.v1.json,ODbL-1.0
node/12642184430,,13.1026916,77.5716731,5054,8045,True,public,camera,0,,2025-03-07T04:13:59Z,2026-09-09T04:20:20Z,candidate-public-outdoor,unknown,https://www.openstreetmap.org/node/12642184430,https://www.thetraffic.in/data/surveillance_cameras.v1.json,ODbL-1.0
node/11932360081,,13.0886094,77.5556309,5057,8320,True,public,camera,190,,2024-05-25T05:39:57Z,2026-09-09T04:20:20Z,candidate-public-outdoor,unknown,https://www.openstreetmap.org/node/11932360081,https://www.thetraffic.in/data/surveillance_cameras.v1.json,ODbL-1.0
node/7228148559,,13.0343907,77.5576428,5058,6909,True,public,camera,,,2020-02-19T16:38:23Z,2026-09-09T04:20:20Z,candidate-public-outdoor,unknown,https://www.openstreetmap.org/node/7228148559,https://www.thetraffic.in/data/surveillance_cameras.v1.json,ODbL-1.0
node/12676265202,,13.0344462,77.5575961,5058,6912,True,public,camera,319,,2025-03-18T11:40:04Z,2026-09-09T04:20:20Z,candidate-public-outdoor,unknown,https://www.openstreetmap.org/node/12676265202,https://www.thetraffic.in/data/surveillance_cameras.v1.json,ODbL-1.0
node/12676265226,,13.0348199,77.5572997,5058,6935,True,public,camera,8,,2025-03-18T11:40:04Z,2026-09-09T04:20:20Z,candidate-public-outdoor,unknown,https://www.openstreetmap.org/node/12676265226,https://www.thetraffic.in/data/surveillance_cameras.v1.json,ODbL-1.0
node/12676265227,,13.0348079,77.5573074,5058,6934,True,public,camera,112,,2025-03-18T11:40:04Z,2026-09-09T04:20:20Z,candidate-public-outdoor,unknown,https://www.openstreetmap.org/node/12676265227,https://www.thetraffic.in/data/surveillance_cameras.v1.json,ODbL-1.0
node/12676265203,,13.0344338,77.5576009,5059,6912,True,public,camera,176,,2025-03-18T11:40:04Z,2026-09-09T04:20:20Z,candidate-public-outdoor,unknown,https://www.openstreetmap.org/node/12676265203,https://www.thetraffic.in/data/surveillance_cameras.v1.json,ODbL-1.0
node/12676265224,,13.0348103,77.5572968,5059,6935,True,public,camera,,,2025-03-18T11:40:04Z,2026-09-09T04:20:20Z,candidate-public-outdoor,unknown,https://www.openstreetmap.org/node/12676265224,https://www.thetraffic.in/data/surveillance_cameras.v1.json,ODbL-1.0
node/12676265225,,13.0347974,77.5572901,5060,6936,True,public,camera,219,,2025-03-18T11:40:04Z,2026-09-09T04:20:20Z,candidate-public-outdoor,unknown,https://www.openstreetmap.org/node/12676265225,https://www.thetraffic.in/data/surveillance_cameras.v1.json,ODbL-1.0
node/6916627265,,13.0222067,77.5722025,5101,5897,True,public,camera,,,2019-10-28T07:50:39Z,2026-09-09T04:20:20Z,candidate-public-outdoor,unknown,https://www.openstreetmap.org/node/6916627265,https://www.thetraffic.in/data/surveillance_cameras.v1.json,ODbL-1.0
node/9728792593,,13.016964,77.589622,5123,4740,True,public,camera,,2022-05-10,2022-05-10T08:11:59Z,2026-09-09T04:20:20Z,candidate-public-outdoor,unknown,https://www.openstreetmap.org/node/9728792593,https://www.thetraffic.in/data/surveillance_cameras.v1.json,ODbL-1.0
node/11445466259,,13.0978054,77.562891,5152,8320,True,public,guard,208,,2025-09-09T05:17:13Z,2026-09-09T04:20:20Z,excluded-non-camera,unknown,https://www.openstreetmap.org/node/11445466259,https://www.thetraffic.in/data/surveillance_cameras.v1.json,ODbL-1.0
node/11445466260,,13.0978096,77.5628945,5152,8320,True,public,guard,288,,2025-09-09T05:17:13Z,2026-09-09T04:20:20Z,excluded-non-camera,unknown,https://www.openstreetmap.org/node/11445466260,https://www.thetraffic.in/data/surveillance_cameras.v1.json,ODbL-1.0
node/11445466261,,13.0978066,77.5628996,5152,8320,True,public,guard,20,,2025-09-09T05:17:13Z,2026-09-09T04:20:20Z,excluded-non-camera,unknown,https://www.openstreetmap.org/node/11445466261,https://www.thetraffic.in/data/surveillance_cameras.v1.json,ODbL-1.0
node/11445466262,,13.0978024,77.5628958,5152,8320,True,public,guard,106,,2025-09-09T05:17:13Z,2026-09-09T04:20:20Z,excluded-non-camera,unknown,https://www.openstreetmap.org/node/11445466262,https://www.thetraffic.in/data/surveillance_cameras.v1.json,ODbL-1.0
node/12676265219,,13.0568253,77.5467479,5171,7993,True,public,camera,,,2025-03-18T11:40:04Z,2026-09-09T04:20:20Z,candidate-public-outdoor,unknown,https://www.openstreetmap.org/node/12676265219,https://www.thetraffic.in/data/surveillance_cameras.v1.json,ODbL-1.0
node/11279857665,,13.0173135,77.5841081,5175,5146,True,public,camera,90,,2023-10-21T16:42:43Z,2026-09-09T04:20:20Z,candidate-public-outdoor,unknown,https://www.openstreetmap.org/node/11279857665,https://www.thetraffic.in/data/surveillance_cameras.v1.json,ODbL-1.0
node/12642184415,,13.1040566,77.5716354,5190,8164,True,public,camera,,,2025-03-07T04:13:59Z,2026-09-09T04:20:20Z,candidate-public-outdoor,unknown,https://www.openstreetmap.org/node/12642184415,https://www.thetraffic.in/data/surveillance_cameras.v1.json,ODbL-1.0
node/12642184423,,13.1040621,77.5716234,5191,8165,True,public,camera,272,,2025-03-07T04:13:59Z,2026-09-09T04:20:20Z,candidate-public-outdoor,unknown,https://www.openstreetmap.org/node/12642184423,https://www.thetraffic.in/data/surveillance_cameras.v1.json,ODbL-1.0
node/12642184424,,13.1040667,77.5716298,5191,8165,True,public,camera,1,,2025-03-07T04:13:59Z,2026-09-09T04:20:20Z,candidate-public-outdoor,unknown,https://www.openstreetmap.org/node/12642184424,https://www.thetraffic.in/data/surveillance_cameras.v1.json,ODbL-1.0
node/7223109286,,13.0168967,77.5837742,5228,5204,True,public,camera,,2022-12-15,2022-12-18T18:37:03Z,2026-09-09T04:20:20Z,candidate-public-outdoor,unknown,https://www.openstreetmap.org/node/7223109286,https://www.thetraffic.in/data/surveillance_cameras.v1.json,ODbL-1.0
node/9781094445,,13.0314784,77.6302059,5240,2119,True,public,camera,,2022-05-29,2022-05-30T08:18:06Z,2026-09-09T04:20:20Z,candidate-public-outdoor,unknown,https://www.openstreetmap.org/node/9781094445,https://www.thetraffic.in/data/surveillance_cameras.v1.json,ODbL-1.0
node/11096453536,,13.0224701,77.5666449,5383,6419,True,public,camera,0,,2023-08-07T06:48:58Z,2026-09-09T04:20:20Z,candidate-public-outdoor,unknown,https://www.openstreetmap.org/node/11096453536,https://www.thetraffic.in/data/surveillance_cameras.v1.json,ODbL-1.0
node/11096453535,,13.0224583,77.5666339,5385,6420,True,public,camera,90,,2023-08-07T06:48:58Z,2026-09-09T04:20:20Z,candidate-public-outdoor,unknown,https://www.openstreetmap.org/node/11096453535,https://www.thetraffic.in/data/surveillance_cameras.v1.json,ODbL-1.0
node/9732746120,,13.1079489,77.5751473,5421,8272,True,public,camera,,2022-05-11,2022-05-11T13:25:01Z,2026-09-09T04:20:20Z,candidate-public-outdoor,unknown,https://www.openstreetmap.org/node/9732746120,https://www.thetraffic.in/data/surveillance_cameras.v1.json,ODbL-1.0
node/12643278358,,13.1064616,77.5706519,5476,8438,True,public,camera,221,,2025-03-07T12:53:21Z,2026-09-09T04:20:20Z,candidate-public-outdoor,unknown,https://www.openstreetmap.org/node/12643278358,https://www.thetraffic.in/data/surveillance_cameras.v1.json,ODbL-1.0
node/9980353018,,13.0145515,77.584028,5477,5359,True,public,camera,,2022-08-26,2022-08-26T18:31:58Z,2026-09-09T04:20:20Z,candidate-public-outdoor,unknown,https://www.openstreetmap.org/node/9980353018,https://www.thetraffic.in/data/surveillance_cameras.v1.json,ODbL-1.0
node/9980353417,,13.0145515,77.584028,5477,5359,True,public,camera,,2022-08-26,2022-08-26T18:31:57Z,2026-09-09T04:20:20Z,candidate-public-outdoor,unknown,https://www.openstreetmap.org/node/9980353417,https://www.thetraffic.in/data/surveillance_cameras.v1.json,ODbL-1.0
node/10124399209,,13.0145931,77.5837554,5479,5377,True,public,camera,0,2022-10-22,2022-10-23T17:34:53Z,2026-09-09T04:20:20Z,candidate-public-outdoor,unknown,https://www.openstreetmap.org/node/10124399209,https://www.thetraffic.in/data/surveillance_cameras.v1.json,ODbL-1.0
node/10124399210,,13.0145931,77.5837447,5479,5378,True,public,camera,180,2022-10-22,2022-10-23T17:34:53Z,2026-09-09T04:20:20Z,candidate-public-outdoor,unknown,https://www.openstreetmap.org/node/10124399210,https://www.thetraffic.in/data/surveillance_cameras.v1.json,ODbL-1.0
node/12643278357,,13.1065104,77.5706515,5481,8442,True,public,camera,278,,2025-03-07T12:53:21Z,2026-09-09T04:20:20Z,candidate-public-outdoor,unknown,https://www.openstreetmap.org/node/12643278357,https://www.thetraffic.in/data/surveillance_cameras.v1.json,ODbL-1.0
node/12643264069,,13.1065553,77.5706711,5484,8444,True,public,camera,8,,2025-03-07T13:00:12Z,2026-09-09T04:20:20Z,candidate-public-outdoor,unknown,https://www.openstreetmap.org/node/12643264069,https://www.thetraffic.in/data/surveillance_cameras.v1.json,ODbL-1.0
node/9732747218,,13.1091914,77.5765855,5493,8295,True,public,camera,,2022-05-11,2022-05-11T13:25:05Z,2026-09-09T04:20:20Z,candidate-public-outdoor,unknown,https://www.openstreetmap.org/node/9732747218,https://www.thetraffic.in/data/surveillance_cameras.v1.json,ODbL-1.0
node/12135686525,,13.0144583,77.5837377,5494,5389,True,public,camera,274,,2024-08-25T12:23:53Z,2026-09-09T04:20:20Z,candidate-public-outdoor,unknown,https://www.openstreetmap.org/node/12135686525,https://www.thetraffic.in/data/surveillance_cameras.v1.json,ODbL-1.0
node/12135686526,,13.0144583,77.583746,5494,5388,True,public,camera,94,,2024-08-25T12:23:53Z,2026-09-09T04:20:20Z,candidate-public-outdoor,unknown,https://www.openstreetmap.org/node/12135686526,https://www.thetraffic.in/data/surveillance_cameras.v1.json,ODbL-1.0
node/7223109285,,13.0144448,77.583736,5495,5390,True,public,camera,,2022-12-15,2022-12-18T18:36:45Z,2026-09-09T04:20:20Z,candidate-public-outdoor,unknown,https://www.openstreetmap.org/node/7223109285,https://www.thetraffic.in/data/surveillance_cameras.v1.json,ODbL-1.0
node/9781094432,,13.0564992,77.6445517,5511,2840,True,outdoor,camera,170,2022-05-29,2022-05-30T08:18:06Z,2026-09-09T04:20:20Z,candidate-public-outdoor,unknown,https://www.openstreetmap.org/node/9781094432,https://www.thetraffic.in/data/surveillance_cameras.v1.json,ODbL-1.0
node/9781094433,,13.0561961,77.6446214,5523,2836,True,outdoor,camera,350,2022-05-29,2022-05-30T08:18:06Z,2026-09-09T04:20:20Z,candidate-public-outdoor,unknown,https://www.openstreetmap.org/node/9781094433,https://www.thetraffic.in/data/surveillance_cameras.v1.json,ODbL-1.0
node/12676261386,,13.0273461,77.5583198,5530,7048,True,public,camera,26,,2025-03-18T11:40:04Z,2026-09-09T04:20:20Z,candidate-public-outdoor,unknown,https://www.openstreetmap.org/node/12676261386,https://www.thetraffic.in/data/surveillance_cameras.v1.json,ODbL-1.0
node/12676261385,,13.0273252,77.5583077,5532,7050,True,public,camera,,,2025-03-18T11:40:04Z,2026-09-09T04:20:20Z,candidate-public-outdoor,unknown,https://www.openstreetmap.org/node/12676261385,https://www.thetraffic.in/data/surveillance_cameras.v1.json,ODbL-1.0
node/12676261387,,13.0273022,77.5583044,5534,7051,True,public,camera,200,,2025-03-18T11:40:04Z,2026-09-09T04:20:20Z,candidate-public-outdoor,unknown,https://www.openstreetmap.org/node/12676261387,https://www.thetraffic.in/data/surveillance_cameras.v1.json,ODbL-1.0
node/9532893827,,13.0148939,77.5795806,5557,5694,True,public,camera,240,,2022-02-24T17:28:32Z,2026-09-09T04:20:20Z,candidate-public-outdoor,unknown,https://www.openstreetmap.org/node/9532893827,https://www.thetraffic.in/data/surveillance_cameras.v1.json,ODbL-1.0
node/10129644525,,13.0552884,77.6449047,5568,2833,True,public,camera,270,2022-10-23,2022-10-26T06:37:37Z,2026-09-09T04:20:20Z,candidate-public-outdoor,unknown,https://www.openstreetmap.org/node/10129644525,https://www.thetraffic.in/data/surveillance_cameras.v1.json,ODbL-1.0
node/10129644526,,13.0552889,77.6449068,5568,2833,True,public,camera,0,2022-10-23,2022-10-26T06:37:37Z,2026-09-09T04:20:20Z,candidate-public-outdoor,unknown,https://www.openstreetmap.org/node/10129644526,https://www.thetraffic.in/data/surveillance_cameras.v1.json,ODbL-1.0
node/10129644527,,13.0552882,77.6449092,5568,2833,True,public,camera,90,2022-10-23,2022-10-26T06:37:37Z,2026-09-09T04:20:20Z,candidate-public-outdoor,unknown,https://www.openstreetmap.org/node/10129644527,https://www.thetraffic.in/data/surveillance_cameras.v1.json,ODbL-1.0
node/11279857659,,13.0146316,77.5796895,5581,5704,True,public,camera,180,,2023-10-21T16:42:43Z,2026-09-09T04:20:20Z,candidate-public-outdoor,unknown,https://www.openstreetmap.org/node/11279857659,https://www.thetraffic.in/data/surveillance_cameras.v1.json,ODbL-1.0
node/11279857660,,13.0146378,77.5796895,5581,5703,True,public,camera,0,,2023-10-21T16:42:43Z,2026-09-09T04:20:20Z,candidate-public-outdoor,unknown,https://www.openstreetmap.org/node/11279857660,https://www.thetraffic.in/data/surveillance_cameras.v1.json,ODbL-1.0
node/11954212366,,13.0146929,77.5793975,5584,5723,True,public,camera,,,2024-06-03T17:11:03Z,2026-09-09T04:20:20Z,candidate-public-outdoor,unknown,https://www.openstreetmap.org/node/11954212366,https://www.thetraffic.in/data/surveillance_cameras.v1.json,ODbL-1.0
node/11096453530,,13.0203854,77.5664692,5588,6540,True,public,camera,90,,2023-08-07T06:48:58Z,2026-09-09T04:20:20Z,candidate-public-outdoor,unknown,https://www.openstreetmap.org/node/11096453530,https://www.thetraffic.in/data/surveillance_cameras.v1.json,ODbL-1.0
node/11096453529,,13.0203762,77.5664585,5589,6542,True,public,camera,180,,2023-08-07T06:48:58Z,2026-09-09T04:20:20Z,candidate-public-outdoor,unknown,https://www.openstreetmap.org/node/11096453529,https://www.thetraffic.in/data/surveillance_cameras.v1.json,ODbL-1.0
node/9912846656,,13.0417889,77.5471962,5592,7907,True,public,camera,10,2022-07-23,2022-07-26T16:21:47Z,2026-09-09T04:20:20Z,candidate-public-outdoor,unknown,https://www.openstreetmap.org/node/9912846656,https://www.thetraffic.in/data/surveillance_cameras.v1.json,ODbL-1.0
node/9912846657,,13.0417811,77.5472043,5592,7906,True,public,camera,70,2022-07-23,2022-07-26T16:21:47Z,2026-09-09T04:20:20Z,candidate-public-outdoor,unknown,https://www.openstreetmap.org/node/9912846657,https://www.thetraffic.in/data/surveillance_cameras.v1.json,ODbL-1.0
node/9912846655,,13.0417687,77.5471774,5595,7909,True,public,camera,240,2022-07-23,2022-07-26T16:21:47Z,2026-09-09T04:20:20Z,candidate-public-outdoor,unknown,https://www.openstreetmap.org/node/9912846655,https://www.thetraffic.in/data/surveillance_cameras.v1.json,ODbL-1.0
node/7223081884,,13.014627,77.5785546,5618,5798,True,public,camera,,,2020-02-18T16:43:08Z,2026-09-09T04:20:20Z,candidate-public-outdoor,unknown,https://www.openstreetmap.org/node/7223081884,https://www.thetraffic.in/data/surveillance_cameras.v1.json,ODbL-1.0
node/10212418997,,13.0171489,77.5705084,5685,6341,True,public,camera,90,,2022-11-23T16:41:56Z,2026-09-09T04:20:20Z,candidate-public-outdoor,unknown,https://www.openstreetmap.org/node/10212418997,https://www.thetraffic.in/data/surveillance_cameras.v1.json,ODbL-1.0
node/10574607737,,13.0148786,77.5758623,5685,6010,True,public,camera,270,,2023-01-22T16:20:28Z,2026-09-09T04:20:20Z,candidate-public-outdoor,unknown,https://www.openstreetmap.org/node/10574607737,https://www.thetraffic.in/data/surveillance_cameras.v1.json,ODbL-1.0
node/10574607738,,13.0148786,77.5758791,5685,6008,True,public,camera,90,,2023-01-22T16:20:28Z,2026-09-09T04:20:20Z,candidate-public-outdoor,unknown,https://www.openstreetmap.org/node/10574607738,https://www.thetraffic.in/data/surveillance_cameras.v1.json,ODbL-1.0
node/10212418996,,13.0171473,77.5704789,5687,6344,True,public,camera,270,,2022-11-23T16:41:56Z,2026-09-09T04:20:20Z,candidate-public-outdoor,unknown,https://www.openstreetmap.org/node/10212418996,https://www.thetraffic.in/data/surveillance_cameras.v1.json,ODbL-1.0
node/11279857658,,13.0147355,77.5758657,5700,6019,True,public,camera,90,,2023-10-21T16:42:43Z,2026-09-09T04:20:20Z,candidate-public-outdoor,unknown,https://www.openstreetmap.org/node/11279857658,https://www.thetraffic.in/data/surveillance_cameras.v1.json,ODbL-1.0
node/11279857656,,13.0147361,77.5758536,5701,6020,True,public,camera,270,,2023-10-21T16:42:43Z,2026-09-09T04:20:20Z,candidate-public-outdoor,unknown,https://www.openstreetmap.org/node/11279857656,https://www.thetraffic.in/data/surveillance_cameras.v1.json,ODbL-1.0
node/11279857657,,13.014729,77.5758603,5701,6020,True,public,camera,180,,2023-10-21T16:42:43Z,2026-09-09T04:20:20Z,candidate-public-outdoor,unknown,https://www.openstreetmap.org/node/11279857657,https://www.thetraffic.in/data/surveillance_cameras.v1.json,ODbL-1.0
node/9781094444,,13.0276988,77.6325066,5708,2607,True,public,camera,,2022-05-29,2022-05-30T08:18:06Z,2026-09-09T04:20:20Z,candidate-public-outdoor,unknown,https://www.openstreetmap.org/node/9781094444,https://www.thetraffic.in/data/surveillance_cameras.v1.json,ODbL-1.0
node/10129644530,,13.0280414,77.6330598,5726,2607,True,public,camera,45,2022-10-23,2022-10-26T06:37:37Z,2026-09-09T04:20:20Z,candidate-public-outdoor,unknown,https://www.openstreetmap.org/node/10129644530,https://www.thetraffic.in/data/surveillance_cameras.v1.json,ODbL-1.0
node/11662137679,,13.0393753,77.6413793,5748,2500,True,public,camera,181,,2024-02-25T06:22:04Z,2026-09-09T04:20:20Z,candidate-public-outdoor,unknown,https://www.openstreetmap.org/node/11662137679,https://www.thetraffic.in/data/surveillance_cameras.v1.json,ODbL-1.0
node/11662137680,,13.0393885,77.6413935,5749,2501,True,public,camera,,,2024-02-25T06:22:04Z,2026-09-09T04:20:20Z,candidate-public-outdoor,unknown,https://www.openstreetmap.org/node/11662137680,https://www.thetraffic.in/data/surveillance_cameras.v1.json,ODbL-1.0
node/11917222413,,13.0526828,77.6461449,5750,2892,True,public,camera,322,,2024-05-19T06:17:33Z,2026-09-09T04:20:20Z,candidate-public-outdoor,unknown,https://www.openstreetmap.org/node/11917222413,https://www.thetraffic.in/data/surveillance_cameras.v1.json,ODbL-1.0
node/11917222414,,13.0526684,77.6461343,5750,2891,True,public,camera,,,2024-05-19T06:17:33Z,2026-09-09T04:20:20Z,candidate-public-outdoor,unknown,https://www.openstreetmap.org/node/11917222414,https://www.thetraffic.in/data/surveillance_cameras.v1.json,ODbL-1.0
node/10574607739,,13.0151223,77.5727992,5784,6261,True,public,camera,0,,2023-01-22T16:20:28Z,2026-09-09T04:20:20Z,candidate-public-outdoor,unknown,https://www.openstreetmap.org/node/10574607739,https://www.thetraffic.in/data/surveillance_cameras.v1.json,ODbL-1.0
node/10574607740,,13.0151223,77.5727785,5785,6263,True,public,camera,0,,2023-01-22T16:20:28Z,2026-09-09T04:20:20Z,candidate-public-outdoor,unknown,https://www.openstreetmap.org/node/10574607740,https://www.thetraffic.in/data/surveillance_cameras.v1.json,ODbL-1.0
node/3696421499,,13.0192437,77.564784,5793,6761,True,,,,,2015-08-14T07:03:39Z,2026-09-09T04:20:20Z,excluded-non-camera,unknown,https://www.openstreetmap.org/node/3696421499,https://www.thetraffic.in/data/surveillance_cameras.v1.json,ODbL-1.0
node/12135686527,,13.014622,77.5737545,5795,6210,True,public,camera,86,,2024-08-25T12:23:53Z,2026-09-09T04:20:20Z,candidate-public-outdoor,unknown,https://www.openstreetmap.org/node/12135686527,https://www.thetraffic.in/data/surveillance_cameras.v1.json,ODbL-1.0
node/12135686528,,13.0146193,77.573748,5796,6210,True,public,camera,267,,2024-08-25T12:23:53Z,2026-09-09T04:20:20Z,candidate-public-outdoor,unknown,https://www.openstreetmap.org/node/12135686528,https://www.thetraffic.in/data/surveillance_cameras.v1.json,ODbL-1.0
node/12135686529,,13.014617,77.573751,5796,6210,True,public,camera,172,,2024-08-25T12:23:53Z,2026-09-09T04:20:20Z,candidate-public-outdoor,unknown,https://www.openstreetmap.org/node/12135686529,https://www.thetraffic.in/data/surveillance_cameras.v1.json,ODbL-1.0
node/12676265239,,13.024766,77.5573683,5808,7242,True,public,camera,26,,2025-03-18T11:40:04Z,2026-09-09T04:20:20Z,candidate-public-outdoor,unknown,https://www.openstreetmap.org/node/12676265239,https://www.thetraffic.in/data/surveillance_cameras.v1.json,ODbL-1.0
node/12676265240,,13.024741,77.5573639,5810,7243,True,public,camera,181,,2025-03-18T11:40:04Z,2026-09-09T04:20:20Z,candidate-public-outdoor,unknown,https://www.openstreetmap.org/node/12676265240,https://www.thetraffic.in/data/surveillance_cameras.v1.json,ODbL-1.0
node/11626791775,,13.0146466,77.5729881,5825,6275,True,public,camera,266,,2024-02-15T12:53:43Z,2026-09-09T04:20:20Z,candidate-public-outdoor,unknown,https://www.openstreetmap.org/node/11626791775,https://www.thetraffic.in/data/surveillance_cameras.v1.json,ODbL-1.0
node/11932321829,,13.020393,77.562553,5825,6918,True,public,camera,26,,2024-05-25T05:17:21Z,2026-09-09T04:20:20Z,candidate-public-outdoor,unknown,https://www.openstreetmap.org/node/11932321829,https://www.thetraffic.in/data/surveillance_cameras.v1.json,ODbL-1.0
node/11932321828,,13.0203807,77.5625431,5827,6920,True,public,camera,208,,2024-05-25T05:17:21Z,2026-09-09T04:20:20Z,candidate-public-outdoor,unknown,https://www.openstreetmap.org/node/11932321828,https://www.thetraffic.in/data/surveillance_cameras.v1.json,ODbL-1.0
node/11626791774,,13.0146106,77.5729923,5828,6277,True,public,camera,265,,2024-02-15T12:53:43Z,2026-09-09T04:20:20Z,candidate-public-outdoor,unknown,https://www.openstreetmap.org/node/11626791774,https://www.thetraffic.in/data/surveillance_cameras.v1.json,ODbL-1.0
node/10124399216,,13.0146084,77.5728029,5836,6294,True,public,camera,0,2022-10-22,2022-10-23T17:34:53Z,2026-09-09T04:20:20Z,candidate-public-outdoor,unknown,https://www.openstreetmap.org/node/10124399216,https://www.thetraffic.in/data/surveillance_cameras.v1.json,ODbL-1.0
node/10124399217,,13.0146102,77.5727977,5836,6294,True,public,camera,270,2022-10-22,2022-10-23T17:34:53Z,2026-09-09T04:20:20Z,candidate-public-outdoor,unknown,https://www.openstreetmap.org/node/10124399217,https://www.thetraffic.in/data/surveillance_cameras.v1.json,ODbL-1.0
node/10124399218,,13.0146109,77.5728078,5836,6293,True,public,camera,90,2022-10-22,2022-10-23T17:34:53Z,2026-09-09T04:20:20Z,candidate-public-outdoor,unknown,https://www.openstreetmap.org/node/10124399218,https://www.thetraffic.in/data/surveillance_cameras.v1.json,ODbL-1.0
node/9980352718,,13.014601,77.5728034,5837,6294,True,public,camera,,2022-08-26,2022-08-26T18:31:49Z,2026-09-09T04:20:20Z,candidate-public-outdoor,unknown,https://www.openstreetmap.org/node/9980352718,https://www.thetraffic.in/data/surveillance_cameras.v1.json,ODbL-1.0
node/9980353017,,13.014601,77.5728034,5837,6294,True,public,camera,,2022-08-26,2022-08-26T18:31:50Z,2026-09-09T04:20:20Z,candidate-public-outdoor,unknown,https://www.openstreetmap.org/node/9980353017,https://www.thetraffic.in/data/surveillance_cameras.v1.json,ODbL-1.0
node/11096453528,,13.0177205,77.5664203,5843,6688,True,public,camera,90,,2023-08-07T06:48:58Z,2026-09-09T04:20:20Z,candidate-public-outdoor,unknown,https://www.openstreetmap.org/node/11096453528,https://www.thetraffic.in/data/surveillance_cameras.v1.json,ODbL-1.0
node/11096453527,,13.0177133,77.5664149,5844,6689,True,public,camera,180,,2023-08-07T06:48:58Z,2026-09-09T04:20:20Z,candidate-public-outdoor,unknown,https://www.openstreetmap.org/node/11096453527,https://www.thetraffic.in/data/surveillance_cameras.v1.json,ODbL-1.0
node/6915470640,,13.0100197,77.5906939,5883,5253,True,public,camera,,,2019-10-25T12:05:40Z,2026-09-09T04:20:20Z,candidate-public-outdoor,unknown,https://www.openstreetmap.org/node/6915470640,https://www.thetraffic.in/data/surveillance_cameras.v1.json,ODbL-1.0
node/10129602758,,13.0099639,77.5905759,5890,5265,True,public,camera,320,2022-10-23,2022-10-26T06:18:46Z,2026-09-09T04:20:20Z,candidate-public-outdoor,unknown,https://www.openstreetmap.org/node/10129602758,https://www.thetraffic.in/data/surveillance_cameras.v1.json,ODbL-1.0
node/10129602759,,13.0099583,77.5905685,5891,5266,True,public,camera,320,2022-10-23,2022-10-26T06:18:46Z,2026-09-09T04:20:20Z,candidate-public-outdoor,unknown,https://www.openstreetmap.org/node/10129602759,https://www.thetraffic.in/data/surveillance_cameras.v1.json,ODbL-1.0
node/10129602757,,13.0099524,77.5905759,5892,5266,True,public,camera,140,2022-10-23,2022-10-26T06:18:46Z,2026-09-09T04:20:20Z,candidate-public-outdoor,unknown,https://www.openstreetmap.org/node/10129602757,https://www.thetraffic.in/data/surveillance_cameras.v1.json,ODbL-1.0
node/12941900393,,13.0264726,77.633775,5901,2796,True,,,,,2025-06-21T05:10:21Z,2026-09-09T04:20:20Z,excluded-non-camera,unknown,https://www.openstreetmap.org/node/12941900393,https://www.thetraffic.in/data/surveillance_cameras.v1.json,ODbL-1.0
node/11626757010,,13.014389,77.5717013,5907,6405,True,public,camera,70,,2024-02-15T12:51:20Z,2026-09-09T04:20:20Z,candidate-public-outdoor,unknown,https://www.openstreetmap.org/node/11626757010,https://www.thetraffic.in/data/surveillance_cameras.v1.json,ODbL-1.0
node/11626757011,,13.0143883,77.5716896,5907,6406,True,public,camera,290,,2024-02-15T12:51:20Z,2026-09-09T04:20:20Z,candidate-public-outdoor,unknown,https://www.openstreetmap.org/node/11626757011,https://www.thetraffic.in/data/surveillance_cameras.v1.json,ODbL-1.0
node/12941901503,,13.0261737,77.6336067,5911,2814,True,,,,,2025-06-21T05:10:21Z,2026-09-09T04:20:20Z,excluded-non-camera,unknown,https://www.openstreetmap.org/node/12941901503,https://www.thetraffic.in/data/surveillance_cameras.v1.json,ODbL-1.0
node/12941901502,,13.0258124,77.6334399,5925,2839,True,,,,,2025-06-21T05:10:21Z,2026-09-09T04:20:20Z,excluded-non-camera,unknown,https://www.openstreetmap.org/node/12941901502,https://www.thetraffic.in/data/surveillance_cameras.v1.json,ODbL-1.0
node/12941901505,,13.0256294,77.6333517,5933,2852,True,,,,,2025-06-21T05:10:21Z,2026-09-09T04:20:20Z,excluded-non-camera,unknown,https://www.openstreetmap.org/node/12941901505,https://www.thetraffic.in/data/surveillance_cameras.v1.json,ODbL-1.0
node/12941901507,,13.0253346,77.6332099,5945,2872,True,,,,,2025-06-21T05:10:21Z,2026-09-09T04:20:20Z,excluded-non-camera,unknown,https://www.openstreetmap.org/node/12941901507,https://www.thetraffic.in/data/surveillance_cameras.v1.json,ODbL-1.0
node/9881441103,,13.0166177,77.5663003,5955,6761,True,public,camera,90,,2022-07-11T17:18:15Z,2026-09-09T04:20:20Z,candidate-public-outdoor,unknown,https://www.openstreetmap.org/node/9881441103,https://www.thetraffic.in/data/surveillance_cameras.v1.json,ODbL-1.0
node/9881441102,,13.016619,77.5662895,5956,6762,True,public,camera,270,,2022-07-11T17:18:15Z,2026-09-09T04:20:20Z,candidate-public-outdoor,unknown,https://www.openstreetmap.org/node/9881441102,https://www.thetraffic.in/data/surveillance_cameras.v1.json,ODbL-1.0
node/11820472680,,13.0211205,77.6285969,5957,3100,True,public,camera,,,2024-04-16T02:04:30Z,2026-09-09T04:20:20Z,candidate-public-outdoor,unknown,https://www.openstreetmap.org/node/11820472680,https://www.thetraffic.in/data/surveillance_cameras.v1.json,ODbL-1.0
node/11820472681,,13.0211201,77.6285985,5957,3101,True,public,camera,17,,2024-04-16T02:04:30Z,2026-09-09T04:20:20Z,candidate-public-outdoor,unknown,https://www.openstreetmap.org/node/11820472681,https://www.thetraffic.in/data/surveillance_cameras.v1.json,ODbL-1.0
node/11820472682,,13.0211173,77.6285945,5957,3101,True,public,camera,112,,2024-04-16T02:04:30Z,2026-09-09T04:20:20Z,candidate-public-outdoor,unknown,https://www.openstreetmap.org/node/11820472682,https://www.thetraffic.in/data/surveillance_cameras.v1.json,ODbL-1.0
node/12941901512,,13.0250032,77.6330686,5960,2897,True,,,,,2025-06-21T05:10:21Z,2026-09-09T04:20:20Z,excluded-non-camera,unknown,https://www.openstreetmap.org/node/12941901512,https://www.thetraffic.in/data/surveillance_cameras.v1.json,ODbL-1.0
node/7260973251,,13.0210285,77.6285755,5963,3109,True,public,camera,,,2020-03-06T05:16:56Z,2026-09-09T04:20:20Z,candidate-public-outdoor,unknown,https://www.openstreetmap.org/node/7260973251,https://www.thetraffic.in/data/surveillance_cameras.v1.json,ODbL-1.0
node/7260929866,,13.0210255,77.6285958,5965,3110,True,,,,,2020-03-03T14:13:42Z,2026-09-09T04:20:20Z,excluded-non-camera,unknown,https://www.openstreetmap.org/node/7260929866,https://www.thetraffic.in/data/surveillance_cameras.v1.json,ODbL-1.0
node/11820444635,,13.0210241,77.6287316,5974,3115,True,public,camera,282,,2024-04-16T02:02:39Z,2026-09-09T04:20:20Z,candidate-public-outdoor,unknown,https://www.openstreetmap.org/node/11820444635,https://www.thetraffic.in/data/surveillance_cameras.v1.json,ODbL-1.0
node/11820444636,,13.0210241,77.6287316,5974,3115,True,public,camera,356,,2024-04-16T02:02:39Z,2026-09-09T04:20:20Z,candidate-public-outdoor,unknown,https://www.openstreetmap.org/node/11820444636,https://www.thetraffic.in/data/surveillance_cameras.v1.json,ODbL-1.0
node/11820444637,,13.0210241,77.6287316,5974,3115,True,public,camera,85,,2024-04-16T02:02:39Z,2026-09-09T04:20:20Z,candidate-public-outdoor,unknown,https://www.openstreetmap.org/node/11820444637,https://www.thetraffic.in/data/surveillance_cameras.v1.json,ODbL-1.0
node/11932321826,,13.0192361,77.5617667,5979,7052,True,public,camera,286,,2024-05-25T05:17:21Z,2026-09-09T04:20:20Z,candidate-public-outdoor,unknown,https://www.openstreetmap.org/node/11932321826,https://www.thetraffic.in/data/surveillance_cameras.v1.json,ODbL-1.0
node/11932321827,,13.0192036,77.5617802,5982,7052,True,public,camera,219,,2024-05-25T05:17:21Z,2026-09-09T04:20:20Z,candidate-public-outdoor,unknown,https://www.openstreetmap.org/node/11932321827,https://www.thetraffic.in/data/surveillance_cameras.v1.json,ODbL-1.0
node/7215593400,,13.0167595,77.5651771,6004,6858,True,public,camera,270,,2020-02-16T05:52:18Z,2026-09-09T04:20:20Z,candidate-public-outdoor,unknown,https://www.openstreetmap.org/node/7215593400,https://www.thetraffic.in/data/surveillance_cameras.v1.json,ODbL-1.0
node/7215593399,,13.0167451,77.5651912,6005,6857,True,public,camera,180,,2020-02-16T05:52:18Z,2026-09-09T04:20:20Z,candidate-public-outdoor,unknown,https://www.openstreetmap.org/node/7215593399,https://www.thetraffic.in/data/surveillance_cameras.v1.json,ODbL-1.0
node/10212418999,,13.0159938,77.5662871,6016,6798,True,public,camera,90,,2022-11-23T16:41:56Z,2026-09-09T04:20:20Z,candidate-public-outdoor,unknown,https://www.openstreetmap.org/node/10212418999,https://www.thetraffic.in/data/surveillance_cameras.v1.json,ODbL-1.0
node/10212418998,,13.0159923,77.5662576,6018,6801,True,public,camera,270,,2022-11-23T16:41:56Z,2026-09-09T04:20:20Z,candidate-public-outdoor,unknown,https://www.openstreetmap.org/node/10212418998,https://www.thetraffic.in/data/surveillance_cameras.v1.json,ODbL-1.0
node/9881441095,,13.0181207,77.5627091,6022,7018,True,public,camera,45,,2022-07-11T17:18:15Z,2026-09-09T04:20:20Z,candidate-public-outdoor,unknown,https://www.openstreetmap.org/node/9881441095,https://www.thetraffic.in/data/surveillance_cameras.v1.json,ODbL-1.0
node/12941834009,,13.0260893,77.6350601,6032,2908,True,public,camera,267,,2025-06-21T03:48:25Z,2026-09-09T04:20:20Z,candidate-public-outdoor,unknown,https://www.openstreetmap.org/node/12941834009,https://www.thetraffic.in/data/surveillance_cameras.v1.json,ODbL-1.0
node/12941834010,,13.0260794,77.6350614,6033,2909,True,public,camera,194,,2025-06-21T03:48:25Z,2026-09-09T04:20:20Z,candidate-public-outdoor,unknown,https://www.openstreetmap.org/node/12941834010,https://www.thetraffic.in/data/surveillance_cameras.v1.json,ODbL-1.0
node/12941834011,,13.0260843,77.6350722,6033,2909,True,public,camera,131,,2025-06-21T03:48:25Z,2026-09-09T04:20:20Z,candidate-public-outdoor,unknown,https://www.openstreetmap.org/node/12941834011,https://www.thetraffic.in/data/surveillance_cameras.v1.json,ODbL-1.0
node/12941834007,,13.0256303,77.6349704,6060,2945,True,public,camera,278,,2025-06-21T03:48:25Z,2026-09-09T04:20:20Z,candidate-public-outdoor,unknown,https://www.openstreetmap.org/node/12941834007,https://www.thetraffic.in/data/surveillance_cameras.v1.json,ODbL-1.0
node/12941834008,,13.0256259,77.6349786,6061,2946,True,public,camera,130,,2025-06-21T03:48:25Z,2026-09-09T04:20:20Z,candidate-public-outdoor,unknown,https://www.openstreetmap.org/node/12941834008,https://www.thetraffic.in/data/surveillance_cameras.v1.json,ODbL-1.0
node/12941864574,,13.0259385,77.6353158,6064,2937,True,public,camera,295,,2025-06-21T04:39:54Z,2026-09-09T04:20:20Z,candidate-public-outdoor,unknown,https://www.openstreetmap.org/node/12941864574,https://www.thetraffic.in/data/surveillance_cameras.v1.json,ODbL-1.0
node/9935476917,,13.0146956,77.5677557,6065,6740,True,public,camera,0,2022-08-06,2022-08-06T11:35:08Z,2026-09-09T04:20:20Z,candidate-public-outdoor,unknown,https://www.openstreetmap.org/node/9935476917,https://www.thetraffic.in/data/surveillance_cameras.v1.json,ODbL-1.0
node/12941864575,,13.0259344,77.6353216,6065,2938,True,public,camera,13,,2025-06-21T04:39:54Z,2026-09-09T04:20:20Z,candidate-public-outdoor,unknown,https://www.openstreetmap.org/node/12941864575,https://www.thetraffic.in/data/surveillance_cameras.v1.json,ODbL-1.0
node/12941864576,,13.0259339,77.6353288,6065,2939,True,public,camera,98,,2025-06-21T04:39:54Z,2026-09-09T04:20:20Z,candidate-public-outdoor,unknown,https://www.openstreetmap.org/node/12941864576,https://www.thetraffic.in/data/surveillance_cameras.v1.json,ODbL-1.0
node/9935424316,,13.0146822,77.567754,6066,6741,True,public,camera,180,2022-08-06,2022-08-06T11:35:08Z,2026-09-09T04:20:20Z,candidate-public-outdoor,unknown,https://www.openstreetmap.org/node/9935424316,https://www.thetraffic.in/data/surveillance_cameras.v1.json,ODbL-1.0
node/12941834005,,13.0254125,77.634847,6066,2958,True,public,camera,108,,2025-06-21T03:48:25Z,2026-09-09T04:20:20Z,candidate-public-outdoor,unknown,https://www.openstreetmap.org/node/12941834005,https://www.thetraffic.in/data/surveillance_cameras.v1.json,ODbL-1.0
node/12941834006,,13.0254055,77.6348371,6066,2958,True,public,camera,192,,2025-06-21T03:48:25Z,2026-09-09T04:20:20Z,candidate-public-outdoor,unknown,https://www.openstreetmap.org/node/12941834006,https://www.thetraffic.in/data/surveillance_cameras.v1.json,ODbL-1.0
node/12941834039,,13.0261468,77.6355441,6066,2933,True,public,camera,289,,2025-06-21T03:50:27Z,2026-09-09T04:20:20Z,candidate-public-outdoor,unknown,https://www.openstreetmap.org/node/12941834039,https://www.thetraffic.in/data/surveillance_cameras.v1.json,ODbL-1.0
node/12941834038,,13.0261469,77.6355503,6067,2933,True,public,camera,346,,2025-06-21T03:50:27Z,2026-09-09T04:20:20Z,candidate-public-outdoor,unknown,https://www.openstreetmap.org/node/12941834038,https://www.thetraffic.in/data/surveillance_cameras.v1.json,ODbL-1.0
node/12941834004,,13.0247726,77.6346437,6100,3006,True,public,camera,305,,2025-06-21T03:48:25Z,2026-09-09T04:20:20Z,candidate-public-outdoor,unknown,https://www.openstreetmap.org/node/12941834004,https://www.thetraffic.in/data/surveillance_cameras.v1.json,ODbL-1.0
node/12941834003,,13.0247692,77.6346546,6101,3007,True,public,camera,57,,2025-06-21T03:48:25Z,2026-09-09T04:20:20Z,candidate-public-outdoor,unknown,https://www.openstreetmap.org/node/12941834003,https://www.thetraffic.in/data/surveillance_cameras.v1.json,ODbL-1.0
node/12941834014,,13.0247595,77.6346496,6101,3007,True,public,camera,123,,2025-06-21T03:48:25Z,2026-09-09T04:20:20Z,candidate-public-outdoor,unknown,https://www.openstreetmap.org/node/12941834014,https://www.thetraffic.in/data/surveillance_cameras.v1.json,ODbL-1.0
node/7215593401,,13.0169646,77.5630541,6108,7046,True,public,camera,100,,2020-02-16T05:52:18Z,2026-09-09T04:20:20Z,candidate-public-outdoor,unknown,https://www.openstreetmap.org/node/7215593401,https://www.thetraffic.in/data/surveillance_cameras.v1.json,ODbL-1.0
node/9935476921,,13.0135125,77.5689737,6121,6703,True,public,camera,90,2022-08-06,2022-08-06T11:35:08Z,2026-09-09T04:20:20Z,candidate-public-outdoor,unknown,https://www.openstreetmap.org/node/9935476921,https://www.thetraffic.in/data/surveillance_cameras.v1.json,ODbL-1.0
node/9935476920,,13.0135157,77.5689577,6122,6704,True,public,camera,270,2022-08-06,2022-08-06T11:35:08Z,2026-09-09T04:20:20Z,candidate-public-outdoor,unknown,https://www.openstreetmap.org/node/9935476920,https://www.thetraffic.in/data/surveillance_cameras.v1.json,ODbL-1.0
node/3699307372,,13.016811,77.5629092,6131,7068,True,,,,,2015-08-16T01:46:15Z,2026-09-09T04:20:20Z,excluded-non-camera,unknown,https://www.openstreetmap.org/node/3699307372,https://www.thetraffic.in/data/surveillance_cameras.v1.json,ODbL-1.0
node/6444485473,,13.0091572,77.5805054,6147,6051,True,public,camera,,2022-12-15,2022-12-18T18:37:02Z,2026-09-09T04:20:20Z,candidate-public-outdoor,unknown,https://www.openstreetmap.org/node/6444485473,https://www.thetraffic.in/data/surveillance_cameras.v1.json,ODbL-1.0
node/7215593404,,13.0171299,77.5621013,6150,7128,True,public,camera,210,,2020-02-16T05:52:18Z,2026-09-09T04:20:20Z,candidate-public-outdoor,unknown,https://www.openstreetmap.org/node/7215593404,https://www.thetraffic.in/data/surveillance_cameras.v1.json,ODbL-1.0
node/3699307370,,13.0164591,77.5630553,6155,7074,True,,,,,2015-08-16T01:46:15Z,2026-09-09T04:20:20Z,excluded-non-camera,unknown,https://www.openstreetmap.org/node/3699307370,https://www.thetraffic.in/data/surveillance_cameras.v1.json,ODbL-1.0
node/7087593357,,13.0074704,77.592364,6158,5379,True,public,camera,,,2019-12-27T06:49:25Z,2026-09-09T04:20:20Z,candidate-public-outdoor,unknown,https://www.openstreetmap.org/node/7087593357,https://www.thetraffic.in/data/surveillance_cameras.v1.json,ODbL-1.0
node/9077186615,,13.0159023,77.5637676,6166,7038,True,public,camera,45,,2021-09-09T15:45:56Z,2026-09-09T04:20:20Z,candidate-public-outdoor,unknown,https://www.openstreetmap.org/node/9077186615,https://www.thetraffic.in/data/surveillance_cameras.v1.json,ODbL-1.0
node/7206360781,,13.0262638,77.6369262,6169,3011,True,public,camera,,2022-09-17,2022-09-24T12:33:15Z,2026-09-09T04:20:20Z,candidate-public-outdoor,unknown,https://www.openstreetmap.org/node/7206360781,https://www.thetraffic.in/data/surveillance_cameras.v1.json,ODbL-1.0
node/10214304917,,13.0073423,77.5924044,6172,5388,True,traffic,camera,,2022-11-22,2022-11-24T10:39:08Z,2026-09-09T04:20:20Z,candidate-public-outdoor,unknown,https://www.openstreetmap.org/node/10214304917,https://www.thetraffic.in/data/surveillance_cameras.v1.json,ODbL-1.0
node/12941892974,,13.026068,77.6369255,6184,3028,True,public,camera,286,,2025-06-21T04:59:06Z,2026-09-09T04:20:20Z,candidate-public-outdoor,unknown,https://www.openstreetmap.org/node/12941892974,https://www.thetraffic.in/data/surveillance_cameras.v1.json,ODbL-1.0
node/12941892975,,13.0260304,77.6369446,6188,3033,True,public,camera,173,,2025-06-21T04:59:06Z,2026-09-09T04:20:20Z,candidate-public-outdoor,unknown,https://www.openstreetmap.org/node/12941892975,https://www.thetraffic.in/data/surveillance_cameras.v1.json,ODbL-1.0
node/12676265244,,13.0210609,77.5561296,6203,7520,True,public,camera,8,,2025-03-18T11:40:04Z,2026-09-09T04:20:20Z,candidate-public-outdoor,unknown,https://www.openstreetmap.org/node/12676265244,https://www.thetraffic.in/data/surveillance_cameras.v1.json,ODbL-1.0
node/12676265245,,13.0210449,77.556128,6204,7521,True,public,camera,206,,2025-03-18T11:40:04Z,2026-09-09T04:20:20Z,candidate-public-outdoor,unknown,https://www.openstreetmap.org/node/12676265245,https://www.thetraffic.in/data/surveillance_cameras.v1.json,ODbL-1.0
node/9980353217,,13.0126394,77.5690565,6205,6751,True,public,camera,,2022-08-26,2022-08-26T18:31:52Z,2026-09-09T04:20:20Z,candidate-public-outdoor,unknown,https://www.openstreetmap.org/node/9980353217,https://www.thetraffic.in/data/surveillance_cameras.v1.json,ODbL-1.0
node/3715556377,,13.0126128,77.5689946,6210,6759,True,,,,,2015-08-26T16:23:44Z,2026-09-09T04:20:20Z,excluded-non-camera,unknown,https://www.openstreetmap.org/node/3715556377,https://www.thetraffic.in/data/surveillance_cameras.v1.json,ODbL-1.0
node/11445987958,,13.1170728,77.6086151,6234,7811,True,outdoor,camera,25,,2023-12-23T11:06:16Z,2026-09-09T04:20:20Z,candidate-public-outdoor,unknown,https://www.openstreetmap.org/node/11445987958,https://www.thetraffic.in/data/surveillance_cameras.v1.json,ODbL-1.0
node/11446031589,,13.1170728,77.6086151,6234,7811,True,outdoor,camera,97,,2023-12-23T11:05:19Z,2026-09-09T04:20:20Z,candidate-public-outdoor,unknown,https://www.openstreetmap.org/node/11446031589,https://www.thetraffic.in/data/surveillance_cameras.v1.json,ODbL-1.0
node/12958791597,,13.0183529,77.55901,6237,7363,True,public,camera,,,2025-06-28T05:23:56Z,2026-09-09T04:20:20Z,candidate-public-outdoor,unknown,https://www.openstreetmap.org/node/12958791597,https://www.thetraffic.in/data/surveillance_cameras.v1.json,ODbL-1.0
node/10124399219,,13.0140534,77.5655214,6244,6982,True,public,camera,125,2022-10-22,2022-10-23T17:34:53Z,2026-09-09T04:20:20Z,candidate-public-outdoor,unknown,https://www.openstreetmap.org/node/10124399219,https://www.thetraffic.in/data/surveillance_cameras.v1.json,ODbL-1.0
node/10124399220,,13.0140564,77.5655137,6244,6982,True,public,camera,305,2022-10-22,2022-10-23T17:34:53Z,2026-09-09T04:20:20Z,candidate-public-outdoor,unknown,https://www.openstreetmap.org/node/10124399220,https://www.thetraffic.in/data/surveillance_cameras.v1.json,ODbL-1.0
node/6916641906,,13.0140038,77.5656008,6245,6978,True,public,camera,,,2020-03-02T11:45:44Z,2026-09-09T04:20:20Z,candidate-public-outdoor,unknown,https://www.openstreetmap.org/node/6916641906,https://www.thetraffic.in/data/surveillance_cameras.v1.json,ODbL-1.0
node/9980333320,,13.0139833,77.5656022,6247,6979,True,public,camera,,2022-08-26,2022-08-26T18:31:54Z,2026-09-09T04:20:20Z,candidate-public-outdoor,unknown,https://www.openstreetmap.org/node/9980333320,https://www.thetraffic.in/data/surveillance_cameras.v1.json,ODbL-1.0
node/9980353317,,13.0139833,77.5656022,6247,6979,True,public,camera,,2022-08-26,2022-08-26T18:31:53Z,2026-09-09T04:20:20Z,candidate-public-outdoor,unknown,https://www.openstreetmap.org/node/9980353317,https://www.thetraffic.in/data/surveillance_cameras.v1.json,ODbL-1.0
node/11932321824,,13.0181638,77.5589612,6257,7377,True,public,camera,1,,2024-05-25T05:17:21Z,2026-09-09T04:20:20Z,candidate-public-outdoor,unknown,https://www.openstreetmap.org/node/11932321824,https://www.thetraffic.in/data/surveillance_cameras.v1.json,ODbL-1.0
node/11932321825,,13.0181516,77.5589618,6258,7378,True,public,camera,304,,2024-05-25T05:17:21Z,2026-09-09T04:20:20Z,candidate-public-outdoor,unknown,https://www.openstreetmap.org/node/11932321825,https://www.thetraffic.in/data/surveillance_cameras.v1.json,ODbL-1.0
node/6916648952,,13.0120368,77.5691148,6262,6785,True,public,camera,,,2019-10-28T07:52:32Z,2026-09-09T04:20:20Z,candidate-public-outdoor,unknown,https://www.openstreetmap.org/node/6916648952,https://www.thetraffic.in/data/surveillance_cameras.v1.json,ODbL-1.0
node/10129524868,,13.0120555,77.5689711,6267,6797,True,public,camera,240,2022-10-23,2022-10-26T05:35:37Z,2026-09-09T04:20:20Z,candidate-public-outdoor,unknown,https://www.openstreetmap.org/node/10129524868,https://www.thetraffic.in/data/surveillance_cameras.v1.json,ODbL-1.0
node/10129524867,,13.0120268,77.5689764,6270,6798,True,public,camera,210,2022-10-23,2022-10-26T05:35:37Z,2026-09-09T04:20:20Z,candidate-public-outdoor,unknown,https://www.openstreetmap.org/node/10129524867,https://www.thetraffic.in/data/surveillance_cameras.v1.json,ODbL-1.0
node/12958791596,,13.0188747,77.5578148,6271,7454,True,public,camera,,,2025-06-28T05:23:56Z,2026-09-09T04:20:20Z,candidate-public-outdoor,unknown,https://www.openstreetmap.org/node/12958791596,https://www.thetraffic.in/data/surveillance_cameras.v1.json,ODbL-1.0
node/11626757008,,13.0187601,77.5575243,6301,7488,True,public,camera,84,,2024-02-15T12:51:20Z,2026-09-09T04:20:20Z,candidate-public-outdoor,unknown,https://www.openstreetmap.org/node/11626757008,https://www.thetraffic.in/data/surveillance_cameras.v1.json,ODbL-1.0
node/11626757009,,13.0187688,77.5575025,6301,7490,True,public,camera,,,2024-02-15T12:51:20Z,2026-09-09T04:20:20Z,candidate-public-outdoor,unknown,https://www.openstreetmap.org/node/11626757009,https://www.thetraffic.in/data/surveillance_cameras.v1.json,ODbL-1.0
node/11626757007,,13.0187549,77.5575049,6302,7490,True,public,camera,239,,2024-02-15T12:51:20Z,2026-09-09T04:20:20Z,candidate-public-outdoor,unknown,https://www.openstreetmap.org/node/11626757007,https://www.thetraffic.in/data/surveillance_cameras.v1.json,ODbL-1.0
node/11917222405,,13.0180799,77.6298039,6303,3462,True,public,camera,250,,2024-05-19T06:17:33Z,2026-09-09T04:20:20Z,candidate-public-outdoor,unknown,https://www.openstreetmap.org/node/11917222405,https://www.thetraffic.in/data/surveillance_cameras.v1.json,ODbL-1.0
node/11917222407,,13.0180897,77.6298431,6305,3463,True,public,camera,50,,2024-05-19T06:17:33Z,2026-09-09T04:20:20Z,candidate-public-outdoor,unknown,https://www.openstreetmap.org/node/11917222407,https://www.thetraffic.in/data/surveillance_cameras.v1.json,ODbL-1.0
node/13036680812,,13.0236388,77.6361548,6305,3200,True,,camera,275,,2025-07-30T05:47:29Z,2026-09-09T04:20:20Z,review-access-unknown,unknown,https://www.openstreetmap.org/node/13036680812,https://www.thetraffic.in/data/surveillance_cameras.v1.json,ODbL-1.0
node/13036680813,,13.0236388,77.6361548,6305,3200,True,,camera,358,,2025-07-30T05:47:29Z,2026-09-09T04:20:20Z,review-access-unknown,unknown,https://www.openstreetmap.org/node/13036680813,https://www.thetraffic.in/data/surveillance_cameras.v1.json,ODbL-1.0
node/13036680814,,13.0236388,77.6361548,6305,3200,True,public,camera,108,,2025-07-30T05:47:29Z,2026-09-09T04:20:20Z,candidate-public-outdoor,unknown,https://www.openstreetmap.org/node/13036680814,https://www.thetraffic.in/data/surveillance_cameras.v1.json,ODbL-1.0
node/13036680815,,13.0236388,77.6361548,6305,3200,True,public,camera,179,,2025-07-30T05:47:29Z,2026-09-09T04:20:20Z,candidate-public-outdoor,unknown,https://www.openstreetmap.org/node/13036680815,https://www.thetraffic.in/data/surveillance_cameras.v1.json,ODbL-1.0
node/11917222406,,13.0180599,77.6298363,6307,3466,True,public,camera,152,,2024-05-19T06:17:33Z,2026-09-09T04:20:20Z,candidate-public-outdoor,unknown,https://www.openstreetmap.org/node/11917222406,https://www.thetraffic.in/data/surveillance_cameras.v1.json,ODbL-1.0
node/12676261312,,13.0183548,77.557731,6322,7487,True,public,camera,307,,2025-03-18T11:40:04Z,2026-09-09T04:20:20Z,candidate-public-outdoor,unknown,https://www.openstreetmap.org/node/12676261312,https://www.thetraffic.in/data/surveillance_cameras.v1.json,ODbL-1.0
node/12676261314,,13.0183714,77.5577061,6322,7489,True,public,camera,,,2025-03-18T11:40:04Z,2026-09-09T04:20:20Z,candidate-public-outdoor,unknown,https://www.openstreetmap.org/node/12676261314,https://www.thetraffic.in/data/surveillance_cameras.v1.json,ODbL-1.0
node/12676261313,,13.0183566,77.5576881,6325,7491,True,public,camera,29,,2025-03-18T11:40:04Z,2026-09-09T04:20:20Z,candidate-public-outdoor,unknown,https://www.openstreetmap.org/node/12676261313,https://www.thetraffic.in/data/surveillance_cameras.v1.json,ODbL-1.0
node/12676261323,,13.019945,77.5555816,6335,7624,True,public,camera,111,,2025-03-18T11:40:04Z,2026-09-09T04:20:20Z,candidate-public-outdoor,unknown,https://www.openstreetmap.org/node/12676261323,https://www.thetraffic.in/data/surveillance_cameras.v1.json,ODbL-1.0
node/12676261321,,13.0199485,77.5555632,6336,7626,True,public,camera,,,2025-03-18T11:40:04Z,2026-09-09T04:20:20Z,candidate-public-outdoor,unknown,https://www.openstreetmap.org/node/12676261321,https://www.thetraffic.in/data/surveillance_cameras.v1.json,ODbL-1.0
node/12676261322,,13.0199393,77.5555537,6338,7627,True,public,camera,251,,2025-03-18T11:40:04Z,2026-09-09T04:20:20Z,candidate-public-outdoor,unknown,https://www.openstreetmap.org/node/12676261322,https://www.thetraffic.in/data/surveillance_cameras.v1.json,ODbL-1.0
node/12676261361,,13.0198071,77.5556395,6343,7625,True,public,camera,82,,2025-03-18T11:40:04Z,2026-09-09T04:20:20Z,candidate-public-outdoor,unknown,https://www.openstreetmap.org/node/12676261361,https://www.thetraffic.in/data/surveillance_cameras.v1.json,ODbL-1.0
node/12676265247,,13.0198302,77.5556051,6343,7627,True,public,camera,1,,2025-03-18T11:40:04Z,2026-09-09T04:20:20Z,candidate-public-outdoor,unknown,https://www.openstreetmap.org/node/12676265247,https://www.thetraffic.in/data/surveillance_cameras.v1.json,ODbL-1.0
node/12676261364,,13.0184332,77.5572887,6345,7527,True,public,camera,46,,2025-03-18T11:40:04Z,2026-09-09T04:20:20Z,candidate-public-outdoor,unknown,https://www.openstreetmap.org/node/12676261364,https://www.thetraffic.in/data/surveillance_cameras.v1.json,ODbL-1.0
node/12676265246,,13.0198206,77.5555787,6346,7630,True,public,camera,280,,2025-03-18T11:40:04Z,2026-09-09T04:20:20Z,candidate-public-outdoor,unknown,https://www.openstreetmap.org/node/12676265246,https://www.thetraffic.in/data/surveillance_cameras.v1.json,ODbL-1.0
node/6915492811,,13.0056805,77.593133,6355,5501,True,public,camera,,,2019-10-25T12:05:40Z,2026-09-09T04:20:20Z,candidate-public-outdoor,unknown,https://www.openstreetmap.org/node/6915492811,https://www.thetraffic.in/data/surveillance_cameras.v1.json,ODbL-1.0
node/7193003416,,13.0065917,77.5823149,6382,6124,True,public,camera,,2024-08-22,2024-08-22T12:34:09Z,2026-09-09T04:20:20Z,candidate-public-outdoor,unknown,https://www.openstreetmap.org/node/7193003416,https://www.thetraffic.in/data/surveillance_cameras.v1.json,ODbL-1.0
node/7843610039,2 cameras,13.0202791,77.6338209,6396,3399,True,,,,,2020-08-25T14:18:25Z,2026-09-09T04:20:20Z,excluded-non-camera,unknown,https://www.openstreetmap.org/node/7843610039,https://www.thetraffic.in/data/surveillance_cameras.v1.json,ODbL-1.0
node/7193001112,,13.0063198,77.5823752,6410,6142,True,public,camera,,2025-04-29,2025-04-29T07:28:14Z,2026-09-09T04:20:20Z,candidate-public-outdoor,unknown,https://www.openstreetmap.org/node/7193001112,https://www.thetraffic.in/data/surveillance_cameras.v1.json,ODbL-1.0
node/7192996224,,13.006317,77.5823663,6411,6143,True,public,camera,,2025-04-29,2025-04-29T07:28:26Z,2026-09-09T04:20:20Z,candidate-public-outdoor,unknown,https://www.openstreetmap.org/node/7192996224,https://www.thetraffic.in/data/surveillance_cameras.v1.json,ODbL-1.0
node/7192989202,Public,13.0063015,77.5823635,6412,6145,True,public,camera,,2025-04-29,2025-04-29T07:28:23Z,2026-09-09T04:20:20Z,candidate-public-outdoor,unknown,https://www.openstreetmap.org/node/7192989202,https://www.thetraffic.in/data/surveillance_cameras.v1.json,ODbL-1.0
node/7193003242,Public,13.0063115,77.582353,6412,6145,True,public,camera,,2025-04-29,2025-04-29T07:28:30Z,2026-09-09T04:20:20Z,candidate-public-outdoor,unknown,https://www.openstreetmap.org/node/7193003242,https://www.thetraffic.in/data/surveillance_cameras.v1.json,ODbL-1.0
node/7843588648,2 cameras,13.0199864,77.6337565,6415,3426,True,,,,,2020-08-25T14:18:26Z,2026-09-09T04:20:20Z,excluded-non-camera,unknown,https://www.openstreetmap.org/node/7843588648,https://www.thetraffic.in/data/surveillance_cameras.v1.json,ODbL-1.0
node/7193003415,Public,13.0061651,77.5823001,6429,6161,True,public,camera,,2025-04-29,2025-04-29T07:28:39Z,2026-09-09T04:20:20Z,candidate-public-outdoor,unknown,https://www.openstreetmap.org/node/7193003415,https://www.thetraffic.in/data/surveillance_cameras.v1.json,ODbL-1.0
node/7843589448,3 cameras,13.0196595,77.6336354,6434,3453,True,,,,,2020-08-25T14:18:25Z,2026-09-09T04:20:20Z,excluded-non-camera,unknown,https://www.openstreetmap.org/node/7843589448,https://www.thetraffic.in/data/surveillance_cameras.v1.json,ODbL-1.0
node/9904320718,,13.0160814,77.6292835,6446,3658,True,public,camera,0,2022-07-22,2022-07-22T15:01:06Z,2026-09-09T04:20:20Z,candidate-public-outdoor,unknown,https://www.openstreetmap.org/node/9904320718,https://www.thetraffic.in/data/surveillance_cameras.v1.json,ODbL-1.0
node/11917222401,,13.0145686,77.6270617,6446,3764,True,public,camera,219,,2024-05-19T06:17:33Z,2026-09-09T04:20:20Z,candidate-public-outdoor,unknown,https://www.openstreetmap.org/node/11917222401,https://www.thetraffic.in/data/surveillance_cameras.v1.json,ODbL-1.0
node/11917222402,,13.0145855,77.627085,6446,3762,True,public,camera,,,2024-05-19T06:17:33Z,2026-09-09T04:20:20Z,candidate-public-outdoor,unknown,https://www.openstreetmap.org/node/11917222402,https://www.thetraffic.in/data/surveillance_cameras.v1.json,ODbL-1.0
node/6512071486,,13.0228188,77.6371679,6447,3337,True,public,camera,,,2019-10-25T09:18:50Z,2026-09-09T04:20:20Z,candidate-public-outdoor,unknown,https://www.openstreetmap.org/node/6512071486,https://www.thetraffic.in/data/surveillance_cameras.v1.json,ODbL-1.0
node/6915054057,,13.0228009,77.6371827,6450,3340,True,,,,,2019-10-25T09:16:23Z,2026-09-09T04:20:20Z,excluded-non-camera,unknown,https://www.openstreetmap.org/node/6915054057,https://www.thetraffic.in/data/surveillance_cameras.v1.json,ODbL-1.0
node/7843569759,3 camera,13.0193324,77.6335714,6456,3483,True,,,,,2020-08-25T14:18:24Z,2026-09-09T04:20:20Z,excluded-non-camera,unknown,https://www.openstreetmap.org/node/7843569759,https://www.thetraffic.in/data/surveillance_cameras.v1.json,ODbL-1.0
node/11391167239,,13.0066394,77.5789326,6460,6370,True,public,camera,34,,2023-12-03T05:41:39Z,2026-09-09T04:20:20Z,candidate-public-outdoor,unknown,https://www.openstreetmap.org/node/11391167239,https://www.thetraffic.in/data/surveillance_cameras.v1.json,ODbL-1.0
node/12941784938,,13.0227954,77.6373113,6460,3348,True,public,camera,0,,2025-06-21T03:37:57Z,2026-09-09T04:20:20Z,candidate-public-outdoor,unknown,https://www.openstreetmap.org/node/12941784938,https://www.thetraffic.in/data/surveillance_cameras.v1.json,ODbL-1.0
node/11043315807,,13.0061308,77.5809893,6462,6258,True,outdoor,camera,,2023-07-13,2023-07-28T13:52:50Z,2026-09-09T04:20:20Z,candidate-public-outdoor,unknown,https://www.openstreetmap.org/node/11043315807,https://www.thetraffic.in/data/surveillance_cameras.v1.json,ODbL-1.0
node/11043315808,,13.0061308,77.5809893,6462,6258,True,,camera,,2023-07-13,2023-07-13T04:15:09Z,2026-09-09T04:20:20Z,review-access-unknown,unknown,https://www.openstreetmap.org/node/11043315808,https://www.thetraffic.in/data/surveillance_cameras.v1.json,ODbL-1.0
node/11391167237,,13.0066162,77.5789403,6462,6371,True,public,camera,212,,2023-12-03T05:41:39Z,2026-09-09T04:20:20Z,candidate-public-outdoor,unknown,https://www.openstreetmap.org/node/11391167237,https://www.thetraffic.in/data/surveillance_cameras.v1.json,ODbL-1.0
node/11391167238,,13.0066286,77.5789114,6462,6372,True,public,camera,211,,2023-12-03T05:41:39Z,2026-09-09T04:20:20Z,candidate-public-outdoor,unknown,https://www.openstreetmap.org/node/11391167238,https://www.thetraffic.in/data/surveillance_cameras.v1.json,ODbL-1.0
node/12941784939,,13.0227832,77.6373183,6462,3349,True,public,camera,119,,2025-06-21T03:37:57Z,2026-09-09T04:20:20Z,candidate-public-outdoor,unknown,https://www.openstreetmap.org/node/12941784939,https://www.thetraffic.in/data/surveillance_cameras.v1.json,ODbL-1.0
node/12345547093,,13.0227611,77.6373351,6465,3353,True,,camera,,,2024-11-16T06:57:06Z,2026-09-09T04:20:20Z,review-access-unknown,unknown,https://www.openstreetmap.org/node/12345547093,https://www.thetraffic.in/data/surveillance_cameras.v1.json,ODbL-1.0
node/10610602305,,13.0066794,77.578469,6469,6402,True,public,camera,,2023-02-06,2023-02-06T09:39:09Z,2026-09-09T04:20:20Z,candidate-public-outdoor,unknown,https://www.openstreetmap.org/node/10610602305,https://www.thetraffic.in/data/surveillance_cameras.v1.json,ODbL-1.0
node/6754711480,,13.0172993,77.6313257,6473,3598,True,,,,,2025-02-28T06:27:52Z,2026-09-09T04:20:20Z,excluded-non-camera,unknown,https://www.openstreetmap.org/node/6754711480,https://www.thetraffic.in/data/surveillance_cameras.v1.json,ODbL-1.0
node/6754711912,,13.0173087,77.6313388,6473,3598,True,,,,,2025-02-28T06:27:52Z,2026-09-09T04:20:20Z,excluded-non-camera,unknown,https://www.openstreetmap.org/node/6754711912,https://www.thetraffic.in/data/surveillance_cameras.v1.json,ODbL-1.0
node/6754691030,,13.0172985,77.6313347,6474,3599,True,,,,,2025-02-28T06:27:52Z,2026-09-09T04:20:20Z,excluded-non-camera,unknown,https://www.openstreetmap.org/node/6754691030,https://www.thetraffic.in/data/surveillance_cameras.v1.json,ODbL-1.0
node/10610602306,,13.0064602,77.5788819,6481,6388,True,public,camera,,2023-02-06,2023-02-06T09:39:12Z,2026-09-09T04:20:20Z,candidate-public-outdoor,unknown,https://www.openstreetmap.org/node/10610602306,https://www.thetraffic.in/data/surveillance_cameras.v1.json,ODbL-1.0
node/10610602307,,13.0064602,77.5788819,6481,6388,True,public,camera,,2023-02-06,2023-02-06T09:39:13Z,2026-09-09T04:20:20Z,candidate-public-outdoor,unknown,https://www.openstreetmap.org/node/10610602307,https://www.thetraffic.in/data/surveillance_cameras.v1.json,ODbL-1.0
node/10610602505,,13.0065724,77.5784155,6482,6415,True,public,camera,,2023-02-06,2023-02-06T09:39:11Z,2026-09-09T04:20:20Z,candidate-public-outdoor,unknown,https://www.openstreetmap.org/node/10610602505,https://www.thetraffic.in/data/surveillance_cameras.v1.json,ODbL-1.0
node/6915063329,,13.0149143,77.6281812,6483,3753,True,outdoor,camera,240,,2019-10-25T09:20:17Z,2026-09-09T04:20:20Z,candidate-public-outdoor,unknown,https://www.openstreetmap.org/node/6915063329,https://www.thetraffic.in/data/surveillance_cameras.v1.json,ODbL-1.0
node/11897962119,,13.008495,77.5723728,6483,6749,True,public,camera,,,2024-05-12T04:25:05Z,2026-09-09T04:20:20Z,candidate-public-outdoor,unknown,https://www.openstreetmap.org/node/11897962119,https://www.thetraffic.in/data/surveillance_cameras.v1.json,ODbL-1.0
node/7843605950,2 camera,13.0192934,77.6339355,6486,3503,True,,,,,2020-08-25T14:18:28Z,2026-09-09T04:20:20Z,excluded-non-camera,unknown,https://www.openstreetmap.org/node/7843605950,https://www.thetraffic.in/data/surveillance_cameras.v1.json,ODbL-1.0
node/5970919234,,13.0064362,77.5787556,6487,6400,True,public,camera,,2023-10-31,2023-10-31T04:08:29Z,2026-09-09T04:20:20Z,candidate-public-outdoor,unknown,https://www.openstreetmap.org/node/5970919234,https://www.thetraffic.in/data/surveillance_cameras.v1.json,ODbL-1.0
node/6944695882,,13.0148462,77.6282024,6490,3761,True,outdoor,camera,270,,2019-11-04T10:04:53Z,2026-09-09T04:20:20Z,candidate-public-outdoor,unknown,https://www.openstreetmap.org/node/6944695882,https://www.thetraffic.in/data/surveillance_cameras.v1.json,ODbL-1.0
node/6944724535,,13.0148437,77.6282073,6491,3761,True,outdoor,camera,180,,2019-11-04T10:04:53Z,2026-09-09T04:20:20Z,candidate-public-outdoor,unknown,https://www.openstreetmap.org/node/6944724535,https://www.thetraffic.in/data/surveillance_cameras.v1.json,ODbL-1.0
node/10610602309,,13.0063158,77.5788034,6498,6406,True,public,camera,,2023-02-06,2023-02-06T09:39:17Z,2026-09-09T04:20:20Z,candidate-public-outdoor,unknown,https://www.openstreetmap.org/node/10610602309,https://www.thetraffic.in/data/surveillance_cameras.v1.json,ODbL-1.0
node/12941892982,,13.0254239,77.6401951,6499,3309,True,public,camera,294,,2025-06-21T04:59:06Z,2026-09-09T04:20:20Z,candidate-public-outdoor,unknown,https://www.openstreetmap.org/node/12941892982,https://www.thetraffic.in/data/surveillance_cameras.v1.json,ODbL-1.0
node/11391167234,,13.0088082,77.5711535,6500,6829,True,public,camera,179,,2023-12-03T05:41:39Z,2026-09-09T04:20:20Z,candidate-public-outdoor,unknown,https://www.openstreetmap.org/node/11391167234,https://www.thetraffic.in/data/surveillance_cameras.v1.json,ODbL-1.0
node/12941892984,,13.0254231,77.6402093,6501,3310,True,public,camera,,,2025-06-21T04:59:06Z,2026-09-09T04:20:20Z,candidate-public-outdoor,unknown,https://www.openstreetmap.org/node/12941892984,https://www.thetraffic.in/data/surveillance_cameras.v1.json,ODbL-1.0
node/12941892983,,13.0254129,77.6402171,6502,3311,True,public,camera,114,,2025-06-21T04:59:06Z,2026-09-09T04:20:20Z,candidate-public-outdoor,unknown,https://www.openstreetmap.org/node/12941892983,https://www.thetraffic.in/data/surveillance_cameras.v1.json,ODbL-1.0
node/11502346119,,13.0057536,77.5809197,6505,6294,True,outdoor,camera,210,,2024-01-09T05:29:12Z,2026-09-09T04:20:20Z,candidate-public-outdoor,unknown,https://www.openstreetmap.org/node/11502346119,https://www.thetraffic.in/data/surveillance_cameras.v1.json,ODbL-1.0
node/11391167235,,13.0085303,77.5716704,6508,6805,True,public,camera,334,,2023-12-03T05:41:39Z,2026-09-09T04:20:20Z,candidate-public-outdoor,unknown,https://www.openstreetmap.org/node/11391167235,https://www.thetraffic.in/data/surveillance_cameras.v1.json,ODbL-1.0
node/11391167236,,13.0085141,77.5716534,6510,6808,True,public,camera,270,,2023-12-03T05:41:39Z,2026-09-09T04:20:20Z,candidate-public-outdoor,unknown,https://www.openstreetmap.org/node/11391167236,https://www.thetraffic.in/data/surveillance_cameras.v1.json,ODbL-1.0
node/6442914942,CCTV,13.0056695,77.580865,6515,6305,True,outdoor,camera,,2024-07-17,2024-07-17T04:46:43Z,2026-09-09T04:20:20Z,candidate-public-outdoor,unknown,https://www.openstreetmap.org/node/6442914942,https://www.thetraffic.in/data/surveillance_cameras.v1.json,ODbL-1.0
node/6444486615,,13.0084718,77.5715886,6517,6816,True,public,camera,,,2019-10-25T12:03:21Z,2026-09-09T04:20:20Z,candidate-public-outdoor,unknown,https://www.openstreetmap.org/node/6444486615,https://www.thetraffic.in/data/surveillance_cameras.v1.json,ODbL-1.0
node/6915075953,,13.0147522,77.6285553,6520,3780,True,outdoor,camera,240,,2019-10-25T09:20:17Z,2026-09-09T04:20:20Z,candidate-public-outdoor,unknown,https://www.openstreetmap.org/node/6915075953,https://www.thetraffic.in/data/surveillance_cameras.v1.json,ODbL-1.0
node/11446014738,,13.1195595,77.6093505,6521,8073,True,outdoor,camera,196,,2023-12-23T10:59:12Z,2026-09-09T04:20:20Z,candidate-public-outdoor,unknown,https://www.openstreetmap.org/node/11446014738,https://www.thetraffic.in/data/surveillance_cameras.v1.json,ODbL-1.0
node/11446027543,,13.1195595,77.6093505,6521,8073,True,outdoor,camera,280,,2023-12-23T10:58:04Z,2026-09-09T04:20:20Z,candidate-public-outdoor,unknown,https://www.openstreetmap.org/node/11446027543,https://www.thetraffic.in/data/surveillance_cameras.v1.json,ODbL-1.0
node/6444486709,,13.0084993,77.5711547,6532,6850,True,public,camera,,,2019-10-25T12:03:21Z,2026-09-09T04:20:20Z,candidate-public-outdoor,unknown,https://www.openstreetmap.org/node/6444486709,https://www.thetraffic.in/data/surveillance_cameras.v1.json,ODbL-1.0
node/11898106011,,13.0084099,77.5712463,6537,6849,True,outdoor,camera,,,2024-05-12T07:14:05Z,2026-09-09T04:20:20Z,candidate-public-outdoor,unknown,https://www.openstreetmap.org/node/11898106011,https://www.thetraffic.in/data/surveillance_cameras.v1.json,ODbL-1.0
node/11897981169,,13.0084619,77.5711066,6538,6857,True,,camera,,,2024-05-12T04:25:36Z,2026-09-09T04:20:20Z,review-access-unknown,unknown,https://www.openstreetmap.org/node/11897981169,https://www.thetraffic.in/data/surveillance_cameras.v1.json,ODbL-1.0
node/11502209843,,13.0056853,77.5797328,6541,6387,True,outdoor,camera,90,,2024-01-09T05:13:46Z,2026-09-09T04:20:20Z,candidate-public-outdoor,unknown,https://www.openstreetmap.org/node/11502209843,https://www.thetraffic.in/data/surveillance_cameras.v1.json,ODbL-1.0
node/11502209844,,13.0056801,77.5797238,6542,6388,True,outdoor,camera,221,,2024-01-09T05:13:46Z,2026-09-09T04:20:20Z,candidate-public-outdoor,unknown,https://www.openstreetmap.org/node/11502209844,https://www.thetraffic.in/data/surveillance_cameras.v1.json,ODbL-1.0
node/11502346118,,13.0056191,77.5798694,6545,6382,True,outdoor,camera,310,,2024-01-09T05:29:12Z,2026-09-09T04:20:20Z,candidate-public-outdoor,unknown,https://www.openstreetmap.org/node/11502346118,https://www.thetraffic.in/data/surveillance_cameras.v1.json,ODbL-1.0
node/11898106012,,13.0083319,77.571255,6545,6854,True,outdoor,camera,,,2024-05-12T07:14:05Z,2026-09-09T04:20:20Z,candidate-public-outdoor,unknown,https://www.openstreetmap.org/node/11898106012,https://www.thetraffic.in/data/surveillance_cameras.v1.json,ODbL-1.0
node/12448376524,,13.0054877,77.5801995,6551,6369,True,public,camera,211,,2024-12-24T12:22:48Z,2026-09-09T04:20:20Z,candidate-public-outdoor,unknown,https://www.openstreetmap.org/node/12448376524,https://www.thetraffic.in/data/surveillance_cameras.v1.json,ODbL-1.0
node/11898106013,,13.0081834,77.5712552,6560,6864,True,outdoor,camera,,,2024-05-12T07:14:05Z,2026-09-09T04:20:20Z,candidate-public-outdoor,unknown,https://www.openstreetmap.org/node/11898106013,https://www.thetraffic.in/data/surveillance_cameras.v1.json,ODbL-1.0
node/11898106014,,13.0080379,77.5712901,6574,6872,True,outdoor,camera,,,2024-05-12T07:14:05Z,2026-09-09T04:20:20Z,candidate-public-outdoor,unknown,https://www.openstreetmap.org/node/11898106014,https://www.thetraffic.in/data/surveillance_cameras.v1.json,ODbL-1.0
node/11898106015,,13.0079286,77.5712589,6586,6882,True,outdoor,camera,,,2024-05-12T07:14:05Z,2026-09-09T04:20:20Z,candidate-public-outdoor,unknown,https://www.openstreetmap.org/node/11898106015,https://www.thetraffic.in/data/surveillance_cameras.v1.json,ODbL-1.0
node/11898106016,,13.0078084,77.5712851,6598,6889,True,outdoor,camera,,,2024-05-12T07:14:05Z,2026-09-09T04:20:20Z,candidate-public-outdoor,unknown,https://www.openstreetmap.org/node/11898106016,https://www.thetraffic.in/data/surveillance_cameras.v1.json,ODbL-1.0
node/11897981170,,13.0086816,77.5691193,6600,7009,True,,camera,,,2024-05-12T04:25:36Z,2026-09-09T04:20:20Z,review-access-unknown,unknown,https://www.openstreetmap.org/node/11897981170,https://www.thetraffic.in/data/surveillance_cameras.v1.json,ODbL-1.0
node/12997282342,,13.008685,77.5691105,6600,7010,True,,camera,,,2025-07-13T11:48:56Z,2026-09-09T04:20:20Z,review-access-unknown,unknown,https://www.openstreetmap.org/node/12997282342,https://www.thetraffic.in/data/surveillance_cameras.v1.json,ODbL-1.0
node/9810258617,,13.0085973,77.5691314,6608,7014,True,public,camera,,2022-06-11,2022-06-11T04:11:58Z,2026-09-09T04:20:20Z,candidate-public-outdoor,unknown,https://www.openstreetmap.org/node/9810258617,https://www.thetraffic.in/data/surveillance_cameras.v1.json,ODbL-1.0
node/11898106017,,13.0076781,77.571272,6612,6899,True,outdoor,camera,,,2024-05-12T07:14:05Z,2026-09-09T04:20:20Z,candidate-public-outdoor,unknown,https://www.openstreetmap.org/node/11898106017,https://www.thetraffic.in/data/surveillance_cameras.v1.json,ODbL-1.0
node/12448376523,,13.0049484,77.5799096,6617,6434,True,public,camera,31,,2024-12-24T12:22:48Z,2026-09-09T04:20:20Z,candidate-public-outdoor,unknown,https://www.openstreetmap.org/node/12448376523,https://www.thetraffic.in/data/surveillance_cameras.v1.json,ODbL-1.0
node/11898106018,,13.0076079,77.5712594,6619,6905,True,outdoor,camera,,,2024-05-12T07:14:05Z,2026-09-09T04:20:20Z,candidate-public-outdoor,unknown,https://www.openstreetmap.org/node/11898106018,https://www.thetraffic.in/data/surveillance_cameras.v1.json,ODbL-1.0
node/11898106019,,13.0074983,77.5713325,6628,6907,True,outdoor,camera,,,2024-05-12T07:14:05Z,2026-09-09T04:20:20Z,candidate-public-outdoor,unknown,https://www.openstreetmap.org/node/11898106019,https://www.thetraffic.in/data/surveillance_cameras.v1.json,ODbL-1.0
node/11898106020,,13.0073914,77.5713304,6639,6915,True,outdoor,camera,,,2024-05-12T07:14:05Z,2026-09-09T04:20:20Z,candidate-public-outdoor,unknown,https://www.openstreetmap.org/node/11898106020,https://www.thetraffic.in/data/surveillance_cameras.v1.json,ODbL-1.0
node/12090331809,,13.0062978,77.5739109,6655,6786,True,public,camera,73,,2024-08-03T11:50:16Z,2026-09-09T04:20:20Z,candidate-public-outdoor,unknown,https://www.openstreetmap.org/node/12090331809,https://www.thetraffic.in/data/surveillance_cameras.v1.json,ODbL-1.0
node/12090331808,,13.0062946,77.5739009,6656,6787,True,public,camera,317,,2024-08-03T11:50:16Z,2026-09-09T04:20:20Z,candidate-public-outdoor,unknown,https://www.openstreetmap.org/node/12090331808,https://www.thetraffic.in/data/surveillance_cameras.v1.json,ODbL-1.0
node/12090331810,,13.006287,77.5739114,6656,6787,True,public,camera,165,,2024-08-03T11:50:16Z,2026-09-09T04:20:20Z,candidate-public-outdoor,unknown,https://www.openstreetmap.org/node/12090331810,https://www.thetraffic.in/data/surveillance_cameras.v1.json,ODbL-1.0
node/11817036974,,13.0348038,77.648479,6665,3408,True,outdoor,camera,301,,2024-04-14T18:02:53Z,2026-09-09T04:20:20Z,candidate-public-outdoor,unknown,https://www.openstreetmap.org/node/11817036974,https://www.thetraffic.in/data/surveillance_cameras.v1.json,ODbL-1.0
node/11817036975,,13.0348038,77.648479,6665,3408,True,outdoor,camera,359,,2024-04-14T18:02:53Z,2026-09-09T04:20:20Z,candidate-public-outdoor,unknown,https://www.openstreetmap.org/node/11817036975,https://www.thetraffic.in/data/surveillance_cameras.v1.json,ODbL-1.0
node/11817036976,,13.0348038,77.648479,6665,3408,True,outdoor,camera,77,,2024-04-14T18:02:53Z,2026-09-09T04:20:20Z,candidate-public-outdoor,unknown,https://www.openstreetmap.org/node/11817036976,https://www.thetraffic.in/data/surveillance_cameras.v1.json,ODbL-1.0
node/10228056718,,13.0029074,77.5961625,6667,5607,True,traffic,camera,,2022-11-30,2022-11-30T11:01:52Z,2026-09-09T04:20:20Z,candidate-public-outdoor,unknown,https://www.openstreetmap.org/node/10228056718,https://www.thetraffic.in/data/surveillance_cameras.v1.json,ODbL-1.0
node/12941892989,,13.0246947,77.6416291,6671,3473,True,public,camera,296,,2025-06-21T04:59:06Z,2026-09-09T04:20:20Z,candidate-public-outdoor,unknown,https://www.openstreetmap.org/node/12941892989,https://www.thetraffic.in/data/surveillance_cameras.v1.json,ODbL-1.0
node/12941892990,,13.0246802,77.641644,6673,3475,True,public,camera,118,,2025-06-21T04:59:06Z,2026-09-09T04:20:20Z,candidate-public-outdoor,unknown,https://www.openstreetmap.org/node/12941892990,https://www.thetraffic.in/data/surveillance_cameras.v1.json,ODbL-1.0
node/9776700117,,13.0238096,77.6411736,6696,3514,True,public,camera,90,2022-05-28,2022-05-28T11:49:03Z,2026-09-09T04:20:20Z,candidate-public-outdoor,unknown,https://www.openstreetmap.org/node/9776700117,https://www.thetraffic.in/data/surveillance_cameras.v1.json,ODbL-1.0
node/9776700217,,13.0238096,77.6411736,6696,3514,True,public,camera,270,2022-05-28,2022-05-28T11:49:07Z,2026-09-09T04:20:20Z,candidate-public-outdoor,unknown,https://www.openstreetmap.org/node/9776700217,https://www.thetraffic.in/data/surveillance_cameras.v1.json,ODbL-1.0
node/9776700317,,13.0238096,77.6411736,6696,3514,True,public,camera,180,2022-05-28,2022-05-28T11:49:10Z,2026-09-09T04:20:20Z,candidate-public-outdoor,unknown,https://www.openstreetmap.org/node/9776700317,https://www.thetraffic.in/data/surveillance_cameras.v1.json,ODbL-1.0
node/7215549949,,13.015575,77.5555869,6708,7833,True,public,camera,,2022-12-15,2024-03-24T12:14:18Z,2026-09-09T04:20:20Z,candidate-public-outdoor,unknown,https://www.openstreetmap.org/node/7215549949,https://www.thetraffic.in/data/surveillance_cameras.v1.json,ODbL-1.0
node/11391167241,,13.0030911,77.583878,6734,6314,True,public,camera,239,,2023-12-03T05:41:39Z,2026-09-09T04:20:20Z,candidate-public-outdoor,unknown,https://www.openstreetmap.org/node/11391167241,https://www.thetraffic.in/data/surveillance_cameras.v1.json,ODbL-1.0
node/11897981179,,13.0072902,77.5691666,6740,7102,True,public,camera,,,2024-05-12T04:25:36Z,2026-09-09T04:20:20Z,candidate-public-outdoor,unknown,https://www.openstreetmap.org/node/11897981179,https://www.thetraffic.in/data/surveillance_cameras.v1.json,ODbL-1.0
node/11897962126,,13.0063679,77.5711538,6752,7004,True,public,camera,1,,2024-05-12T04:28:17Z,2026-09-09T04:20:20Z,candidate-public-outdoor,unknown,https://www.openstreetmap.org/node/11897962126,https://www.thetraffic.in/data/surveillance_cameras.v1.json,ODbL-1.0
node/11897962127,,13.0063679,77.5711538,6752,7004,True,public,camera,89,,2024-05-12T04:28:17Z,2026-09-09T04:20:20Z,candidate-public-outdoor,unknown,https://www.openstreetmap.org/node/11897962127,https://www.thetraffic.in/data/surveillance_cameras.v1.json,ODbL-1.0
node/11897962128,,13.0063679,77.5711538,6752,7004,True,public,camera,273,,2024-05-12T04:28:17Z,2026-09-09T04:20:20Z,candidate-public-outdoor,unknown,https://www.openstreetmap.org/node/11897962128,https://www.thetraffic.in/data/surveillance_cameras.v1.json,ODbL-1.0
node/11817008167,,13.0347625,77.6494654,6762,3507,True,public,camera,181,,2024-04-14T18:02:53Z,2026-09-09T04:20:20Z,candidate-public-outdoor,unknown,https://www.openstreetmap.org/node/11817008167,https://www.thetraffic.in/data/surveillance_cameras.v1.json,ODbL-1.0
node/10748289807,,13.0045563,77.6122444,6771,4869,True,public,camera,,2023-03-20,2023-03-20T11:51:12Z,2026-09-09T04:20:20Z,candidate-public-outdoor,unknown,https://www.openstreetmap.org/node/10748289807,https://www.thetraffic.in/data/surveillance_cameras.v1.json,ODbL-1.0
node/6915512861,,13.0149157,77.6326772,6772,3898,True,public,camera,270,,2019-10-25T12:16:04Z,2026-09-09T04:20:20Z,candidate-public-outdoor,unknown,https://www.openstreetmap.org/node/6915512861,https://www.thetraffic.in/data/surveillance_cameras.v1.json,ODbL-1.0
node/6915512862,,13.0149145,77.6326793,6772,3898,True,public,camera,0,,2019-10-25T12:16:04Z,2026-09-09T04:20:20Z,candidate-public-outdoor,unknown,https://www.openstreetmap.org/node/6915512862,https://www.thetraffic.in/data/surveillance_cameras.v1.json,ODbL-1.0
node/6915512863,,13.0149153,77.6326813,6772,3898,True,public,camera,90,,2019-10-25T12:16:04Z,2026-09-09T04:20:20Z,candidate-public-outdoor,unknown,https://www.openstreetmap.org/node/6915512863,https://www.thetraffic.in/data/surveillance_cameras.v1.json,ODbL-1.0
node/7843602376,3 cameras,13.0149046,77.6326747,6773,3899,True,,,,,2020-08-25T14:18:27Z,2026-09-09T04:20:20Z,excluded-non-camera,unknown,https://www.openstreetmap.org/node/7843602376,https://www.thetraffic.in/data/surveillance_cameras.v1.json,ODbL-1.0
node/9912087550,,13.0263043,77.5440399,6774,8559,True,public,camera,,2022-07-23,2022-07-26T13:47:36Z,2026-09-09T04:20:20Z,candidate-public-outdoor,unknown,https://www.openstreetmap.org/node/9912087550,https://www.thetraffic.in/data/surveillance_cameras.v1.json,ODbL-1.0
node/11096802264,,13.012867,77.5581363,6785,7735,True,public,camera,30,,2023-08-07T10:29:54Z,2026-09-09T04:20:20Z,candidate-public-outdoor,unknown,https://www.openstreetmap.org/node/11096802264,https://www.thetraffic.in/data/surveillance_cameras.v1.json,ODbL-1.0
node/11096802266,,13.0128715,77.5581222,6785,7736,True,public,camera,330,,2023-08-07T10:29:54Z,2026-09-09T04:20:20Z,candidate-public-outdoor,unknown,https://www.openstreetmap.org/node/11096802266,https://www.thetraffic.in/data/surveillance_cameras.v1.json,ODbL-1.0
node/11096802265,,13.0128526,77.5581329,6786,7736,True,public,camera,150,,2023-08-07T10:29:54Z,2026-09-09T04:20:20Z,candidate-public-outdoor,unknown,https://www.openstreetmap.org/node/11096802265,https://www.thetraffic.in/data/surveillance_cameras.v1.json,ODbL-1.0
node/9776621618,,13.0223803,77.6410652,6791,3628,True,public,camera,180,2022-05-28,2022-05-28T10:40:27Z,2026-09-09T04:20:20Z,candidate-public-outdoor,unknown,https://www.openstreetmap.org/node/9776621618,https://www.thetraffic.in/data/surveillance_cameras.v1.json,ODbL-1.0
node/9776621619,,13.0223803,77.6410652,6791,3628,True,public,camera,270,2022-05-28,2022-05-28T10:40:36Z,2026-09-09T04:20:20Z,candidate-public-outdoor,unknown,https://www.openstreetmap.org/node/9776621619,https://www.thetraffic.in/data/surveillance_cameras.v1.json,ODbL-1.0
node/9776627517,,13.022381,77.6410668,6791,3628,True,public,camera,,2022-05-28,2022-05-28T11:42:48Z,2026-09-09T04:20:20Z,candidate-public-outdoor,unknown,https://www.openstreetmap.org/node/9776627517,https://www.thetraffic.in/data/surveillance_cameras.v1.json,ODbL-1.0
node/9776627518,,13.0223803,77.6410652,6791,3628,True,public,camera,90,2022-05-28,2022-05-28T11:42:45Z,2026-09-09T04:20:20Z,candidate-public-outdoor,unknown,https://www.openstreetmap.org/node/9776627518,https://www.thetraffic.in/data/surveillance_cameras.v1.json,ODbL-1.0
node/7249152367,,13.1217795,77.6105137,6792,8301,True,public,camera,,,2020-02-28T10:55:44Z,2026-09-09T04:20:20Z,candidate-public-outdoor,unknown,https://www.openstreetmap.org/node/7249152367,https://www.thetraffic.in/data/surveillance_cameras.v1.json,ODbL-1.0
node/11817008162,,13.0347101,77.6499704,6813,3559,True,outdoor,camera,272,,2024-04-14T18:02:53Z,2026-09-09T04:20:20Z,candidate-public-outdoor,unknown,https://www.openstreetmap.org/node/11817008162,https://www.thetraffic.in/data/surveillance_cameras.v1.json,ODbL-1.0
node/11817008163,,13.0347101,77.6499704,6813,3559,True,outdoor,camera,353,,2024-04-14T18:02:53Z,2026-09-09T04:20:20Z,candidate-public-outdoor,unknown,https://www.openstreetmap.org/node/11817008163,https://www.thetraffic.in/data/surveillance_cameras.v1.json,ODbL-1.0
node/11096802262,,13.0096689,77.5627195,6818,7504,True,public,camera,315,,2023-08-07T10:29:54Z,2026-09-09T04:20:20Z,candidate-public-outdoor,unknown,https://www.openstreetmap.org/node/11096802262,https://www.thetraffic.in/data/surveillance_cameras.v1.json,ODbL-1.0
node/11096802263,,13.0096493,77.5627329,6819,7504,True,public,camera,135,,2023-08-07T10:29:54Z,2026-09-09T04:20:20Z,candidate-public-outdoor,unknown,https://www.openstreetmap.org/node/11096802263,https://www.thetraffic.in/data/surveillance_cameras.v1.json,ODbL-1.0
node/11279348383,,13.01202,77.5583783,6847,7760,True,public,camera,154,,2025-09-05T18:00:13Z,2026-09-09T04:20:20Z,candidate-public-outdoor,unknown,https://www.openstreetmap.org/node/11279348383,https://www.thetraffic.in/data/surveillance_cameras.v1.json,ODbL-1.0
node/12808851949,,13.0089978,77.563121,6862,7510,True,public,camera,,,2025-05-04T04:17:08Z,2026-09-09T04:20:20Z,candidate-public-outdoor,unknown,https://www.openstreetmap.org/node/12808851949,https://www.thetraffic.in/data/surveillance_cameras.v1.json,ODbL-1.0
node/9776705725,,13.022192,77.6417748,6863,3693,True,public,camera,45,2022-05-28,2022-05-28T11:56:21Z,2026-09-09T04:20:20Z,candidate-public-outdoor,unknown,https://www.openstreetmap.org/node/9776705725,https://www.thetraffic.in/data/surveillance_cameras.v1.json,ODbL-1.0
node/9776705726,,13.022192,77.6417748,6863,3693,True,public,camera,120,2022-05-28,2022-05-28T11:56:23Z,2026-09-09T04:20:20Z,candidate-public-outdoor,unknown,https://www.openstreetmap.org/node/9776705726,https://www.thetraffic.in/data/surveillance_cameras.v1.json,ODbL-1.0
node/9776706217,,13.022192,77.6417748,6863,3693,True,public,camera,310,2022-05-28,2022-05-28T11:56:20Z,2026-09-09T04:20:20Z,candidate-public-outdoor,unknown,https://www.openstreetmap.org/node/9776706217,https://www.thetraffic.in/data/surveillance_cameras.v1.json,ODbL-1.0
node/12212969785,,13.1215341,77.6137807,6868,8237,True,public,camera,,,2024-10-01T02:26:39Z,2026-09-09T04:20:20Z,candidate-public-outdoor,unknown,https://www.openstreetmap.org/node/12212969785,https://www.thetraffic.in/data/surveillance_cameras.v1.json,ODbL-1.0
node/7968683935,,13.0046949,77.6158257,6880,4802,True,public,camera,30;120;170,,2020-12-17T10:23:03Z,2026-09-09T04:20:20Z,candidate-public-outdoor,unknown,https://www.openstreetmap.org/node/7968683935,https://www.thetraffic.in/data/surveillance_cameras.v1.json,ODbL-1.0
node/12290182013,,13.0090306,77.5622636,6904,7585,True,public,camera,179,,2024-10-26T13:53:26Z,2026-09-09T04:20:20Z,candidate-public-outdoor,unknown,https://www.openstreetmap.org/node/12290182013,https://www.thetraffic.in/data/surveillance_cameras.v1.json,ODbL-1.0
node/12290182015,,13.0090258,77.5622811,6904,7583,True,public,camera,98,,2024-10-26T13:53:26Z,2026-09-09T04:20:20Z,candidate-public-outdoor,unknown,https://www.openstreetmap.org/node/12290182015,https://www.thetraffic.in/data/surveillance_cameras.v1.json,ODbL-1.0
node/12290182014,,13.0090296,77.5622516,6905,7586,True,public,camera,258,,2024-10-26T13:53:26Z,2026-09-09T04:20:20Z,candidate-public-outdoor,unknown,https://www.openstreetmap.org/node/12290182014,https://www.thetraffic.in/data/surveillance_cameras.v1.json,ODbL-1.0
node/6440614863,,13.0049492,77.6173656,6912,4762,True,public,camera,280;0;120,,2020-08-31T14:06:29Z,2026-09-09T04:20:20Z,candidate-public-outdoor,unknown,https://www.openstreetmap.org/node/6440614863,https://www.thetraffic.in/data/surveillance_cameras.v1.json,ODbL-1.0
node/12089920022,,13.0108228,77.5590899,6915,7763,True,public,camera,,,2024-08-03T04:12:19Z,2026-09-09T04:20:20Z,candidate-public-outdoor,unknown,https://www.openstreetmap.org/node/12089920022,https://www.thetraffic.in/data/surveillance_cameras.v1.json,ODbL-1.0
node/9935476940,,13.005545,77.5692252,6916,7222,True,public,camera,,2022-08-06,2022-08-06T11:35:08Z,2026-09-09T04:20:20Z,candidate-public-outdoor,unknown,https://www.openstreetmap.org/node/9935476940,https://www.thetraffic.in/data/surveillance_cameras.v1.json,ODbL-1.0
node/6440691832,,13.0047271,77.6172604,6931,4787,True,outdoor,camera,,,2019-05-01T14:21:40Z,2026-09-09T04:20:20Z,candidate-public-outdoor,unknown,https://www.openstreetmap.org/node/6440691832,https://www.thetraffic.in/data/surveillance_cameras.v1.json,ODbL-1.0
node/12792108631,,13.0056312,77.5682368,6949,7297,True,public,camera,315,,2025-04-27T18:02:30Z,2026-09-09T04:20:20Z,candidate-public-outdoor,unknown,https://www.openstreetmap.org/node/12792108631,https://www.thetraffic.in/data/surveillance_cameras.v1.json,ODbL-1.0
node/12792108629,,13.0056255,77.5682402,6950,7297,True,public,camera,135,,2025-04-27T18:02:30Z,2026-09-09T04:20:20Z,candidate-public-outdoor,unknown,https://www.openstreetmap.org/node/12792108629,https://www.thetraffic.in/data/surveillance_cameras.v1.json,ODbL-1.0
node/12792108630,,13.0056257,77.5682365,6950,7298,True,public,camera,225,,2025-04-27T18:02:30Z,2026-09-09T04:20:20Z,candidate-public-outdoor,unknown,https://www.openstreetmap.org/node/12792108630,https://www.thetraffic.in/data/surveillance_cameras.v1.json,ODbL-1.0
node/11181021293,,13.0115397,77.5573799,6952,7880,True,outdoor,camera,250,,2023-09-10T12:45:43Z,2026-09-09T04:20:20Z,candidate-public-outdoor,unknown,https://www.openstreetmap.org/node/11181021293,https://www.thetraffic.in/data/surveillance_cameras.v1.json,ODbL-1.0
node/11181021294,,13.0115417,77.5573863,6952,7879,True,outdoor,camera,70,,2023-09-10T12:45:43Z,2026-09-09T04:20:20Z,candidate-public-outdoor,unknown,https://www.openstreetmap.org/node/11181021294,https://www.thetraffic.in/data/surveillance_cameras.v1.json,ODbL-1.0
node/11909709670,,13.0140372,77.5539351,6954,8071,True,public,camera,132,,2024-05-16T11:40:40Z,2026-09-09T04:20:20Z,candidate-public-outdoor,unknown,https://www.openstreetmap.org/node/11909709670,https://www.thetraffic.in/data/surveillance_cameras.v1.json,ODbL-1.0
node/9912087545,,13.0285451,77.5401729,6974,8899,True,public,camera,,2022-07-23,2022-07-26T13:47:36Z,2026-09-09T04:20:20Z,candidate-public-outdoor,unknown,https://www.openstreetmap.org/node/9912087545,https://www.thetraffic.in/data/surveillance_cameras.v1.json,ODbL-1.0
node/11898106022,,13.0053661,77.5682604,6975,7314,True,public,camera,,,2024-05-12T07:14:05Z,2026-09-09T04:20:20Z,candidate-public-outdoor,unknown,https://www.openstreetmap.org/node/11898106022,https://www.thetraffic.in/data/surveillance_cameras.v1.json,ODbL-1.0
node/11898106021,,13.0053915,77.5680956,6980,7326,True,,camera,,,2024-05-12T07:14:05Z,2026-09-09T04:20:20Z,review-access-unknown,unknown,https://www.openstreetmap.org/node/11898106021,https://www.thetraffic.in/data/surveillance_cameras.v1.json,ODbL-1.0
node/11367795198,,13.0132535,77.5544294,6989,8064,True,public,camera,293,,2023-11-22T03:44:15Z,2026-09-09T04:20:20Z,candidate-public-outdoor,unknown,https://www.openstreetmap.org/node/11367795198,https://www.thetraffic.in/data/surveillance_cameras.v1.json,ODbL-1.0
node/10772167005,,13.001818,77.5785208,6990,6794,True,public,camera,,2023-03-29,2023-03-30T01:51:31Z,2026-09-09T04:20:20Z,candidate-public-outdoor,unknown,https://www.openstreetmap.org/node/10772167005,https://www.thetraffic.in/data/surveillance_cameras.v1.json,ODbL-1.0
node/11367795199,,13.0132358,77.5544339,6990,8065,True,public,camera,217,,2023-11-22T03:44:15Z,2026-09-09T04:20:20Z,candidate-public-outdoor,unknown,https://www.openstreetmap.org/node/11367795199,https://www.thetraffic.in/data/surveillance_cameras.v1.json,ODbL-1.0
node/7941607072,,13.0037834,77.6164217,6997,4898,True,outdoor,camera,90,,2020-09-25T09:24:59Z,2026-09-09T04:20:20Z,candidate-public-outdoor,unknown,https://www.openstreetmap.org/node/7941607072,https://www.thetraffic.in/data/surveillance_cameras.v1.json,ODbL-1.0
node/7881335515,,13.0046333,77.6187043,6999,4790,True,,camera,280,,2020-09-06T15:18:01Z,2026-09-09T04:20:20Z,review-access-unknown,unknown,https://www.openstreetmap.org/node/7881335515,https://www.thetraffic.in/data/surveillance_cameras.v1.json,ODbL-1.0
node/7941607074,,13.0037697,77.6164559,7000,4899,True,outdoor,camera,90,,2020-09-25T09:24:59Z,2026-09-09T04:20:20Z,candidate-public-outdoor,unknown,https://www.openstreetmap.org/node/7941607074,https://www.thetraffic.in/data/surveillance_cameras.v1.json,ODbL-1.0
node/7941607075,,13.003753,77.6164977,7003,4901,True,outdoor,camera,320,,2020-09-25T09:24:59Z,2026-09-09T04:20:20Z,candidate-public-outdoor,unknown,https://www.openstreetmap.org/node/7941607075,https://www.thetraffic.in/data/surveillance_cameras.v1.json,ODbL-1.0
node/7941607073,,13.0037435,77.6165215,7005,4901,True,outdoor,camera,320,,2020-09-25T09:24:59Z,2026-09-09T04:20:20Z,candidate-public-outdoor,unknown,https://www.openstreetmap.org/node/7941607073,https://www.thetraffic.in/data/surveillance_cameras.v1.json,ODbL-1.0
node/12994477673,,13.0057078,77.566657,7012,7424,True,public,camera,98,,2025-07-11T15:46:45Z,2026-09-09T04:20:20Z,candidate-public-outdoor,unknown,https://www.openstreetmap.org/node/12994477673,https://www.thetraffic.in/data/surveillance_cameras.v1.json,ODbL-1.0
node/12994477674,,13.0056971,77.5666539,7013,7425,True,public,camera,167,,2025-07-11T15:46:45Z,2026-09-09T04:20:20Z,candidate-public-outdoor,unknown,https://www.openstreetmap.org/node/12994477674,https://www.thetraffic.in/data/surveillance_cameras.v1.json,ODbL-1.0
node/11898106023,,13.0054092,77.5670192,7026,7415,True,outdoor,camera,,,2024-05-12T07:14:05Z,2026-09-09T04:20:20Z,candidate-public-outdoor,unknown,https://www.openstreetmap.org/node/11898106023,https://www.thetraffic.in/data/surveillance_cameras.v1.json,ODbL-1.0
node/6440425404,CCTV,13.0036358,77.6168195,7027,4911,True,public,camera,,,2019-05-21T13:56:04Z,2026-09-09T04:20:20Z,candidate-public-outdoor,unknown,https://www.openstreetmap.org/node/6440425404,https://www.thetraffic.in/data/surveillance_cameras.v1.json,ODbL-1.0
node/6434324364,,13.0043155,77.6186189,7028,4826,True,outdoor,camera,100,,2020-08-24T13:53:05Z,2026-09-09T04:20:20Z,candidate-public-outdoor,unknown,https://www.openstreetmap.org/node/6434324364,https://www.thetraffic.in/data/surveillance_cameras.v1.json,ODbL-1.0
node/7828953053,,13.0042899,77.6185611,7028,4829,True,outdoor,camera,210,,2020-08-24T13:53:05Z,2026-09-09T04:20:20Z,candidate-public-outdoor,unknown,https://www.openstreetmap.org/node/7828953053,https://www.thetraffic.in/data/surveillance_cameras.v1.json,ODbL-1.0
node/8042482396,,13.0036057,77.6168059,7030,4914,True,public,camera,80;200;320,,2020-10-24T15:46:35Z,2026-09-09T04:20:20Z,candidate-public-outdoor,unknown,https://www.openstreetmap.org/node/8042482396,https://www.thetraffic.in/data/surveillance_cameras.v1.json,ODbL-1.0
node/10228056719,,12.9998155,77.5999124,7035,5749,True,traffic,camera,,2022-11-30,2022-11-30T11:01:53Z,2026-09-09T04:20:20Z,candidate-public-outdoor,unknown,https://www.openstreetmap.org/node/10228056719,https://www.thetraffic.in/data/surveillance_cameras.v1.json,ODbL-1.0
node/6944728988,,13.0051447,77.6208058,7037,4733,True,public,camera,,,2019-11-04T10:05:27Z,2026-09-09T04:20:20Z,candidate-public-outdoor,unknown,https://www.openstreetmap.org/node/6944728988,https://www.thetraffic.in/data/surveillance_cameras.v1.json,ODbL-1.0
node/10228079318,,12.9997829,77.5998802,7038,5754,True,traffic,camera,,2022-11-30,2022-11-30T11:01:56Z,2026-09-09T04:20:20Z,candidate-public-outdoor,unknown,https://www.openstreetmap.org/node/10228079318,https://www.thetraffic.in/data/surveillance_cameras.v1.json,ODbL-1.0
node/11982693094,,13.0091008,77.5596971,7041,7811,True,public,camera,341,,2024-06-15T10:42:44Z,2026-09-09T04:20:20Z,candidate-public-outdoor,unknown,https://www.openstreetmap.org/node/11982693094,https://www.thetraffic.in/data/surveillance_cameras.v1.json,ODbL-1.0
node/9980333318,,13.0019559,77.6120305,7042,5158,True,public,camera,,2022-08-26,2022-08-26T18:31:45Z,2026-09-09T04:20:20Z,candidate-public-outdoor,unknown,https://www.openstreetmap.org/node/9980333318,https://www.thetraffic.in/data/surveillance_cameras.v1.json,ODbL-1.0
node/9980352717,,13.0019559,77.6120305,7042,5158,True,public,camera,,2022-08-26,2022-08-26T18:31:43Z,2026-09-09T04:20:20Z,candidate-public-outdoor,unknown,https://www.openstreetmap.org/node/9980352717,https://www.thetraffic.in/data/surveillance_cameras.v1.json,ODbL-1.0
node/11982693093,,13.009103,77.5596735,7042,7813,True,public,camera,96,,2024-06-15T10:42:44Z,2026-09-09T04:20:20Z,candidate-public-outdoor,unknown,https://www.openstreetmap.org/node/11982693093,https://www.thetraffic.in/data/surveillance_cameras.v1.json,ODbL-1.0
node/9728813918,,13.0002249,77.5841173,7044,6552,True,,,,,2022-05-10T07:03:19Z,2026-09-09T04:20:20Z,excluded-non-camera,unknown,https://www.openstreetmap.org/node/9728813918,https://www.thetraffic.in/data/surveillance_cameras.v1.json,ODbL-1.0
node/6762936168,,13.0040939,77.618479,7045,4851,True,outdoor,camera,15,,2020-08-24T13:53:05Z,2026-09-09T04:20:20Z,candidate-public-outdoor,unknown,https://www.openstreetmap.org/node/6762936168,https://www.thetraffic.in/data/surveillance_cameras.v1.json,ODbL-1.0
node/12111708097,,13.0101011,77.5580222,7045,7904,True,public,camera,340,,2024-08-15T03:06:15Z,2026-09-09T04:20:20Z,candidate-public-outdoor,unknown,https://www.openstreetmap.org/node/12111708097,https://www.thetraffic.in/data/surveillance_cameras.v1.json,ODbL-1.0
node/12111708098,,13.0100829,77.5580212,7047,7905,True,public,camera,159,,2024-08-15T03:06:15Z,2026-09-09T04:20:20Z,candidate-public-outdoor,unknown,https://www.openstreetmap.org/node/12111708098,https://www.thetraffic.in/data/surveillance_cameras.v1.json,ODbL-1.0
node/7828953054,,13.0040724,77.6184923,7048,4853,True,outdoor,camera,110,,2020-08-24T13:53:05Z,2026-09-09T04:20:20Z,candidate-public-outdoor,unknown,https://www.openstreetmap.org/node/7828953054,https://www.thetraffic.in/data/surveillance_cameras.v1.json,ODbL-1.0
node/11897968152,,13.0042759,77.5691425,7049,7321,True,outdoor,camera,,,2024-05-12T04:58:50Z,2026-09-09T04:20:20Z,candidate-public-outdoor,unknown,https://www.openstreetmap.org/node/11897968152,https://www.thetraffic.in/data/surveillance_cameras.v1.json,ODbL-1.0
node/6449260747,,13.001928,77.6121952,7050,5158,True,public,camera,,2022-06-11,2022-06-11T07:53:49Z,2026-09-09T04:20:20Z,candidate-public-outdoor,unknown,https://www.openstreetmap.org/node/6449260747,https://www.thetraffic.in/data/surveillance_cameras.v1.json,ODbL-1.0
node/7938219425,,13.003426,77.6169051,7052,4934,True,outdoor,camera,195,,2020-09-24T14:23:43Z,2026-09-09T04:20:20Z,candidate-public-outdoor,unknown,https://www.openstreetmap.org/node/7938219425,https://www.thetraffic.in/data/surveillance_cameras.v1.json,ODbL-1.0
node/11195699709,,13.0034079,77.5712891,7054,7213,True,public,camera,180,,2023-09-16T11:33:42Z,2026-09-09T04:20:20Z,candidate-public-outdoor,unknown,https://www.openstreetmap.org/node/11195699709,https://www.thetraffic.in/data/surveillance_cameras.v1.json,ODbL-1.0
node/11898106024,,13.0052925,77.5666525,7054,7454,True,outdoor,camera,,,2024-05-12T07:14:05Z,2026-09-09T04:20:20Z,candidate-public-outdoor,unknown,https://www.openstreetmap.org/node/11898106024,https://www.thetraffic.in/data/surveillance_cameras.v1.json,ODbL-1.0
node/11195725545,,13.0033792,77.5712975,7056,7215,True,public,camera,90,,2023-09-16T11:33:42Z,2026-09-09T04:20:20Z,candidate-public-outdoor,unknown,https://www.openstreetmap.org/node/11195725545,https://www.thetraffic.in/data/surveillance_cameras.v1.json,ODbL-1.0
node/7938219426,,13.0033676,77.6168795,7058,4940,True,outdoor,camera,15,,2020-09-24T14:23:43Z,2026-09-09T04:20:20Z,candidate-public-outdoor,unknown,https://www.openstreetmap.org/node/7938219426,https://www.thetraffic.in/data/surveillance_cameras.v1.json,ODbL-1.0
node/7938219427,,13.00336,77.6168807,7058,4941,True,outdoor,camera,115,,2020-09-24T14:23:43Z,2026-09-09T04:20:20Z,candidate-public-outdoor,unknown,https://www.openstreetmap.org/node/7938219427,https://www.thetraffic.in/data/surveillance_cameras.v1.json,ODbL-1.0
node/11897986765,,13.0041776,77.5691373,7059,7328,True,outdoor,camera,,,2024-05-12T05:03:03Z,2026-09-09T04:20:20Z,candidate-public-outdoor,unknown,https://www.openstreetmap.org/node/11897986765,https://www.thetraffic.in/data/surveillance_cameras.v1.json,ODbL-1.0
node/6497072685,,13.0051679,77.5665881,7070,7468,True,outdoor,camera,,,2019-05-24T07:18:50Z,2026-09-09T04:20:20Z,candidate-public-outdoor,unknown,https://www.openstreetmap.org/node/6497072685,https://www.thetraffic.in/data/surveillance_cameras.v1.json,ODbL-1.0
node/6567729842,Shalom Gate Camera 2,13.0040887,77.6191969,7075,4850,True,outd,camera,,,2020-08-20T09:00:51Z,2026-09-09T04:20:20Z,review-access-unknown,unknown,https://www.openstreetmap.org/node/6567729842,https://www.thetraffic.in/data/surveillance_cameras.v1.json,ODbL-1.0
node/11232933040,,13.0091451,77.5590111,7076,7870,True,public,camera,,,2024-05-05T05:58:35Z,2026-09-09T04:20:20Z,candidate-public-outdoor,unknown,https://www.openstreetmap.org/node/11232933040,https://www.thetraffic.in/data/surveillance_cameras.v1.json,ODbL-1.0
node/11897892607,,13.0039876,77.5691938,7077,7338,True,outdoor,camera,,,2024-05-12T05:03:53Z,2026-09-09T04:20:20Z,candidate-public-outdoor,unknown,https://www.openstreetmap.org/node/11897892607,https://www.thetraffic.in/data/surveillance_cameras.v1.json,ODbL-1.0
node/3173084275,Shalom Apt Gate Camera 1,13.0040647,77.6192601,7080,4852,True,outdoor,camera,W,,2020-08-20T09:00:51Z,2026-09-09T04:20:20Z,candidate-public-outdoor,unknown,https://www.openstreetmap.org/node/3173084275,https://www.thetraffic.in/data/surveillance_cameras.v1.json,ODbL-1.0
node/11096802255,,13.0056706,77.5652188,7083,7548,True,public,camera,270,,2023-08-07T10:29:54Z,2026-09-09T04:20:20Z,candidate-public-outdoor,unknown,https://www.openstreetmap.org/node/11096802255,https://www.thetraffic.in/data/surveillance_cameras.v1.json,ODbL-1.0
node/11096802256,,13.0056666,77.5652239,7083,7548,True,public,camera,180,,2023-08-07T10:29:54Z,2026-09-09T04:20:20Z,candidate-public-outdoor,unknown,https://www.openstreetmap.org/node/11096802256,https://www.thetraffic.in/data/surveillance_cameras.v1.json,ODbL-1.0
node/11096802257,,13.0056693,77.5652269,7083,7548,True,public,camera,90,,2023-08-07T10:29:54Z,2026-09-09T04:20:20Z,candidate-public-outdoor,unknown,https://www.openstreetmap.org/node/11096802257,https://www.thetraffic.in/data/surveillance_cameras.v1.json,ODbL-1.0
node/11096802258,,13.0056724,77.565224,7083,7548,True,public,camera,0,,2023-08-07T10:29:54Z,2026-09-09T04:20:20Z,candidate-public-outdoor,unknown,https://www.openstreetmap.org/node/11096802258,https://www.thetraffic.in/data/surveillance_cameras.v1.json,ODbL-1.0
node/7843610388,Four cameras,13.0024393,77.6149261,7084,5062,True,,,,,2020-08-25T14:18:23Z,2026-09-09T04:20:20Z,excluded-non-camera,unknown,https://www.openstreetmap.org/node/7843610388,https://www.thetraffic.in/data/surveillance_cameras.v1.json,ODbL-1.0
node/11219406682,,13.020921,77.6433487,7084,3911,True,public,camera,286,,2023-09-26T08:28:23Z,2026-09-09T04:20:20Z,candidate-public-outdoor,unknown,https://www.openstreetmap.org/node/11219406682,https://www.thetraffic.in/data/surveillance_cameras.v1.json,ODbL-1.0
node/11219406683,,13.020921,77.6433487,7084,3911,True,public,camera,187,,2023-09-26T08:28:23Z,2026-09-09T04:20:20Z,candidate-public-outdoor,unknown,https://www.openstreetmap.org/node/11219406683,https://www.thetraffic.in/data/surveillance_cameras.v1.json,ODbL-1.0
node/12994477685,,13.0057359,77.5649683,7089,7565,True,public,camera,271,,2025-07-11T15:46:45Z,2026-09-09T04:20:20Z,candidate-public-outdoor,unknown,https://www.openstreetmap.org/node/12994477685,https://www.thetraffic.in/data/surveillance_cameras.v1.json,ODbL-1.0
node/9780918370,,13.0124531,77.5539452,7091,8153,True,public,camera,135,2022-05-29,2022-05-30T06:29:05Z,2026-09-09T04:20:20Z,candidate-public-outdoor,unknown,https://www.openstreetmap.org/node/9780918370,https://www.thetraffic.in/data/surveillance_cameras.v1.json,ODbL-1.0
node/9780918371,,13.012455,77.5539389,7091,8153,True,public,camera,315,2022-05-29,2022-05-30T06:29:05Z,2026-09-09T04:20:20Z,candidate-public-outdoor,unknown,https://www.openstreetmap.org/node/9780918371,https://www.thetraffic.in/data/surveillance_cameras.v1.json,ODbL-1.0
node/9780918372,,13.0124584,77.5539437,7091,8153,True,public,camera,45,2022-05-29,2022-05-30T06:29:05Z,2026-09-09T04:20:20Z,candidate-public-outdoor,unknown,https://www.openstreetmap.org/node/9780918372,https://www.thetraffic.in/data/surveillance_cameras.v1.json,ODbL-1.0
node/11425820196,,13.0041151,77.6196759,7093,4846,True,public,camera,214,,2023-12-17T15:59:44Z,2026-09-09T04:20:20Z,candidate-public-outdoor,unknown,https://www.openstreetmap.org/node/11425820196,https://www.thetraffic.in/data/surveillance_cameras.v1.json,ODbL-1.0
node/11425820197,,13.0041151,77.6196759,7093,4846,True,public,camera,29,,2023-12-17T15:59:44Z,2026-09-09T04:20:20Z,candidate-public-outdoor,unknown,https://www.openstreetmap.org/node/11425820197,https://www.thetraffic.in/data/surveillance_cameras.v1.json,ODbL-1.0
node/6440526167,,13.0040539,77.6197036,7100,4853,True,public,camera,,,2019-10-19T08:37:25Z,2026-09-09T04:20:20Z,candidate-public-outdoor,unknown,https://www.openstreetmap.org/node/6440526167,https://www.thetraffic.in/data/surveillance_cameras.v1.json,ODbL-1.0
node/6458074440,,13.0058786,77.6237269,7100,4668,True,outdoor,camera,,,2019-05-08T12:24:51Z,2026-09-09T04:20:20Z,candidate-public-outdoor,unknown,https://www.openstreetmap.org/node/6458074440,https://www.thetraffic.in/data/surveillance_cameras.v1.json,ODbL-1.0
node/7843602198,3 cameras,13.0205957,77.6433155,7105,3936,True,public,camera,,2022-05-28,2022-05-28T12:19:03Z,2026-09-09T04:20:20Z,candidate-public-outdoor,unknown,https://www.openstreetmap.org/node/7843602198,https://www.thetraffic.in/data/surveillance_cameras.v1.json,ODbL-1.0
node/11181022084,,13.0108364,77.5559248,7107,8055,True,outdoor,camera,70,,2023-09-10T12:45:43Z,2026-09-09T04:20:20Z,candidate-public-outdoor,unknown,https://www.openstreetmap.org/node/11181022084,https://www.thetraffic.in/data/surveillance_cameras.v1.json,ODbL-1.0
node/9751989117,,12.9991734,77.600161,7108,5805,True,public,camera,,2022-05-18,2022-05-18T14:01:37Z,2026-09-09T04:20:20Z,candidate-public-outdoor,unknown,https://www.openstreetmap.org/node/9751989117,https://www.thetraffic.in/data/surveillance_cameras.v1.json,ODbL-1.0
node/11181022083,,13.0108302,77.5559184,7108,8056,True,outdoor,camera,180,,2023-09-10T12:45:43Z,2026-09-09T04:20:20Z,candidate-public-outdoor,unknown,https://www.openstreetmap.org/node/11181022083,https://www.thetraffic.in/data/surveillance_cameras.v1.json,ODbL-1.0
node/11897974156,,13.0036609,77.5692157,7109,7360,True,public,camera,,,2024-05-12T05:12:17Z,2026-09-09T04:20:20Z,candidate-public-outdoor,unknown,https://www.openstreetmap.org/node/11897974156,https://www.thetraffic.in/data/surveillance_cameras.v1.json,ODbL-1.0
node/8442191516,,13.0124181,77.5536945,7111,8179,True,outdoor,camera,90,,2021-02-21T08:08:36Z,2026-09-09T04:20:20Z,candidate-public-outdoor,unknown,https://www.openstreetmap.org/node/8442191516,https://www.thetraffic.in/data/surveillance_cameras.v1.json,ODbL-1.0
node/8442228917,,13.0123992,77.5536852,7113,8180,True,outdoor,camera,150,,2021-02-21T08:08:36Z,2026-09-09T04:20:20Z,candidate-public-outdoor,unknown,https://www.openstreetmap.org/node/8442228917,https://www.thetraffic.in/data/surveillance_cameras.v1.json,ODbL-1.0
node/11917161996,,12.9995757,77.584084,7116,6612,True,public,camera,246,,2024-05-19T04:54:02Z,2026-09-09T04:20:20Z,candidate-public-outdoor,unknown,https://www.openstreetmap.org/node/11917161996,https://www.thetraffic.in/data/surveillance_cameras.v1.json,ODbL-1.0
node/11989557939,,13.0117396,77.5544973,7118,8139,True,public,camera,356,,2025-01-20T16:56:49Z,2026-09-09T04:20:20Z,candidate-public-outdoor,unknown,https://www.openstreetmap.org/node/11989557939,https://www.thetraffic.in/data/surveillance_cameras.v1.json,ODbL-1.0
node/11989557940,,13.0117391,77.5543865,7125,8150,True,public,camera,182,,2025-01-20T16:56:49Z,2026-09-09T04:20:20Z,candidate-public-outdoor,unknown,https://www.openstreetmap.org/node/11989557940,https://www.thetraffic.in/data/surveillance_cameras.v1.json,ODbL-1.0
node/11897974157,,13.0034909,77.5691508,7130,7378,True,outdoor,camera,,,2024-05-12T05:12:17Z,2026-09-09T04:20:20Z,candidate-public-outdoor,unknown,https://www.openstreetmap.org/node/11897974157,https://www.thetraffic.in/data/surveillance_cameras.v1.json,ODbL-1.0
node/6944698919,,13.0010795,77.611924,7133,5256,True,public,camera,,,2019-11-04T10:06:09Z,2026-09-09T04:20:20Z,candidate-public-outdoor,unknown,https://www.openstreetmap.org/node/6944698919,https://www.thetraffic.in/data/surveillance_cameras.v1.json,ODbL-1.0
node/12994477686,,13.0057459,77.5638159,7144,7663,True,public,camera,359,,2025-07-11T15:46:45Z,2026-09-09T04:20:20Z,candidate-public-outdoor,unknown,https://www.openstreetmap.org/node/12994477686,https://www.thetraffic.in/data/surveillance_cameras.v1.json,ODbL-1.0
node/12994477687,,13.0057287,77.563815,7146,7665,True,public,camera,179,,2025-07-11T15:46:45Z,2026-09-09T04:20:20Z,candidate-public-outdoor,unknown,https://www.openstreetmap.org/node/12994477687,https://www.thetraffic.in/data/surveillance_cameras.v1.json,ODbL-1.0
node/12994477688,,13.005733,77.5638069,7146,7665,True,public,camera,271,,2025-07-11T15:46:45Z,2026-09-09T04:20:20Z,candidate-public-outdoor,unknown,https://www.openstreetmap.org/node/12994477688,https://www.thetraffic.in/data/surveillance_cameras.v1.json,ODbL-1.0
node/6854550775,,13.0023318,77.6164446,7149,5059,True,public,camera,230,,2020-09-29T12:01:56Z,2026-09-09T04:20:20Z,candidate-public-outdoor,unknown,https://www.openstreetmap.org/node/6854550775,https://www.thetraffic.in/data/surveillance_cameras.v1.json,ODbL-1.0
node/11096802237,,13.0036741,77.5681872,7151,7443,True,public,camera,90,,2023-08-07T10:29:54Z,2026-09-09T04:20:20Z,candidate-public-outdoor,unknown,https://www.openstreetmap.org/node/11096802237,https://www.thetraffic.in/data/surveillance_cameras.v1.json,ODbL-1.0
node/11096802238,,13.0036741,77.5681828,7151,7443,True,public,camera,270,,2023-08-07T10:29:54Z,2026-09-09T04:20:20Z,candidate-public-outdoor,unknown,https://www.openstreetmap.org/node/11096802238,https://www.thetraffic.in/data/surveillance_cameras.v1.json,ODbL-1.0
node/11281292801,,13.0114858,77.5543279,7151,8169,True,public,camera,180,,2023-10-22T12:15:58Z,2026-09-09T04:20:20Z,candidate-public-outdoor,unknown,https://www.openstreetmap.org/node/11281292801,https://www.thetraffic.in/data/surveillance_cameras.v1.json,ODbL-1.0
node/11281292802,,13.0114917,77.5543279,7151,8169,True,public,camera,0,,2023-10-22T12:15:58Z,2026-09-09T04:20:20Z,candidate-public-outdoor,unknown,https://www.openstreetmap.org/node/11281292802,https://www.thetraffic.in/data/surveillance_cameras.v1.json,ODbL-1.0
node/12261188754,,13.011249,77.5545772,7156,8159,True,indoor,camera,,,2024-10-18T13:30:40Z,2026-09-09T04:20:20Z,excluded-private-or-indoor,unknown,https://www.openstreetmap.org/node/12261188754,https://www.thetraffic.in/data/surveillance_cameras.v1.json,ODbL-1.0
node/9751989120,,12.9995835,77.6067154,7164,5538,True,public,camera,180,2022-05-18,2022-05-18T14:01:44Z,2026-09-09T04:20:20Z,candidate-public-outdoor,unknown,https://www.openstreetmap.org/node/9751989120,https://www.thetraffic.in/data/surveillance_cameras.v1.json,ODbL-1.0
node/9751989317,,12.9995835,77.6067154,7164,5538,True,public,camera,0,2022-05-18,2022-05-18T14:01:41Z,2026-09-09T04:20:20Z,candidate-public-outdoor,unknown,https://www.openstreetmap.org/node/9751989317,https://www.thetraffic.in/data/surveillance_cameras.v1.json,ODbL-1.0
node/9751989417,,12.9995835,77.6067154,7164,5538,True,public,camera,90,2022-05-18,2022-05-18T14:01:42Z,2026-09-09T04:20:20Z,candidate-public-outdoor,unknown,https://www.openstreetmap.org/node/9751989417,https://www.thetraffic.in/data/surveillance_cameras.v1.json,ODbL-1.0
node/12549064591,,13.0079186,77.5593748,7171,7913,True,public,camera,40,,2025-02-01T15:26:50Z,2026-09-09T04:20:20Z,candidate-public-outdoor,unknown,https://www.openstreetmap.org/node/12549064591,https://www.thetraffic.in/data/surveillance_cameras.v1.json,ODbL-1.0
node/12549064592,,13.0079179,77.5593641,7171,7914,True,public,camera,330,,2025-02-01T15:26:50Z,2026-09-09T04:20:20Z,candidate-public-outdoor,unknown,https://www.openstreetmap.org/node/12549064592,https://www.thetraffic.in/data/surveillance_cameras.v1.json,ODbL-1.0
node/11181022081,,13.0102216,77.555728,7175,8109,True,outdoor,camera,70,,2023-09-10T12:45:43Z,2026-09-09T04:20:20Z,candidate-public-outdoor,unknown,https://www.openstreetmap.org/node/11181022081,https://www.thetraffic.in/data/surveillance_cameras.v1.json,ODbL-1.0
node/11181022082,,13.0102252,77.5557243,7175,8109,True,outdoor,camera,0,,2023-09-10T12:45:43Z,2026-09-09T04:20:20Z,candidate-public-outdoor,unknown,https://www.openstreetmap.org/node/11181022082,https://www.thetraffic.in/data/surveillance_cameras.v1.json,ODbL-1.0
node/11181022080,,13.0102138,77.555724,7176,8110,True,outdoor,camera,160,,2023-09-10T12:45:43Z,2026-09-09T04:20:20Z,candidate-public-outdoor,unknown,https://www.openstreetmap.org/node/11181022080,https://www.thetraffic.in/data/surveillance_cameras.v1.json,ODbL-1.0
node/6611751604,,13.004584,77.6227782,7183,4804,True,outdoor,camera,0,,2020-09-28T09:28:03Z,2026-09-09T04:20:20Z,candidate-public-outdoor,unknown,https://www.openstreetmap.org/node/6611751604,https://www.thetraffic.in/data/surveillance_cameras.v1.json,ODbL-1.0
node/11951350399,,13.0072996,77.560183,7184,7879,True,public,camera,350,,2024-06-02T06:33:43Z,2026-09-09T04:20:20Z,candidate-public-outdoor,unknown,https://www.openstreetmap.org/node/11951350399,https://www.thetraffic.in/data/surveillance_cameras.v1.json,ODbL-1.0
node/11951350400,,13.0072706,77.5602003,7186,7880,True,public,camera,153,,2024-06-02T06:33:43Z,2026-09-09T04:20:20Z,candidate-public-outdoor,unknown,https://www.openstreetmap.org/node/11951350400,https://www.thetraffic.in/data/surveillance_cameras.v1.json,ODbL-1.0
node/11232982372,,13.0018101,77.5722184,7187,7264,True,public,camera,359,,2023-10-02T04:54:44Z,2026-09-09T04:20:20Z,candidate-public-outdoor,unknown,https://www.openstreetmap.org/node/11232982372,https://www.thetraffic.in/data/surveillance_cameras.v1.json,ODbL-1.0
node/11951350401,,13.0072579,77.560186,7188,7882,True,public,camera,180,,2024-06-02T06:33:43Z,2026-09-09T04:20:20Z,candidate-public-outdoor,unknown,https://www.openstreetmap.org/node/11951350401,https://www.thetraffic.in/data/surveillance_cameras.v1.json,ODbL-1.0
node/6611758416,,13.0045275,77.6228726,7194,4811,True,outdoor,camera,0,,2020-09-28T09:28:03Z,2026-09-09T04:20:20Z,candidate-public-outdoor,unknown,https://www.openstreetmap.org/node/6611758416,https://www.thetraffic.in/data/surveillance_cameras.v1.json,ODbL-1.0
node/6611723437,,13.0044323,77.6229955,7209,4822,True,outdoor,camera,45,,2020-09-28T09:28:03Z,2026-09-09T04:20:20Z,candidate-public-outdoor,unknown,https://www.openstreetmap.org/node/6611723437,https://www.thetraffic.in/data/surveillance_cameras.v1.json,ODbL-1.0
node/6611718882,,13.0044432,77.6230483,7210,4821,True,outdoor,camera,90,,2020-09-28T09:28:03Z,2026-09-09T04:20:20Z,candidate-public-outdoor,unknown,https://www.openstreetmap.org/node/6611718882,https://www.thetraffic.in/data/surveillance_cameras.v1.json,ODbL-1.0
node/6917944912,,13.0035667,77.6211456,7212,4909,True,outdoor,camera,270,2024-04-12,2024-04-12T10:49:08Z,2026-09-09T04:20:20Z,candidate-public-outdoor,unknown,https://www.openstreetmap.org/node/6917944912,https://www.thetraffic.in/data/surveillance_cameras.v1.json,ODbL-1.0
node/11206903641,,13.0037116,77.6214714,7212,4894,True,outdoor,camera,,2023-09-21,2023-09-21T04:31:37Z,2026-09-09T04:20:20Z,candidate-public-outdoor,unknown,https://www.openstreetmap.org/node/11206903641,https://www.thetraffic.in/data/surveillance_cameras.v1.json,ODbL-1.0
node/9724370417,,13.0034799,77.6213312,7229,4919,True,outdoor,camera,,2022-05-08,2022-05-08T09:15:53Z,2026-09-09T04:20:20Z,candidate-public-outdoor,unknown,https://www.openstreetmap.org/node/9724370417,https://www.thetraffic.in/data/surveillance_cameras.v1.json,ODbL-1.0
node/11982693080,,12.9989271,77.5813497,7238,6847,True,public,camera,123,,2024-06-15T10:42:44Z,2026-09-09T04:20:20Z,candidate-public-outdoor,unknown,https://www.openstreetmap.org/node/11982693080,https://www.thetraffic.in/data/surveillance_cameras.v1.json,ODbL-1.0
node/11917161994,,12.9986675,77.5819539,7254,6831,True,public,camera,216,,2024-05-19T04:54:02Z,2026-09-09T04:20:20Z,candidate-public-outdoor,unknown,https://www.openstreetmap.org/node/11917161994,https://www.thetraffic.in/data/surveillance_cameras.v1.json,ODbL-1.0
node/11917161995,,12.9986573,77.58199,7255,6829,True,public,camera,145,,2024-05-19T04:54:02Z,2026-09-09T04:20:20Z,candidate-public-outdoor,unknown,https://www.openstreetmap.org/node/11917161995,https://www.thetraffic.in/data/surveillance_cameras.v1.json,ODbL-1.0
node/10236068125,,13.015002,77.5484884,7258,8552,True,public,camera,30,,2022-12-03T18:42:11Z,2026-09-09T04:20:20Z,candidate-public-outdoor,unknown,https://www.openstreetmap.org/node/10236068125,https://www.thetraffic.in/data/surveillance_cameras.v1.json,ODbL-1.0
node/11282630683,,12.9978784,77.6007351,7258,5917,True,public,camera,260,,2023-10-23T04:03:02Z,2026-09-09T04:20:20Z,candidate-public-outdoor,unknown,https://www.openstreetmap.org/node/11282630683,https://www.thetraffic.in/data/surveillance_cameras.v1.json,ODbL-1.0
node/11282630684,,12.9978797,77.6007432,7258,5917,True,public,camera,80,,2023-10-23T04:03:02Z,2026-09-09T04:20:20Z,candidate-public-outdoor,unknown,https://www.openstreetmap.org/node/11282630684,https://www.thetraffic.in/data/surveillance_cameras.v1.json,ODbL-1.0
node/11428856983,,13.001891,77.5700279,7260,7428,True,,camera,75;0,,2023-12-18T12:41:47Z,2026-09-09T04:20:20Z,review-access-unknown,unknown,https://www.openstreetmap.org/node/11428856983,https://www.thetraffic.in/data/surveillance_cameras.v1.json,ODbL-1.0
node/10236068124,,13.0149668,77.5484709,7262,8555,True,public,camera,210,,2022-12-03T18:42:11Z,2026-09-09T04:20:20Z,candidate-public-outdoor,unknown,https://www.openstreetmap.org/node/10236068124,https://www.thetraffic.in/data/surveillance_cameras.v1.json,ODbL-1.0
node/7215550068,,13.0118863,77.5520939,7265,8359,True,public,camera,60,,2020-02-16T05:35:05Z,2026-09-09T04:20:20Z,candidate-public-outdoor,unknown,https://www.openstreetmap.org/node/7215550068,https://www.thetraffic.in/data/surveillance_cameras.v1.json,ODbL-1.0
node/6897565621,,13.003107,77.6214466,7272,4961,True,outdoor,camera,300,2024-04-12,2024-04-12T10:48:30Z,2026-09-09T04:20:20Z,candidate-public-outdoor,unknown,https://www.openstreetmap.org/node/6897565621,https://www.thetraffic.in/data/surveillance_cameras.v1.json,ODbL-1.0
node/6897568999,,13.0031001,77.6214678,7274,4962,True,outdoor,camera,100,2024-04-12,2024-04-12T10:48:31Z,2026-09-09T04:20:20Z,candidate-public-outdoor,unknown,https://www.openstreetmap.org/node/6897568999,https://www.thetraffic.in/data/surveillance_cameras.v1.json,ODbL-1.0
node/10934276531,,12.9992998,77.5780778,7274,7038,True,public,camera,0,,2023-05-28T16:25:53Z,2026-09-09T04:20:20Z,candidate-public-outdoor,unknown,https://www.openstreetmap.org/node/10934276531,https://www.thetraffic.in/data/surveillance_cameras.v1.json,ODbL-1.0
node/10934276529,,12.9992881,77.5780684,7275,7039,True,public,camera,240,,2023-05-28T16:25:53Z,2026-09-09T04:20:20Z,candidate-public-outdoor,unknown,https://www.openstreetmap.org/node/10934276529,https://www.thetraffic.in/data/surveillance_cameras.v1.json,ODbL-1.0
node/10934276530,,12.999289,77.5780869,7275,7038,True,public,camera,120,,2023-05-28T16:25:53Z,2026-09-09T04:20:20Z,candidate-public-outdoor,unknown,https://www.openstreetmap.org/node/10934276530,https://www.thetraffic.in/data/surveillance_cameras.v1.json,ODbL-1.0
node/11897959750,,13.0019539,77.5693616,7280,7476,True,public,camera,,,2024-05-12T05:22:15Z,2026-09-09T04:20:20Z,candidate-public-outdoor,unknown,https://www.openstreetmap.org/node/11897959750,https://www.thetraffic.in/data/surveillance_cameras.v1.json,ODbL-1.0
node/11965775668,,13.0078786,77.55736,7291,8097,True,public,camera,31,,2024-06-09T02:58:35Z,2026-09-09T04:20:20Z,candidate-public-outdoor,unknown,https://www.openstreetmap.org/node/11965775668,https://www.thetraffic.in/data/surveillance_cameras.v1.json,ODbL-1.0
node/11965775667,,13.0078747,77.5573445,7293,8099,True,public,camera,193,,2024-06-09T02:58:35Z,2026-09-09T04:20:20Z,candidate-public-outdoor,unknown,https://www.openstreetmap.org/node/11965775667,https://www.thetraffic.in/data/surveillance_cameras.v1.json,ODbL-1.0
node/11173721907,,13.005773,77.6273138,7294,4730,True,public,camera,,,2023-09-07T09:34:50Z,2026-09-09T04:20:20Z,candidate-public-outdoor,unknown,https://www.openstreetmap.org/node/11173721907,https://www.thetraffic.in/data/surveillance_cameras.v1.json,ODbL-1.0
node/10748279511,,12.9976625,77.5863047,7295,6651,True,public,camera,,2023-03-20,2023-03-20T11:51:07Z,2026-09-09T04:20:20Z,candidate-public-outdoor,unknown,https://www.openstreetmap.org/node/10748279511,https://www.thetraffic.in/data/surveillance_cameras.v1.json,ODbL-1.0
node/11096782341,,12.997818,77.5847552,7299,6730,True,public,camera,90,,2023-08-07T10:29:54Z,2026-09-09T04:20:20Z,candidate-public-outdoor,unknown,https://www.openstreetmap.org/node/11096782341,https://www.thetraffic.in/data/surveillance_cameras.v1.json,ODbL-1.0
node/11096782342,,12.9978226,77.5847314,7299,6731,True,public,camera,270,,2023-08-07T10:29:54Z,2026-09-09T04:20:20Z,candidate-public-outdoor,unknown,https://www.openstreetmap.org/node/11096782342,https://www.thetraffic.in/data/surveillance_cameras.v1.json,ODbL-1.0
node/6449261544,,12.9991284,77.6104064,7300,5498,True,camera,camera,,,2019-05-06T05:51:36Z,2026-09-09T04:20:20Z,review-access-unknown,unknown,https://www.openstreetmap.org/node/6449261544,https://www.thetraffic.in/data/surveillance_cameras.v1.json,ODbL-1.0
node/10748279512,,12.9975456,77.586268,7308,6664,True,public,camera,,2023-03-20,2023-03-20T11:51:08Z,2026-09-09T04:20:20Z,candidate-public-outdoor,unknown,https://www.openstreetmap.org/node/10748279512,https://www.thetraffic.in/data/surveillance_cameras.v1.json,ODbL-1.0
node/6897245066,,13.0006424,77.6160989,7314,5249,True,public,camera,,,2024-06-22T17:01:59Z,2026-09-09T04:20:20Z,candidate-public-outdoor,unknown,https://www.openstreetmap.org/node/6897245066,https://www.thetraffic.in/data/surveillance_cameras.v1.json,ODbL-1.0
node/11982693079,,12.9976223,77.5851257,7315,6725,True,public,camera,,,2024-06-15T10:42:44Z,2026-09-09T04:20:20Z,candidate-public-outdoor,unknown,https://www.openstreetmap.org/node/11982693079,https://www.thetraffic.in/data/surveillance_cameras.v1.json,ODbL-1.0
node/12994477676,,13.0025981,77.5668226,7320,7633,True,public,camera,343,,2025-07-11T15:46:45Z,2026-09-09T04:20:20Z,candidate-public-outdoor,unknown,https://www.openstreetmap.org/node/12994477676,https://www.thetraffic.in/data/surveillance_cameras.v1.json,ODbL-1.0
node/12994477677,,13.002574,77.5668221,7322,7635,True,public,camera,196,,2025-07-11T15:46:45Z,2026-09-09T04:20:20Z,candidate-public-outdoor,unknown,https://www.openstreetmap.org/node/12994477677,https://www.thetraffic.in/data/surveillance_cameras.v1.json,ODbL-1.0
node/9751989118,,12.9978312,77.6050344,7324,5775,True,public,camera,135,2022-05-18,2022-05-18T14:01:39Z,2026-09-09T04:20:20Z,candidate-public-outdoor,unknown,https://www.openstreetmap.org/node/9751989118,https://www.thetraffic.in/data/surveillance_cameras.v1.json,ODbL-1.0
node/9751989119,,12.9978312,77.6050344,7324,5775,True,public,camera,225,2022-05-18,2022-05-18T14:01:40Z,2026-09-09T04:20:20Z,candidate-public-outdoor,unknown,https://www.openstreetmap.org/node/9751989119,https://www.thetraffic.in/data/surveillance_cameras.v1.json,ODbL-1.0
node/9751989217,,12.9978312,77.6050344,7324,5775,True,public,camera,90,2022-05-18,2022-05-18T14:01:38Z,2026-09-09T04:20:20Z,candidate-public-outdoor,unknown,https://www.openstreetmap.org/node/9751989217,https://www.thetraffic.in/data/surveillance_cameras.v1.json,ODbL-1.0
node/11173721898,,13.0053352,77.6271133,7326,4774,True,public,camera,18;108;288,,2023-09-07T09:34:50Z,2026-09-09T04:20:20Z,candidate-public-outdoor,unknown,https://www.openstreetmap.org/node/11173721898,https://www.thetraffic.in/data/surveillance_cameras.v1.json,ODbL-1.0
node/9776737117,,13.0175044,77.6431885,7327,4197,True,public,camera,,2022-05-28,2022-05-28T12:19:04Z,2026-09-09T04:20:20Z,candidate-public-outdoor,unknown,https://www.openstreetmap.org/node/9776737117,https://www.thetraffic.in/data/surveillance_cameras.v1.json,ODbL-1.0
node/9780918374,,13.0116247,77.5514727,7330,8432,True,public,camera,45,2022-05-29,2022-05-30T06:29:05Z,2026-09-09T04:20:20Z,candidate-public-outdoor,unknown,https://www.openstreetmap.org/node/9780918374,https://www.thetraffic.in/data/surveillance_cameras.v1.json,ODbL-1.0
node/9780918373,,13.0116213,77.5514679,7331,8433,True,public,camera,225,2022-05-29,2022-05-30T06:29:05Z,2026-09-09T04:20:20Z,candidate-public-outdoor,unknown,https://www.openstreetmap.org/node/9780918373,https://www.thetraffic.in/data/surveillance_cameras.v1.json,ODbL-1.0
node/10124399204,,13.0080238,77.5561642,7349,8197,True,public,camera,45,2022-10-22,2022-10-23T17:34:53Z,2026-09-09T04:20:20Z,candidate-public-outdoor,unknown,https://www.openstreetmap.org/node/10124399204,https://www.thetraffic.in/data/surveillance_cameras.v1.json,ODbL-1.0
node/10124399203,,13.0080264,77.5561494,7350,8198,True,public,camera,305,2022-10-22,2022-10-23T17:34:53Z,2026-09-09T04:20:20Z,candidate-public-outdoor,unknown,https://www.openstreetmap.org/node/10124399203,https://www.thetraffic.in/data/surveillance_cameras.v1.json,ODbL-1.0
node/11662113633,,13.0115593,77.5509206,7373,8488,True,public,camera,58,,2024-02-25T06:12:43Z,2026-09-09T04:20:20Z,candidate-public-outdoor,unknown,https://www.openstreetmap.org/node/11662113633,https://www.thetraffic.in/data/surveillance_cameras.v1.json,ODbL-1.0
node/11662113634,,13.0115586,77.5509038,7375,8490,True,public,camera,,,2024-02-25T06:12:43Z,2026-09-09T04:20:20Z,candidate-public-outdoor,unknown,https://www.openstreetmap.org/node/11662113634,https://www.thetraffic.in/data/surveillance_cameras.v1.json,ODbL-1.0
node/11662113632,,13.0115455,77.550885,7377,8492,True,public,camera,238,,2024-02-25T06:12:43Z,2026-09-09T04:20:20Z,candidate-public-outdoor,unknown,https://www.openstreetmap.org/node/11662113632,https://www.thetraffic.in/data/surveillance_cameras.v1.json,ODbL-1.0
node/12016136805,,13.0321537,77.53367,7380,9504,True,public,camera,115,,2024-06-28T04:01:56Z,2026-09-09T04:20:20Z,candidate-public-outdoor,unknown,https://www.openstreetmap.org/node/12016136805,https://www.thetraffic.in/data/surveillance_cameras.v1.json,ODbL-1.0
node/11167159268,,13.0046038,77.6268233,7382,4849,True,public,camera,,,2023-09-07T09:34:50Z,2026-09-09T04:20:20Z,candidate-public-outdoor,unknown,https://www.openstreetmap.org/node/11167159268,https://www.thetraffic.in/data/surveillance_cameras.v1.json,ODbL-1.0
node/12994477678,,13.001919,77.566835,7388,7682,True,public,camera,319,,2025-07-11T15:46:45Z,2026-09-09T04:20:20Z,candidate-public-outdoor,unknown,https://www.openstreetmap.org/node/12994477678,https://www.thetraffic.in/data/surveillance_cameras.v1.json,ODbL-1.0
node/12994477679,,13.0019104,77.5668344,7389,7682,True,public,camera,234,,2025-07-11T15:46:45Z,2026-09-09T04:20:20Z,candidate-public-outdoor,unknown,https://www.openstreetmap.org/node/12994477679,https://www.thetraffic.in/data/surveillance_cameras.v1.json,ODbL-1.0
node/12994477680,,13.0019055,77.5668435,7389,7682,True,public,camera,129,,2025-07-11T15:46:45Z,2026-09-09T04:20:20Z,candidate-public-outdoor,unknown,https://www.openstreetmap.org/node/12994477680,https://www.thetraffic.in/data/surveillance_cameras.v1.json,ODbL-1.0
node/11342602344,,13.0081892,77.5550895,7400,8286,True,public,camera,14,,2023-11-12T03:26:58Z,2026-09-09T04:20:20Z,candidate-public-outdoor,unknown,https://www.openstreetmap.org/node/11342602344,https://www.thetraffic.in/data/surveillance_cameras.v1.json,ODbL-1.0
node/11342602342,,13.0081858,77.555081,7401,8287,True,public,camera,274,,2023-11-12T03:26:58Z,2026-09-09T04:20:20Z,candidate-public-outdoor,unknown,https://www.openstreetmap.org/node/11342602342,https://www.thetraffic.in/data/surveillance_cameras.v1.json,ODbL-1.0
node/11342602343,,13.0081824,77.5550876,7401,8286,True,public,camera,146,,2023-11-12T03:26:58Z,2026-09-09T04:20:20Z,candidate-public-outdoor,unknown,https://www.openstreetmap.org/node/11342602343,https://www.thetraffic.in/data/surveillance_cameras.v1.json,ODbL-1.0
node/11214904142,,13.0044414,77.5612658,7402,7971,True,public,camera,280,,2023-09-24T04:06:11Z,2026-09-09T04:20:20Z,candidate-public-outdoor,unknown,https://www.openstreetmap.org/node/11214904142,https://www.thetraffic.in/data/surveillance_cameras.v1.json,ODbL-1.0
node/11951350402,,13.0044246,77.5612754,7403,7971,True,public,camera,153,,2024-06-02T06:33:43Z,2026-09-09T04:20:20Z,candidate-public-outdoor,unknown,https://www.openstreetmap.org/node/11951350402,https://www.thetraffic.in/data/surveillance_cameras.v1.json,ODbL-1.0
node/11951350403,,13.0044276,77.5612719,7403,7971,True,public,camera,,,2024-06-02T06:33:43Z,2026-09-09T04:20:20Z,candidate-public-outdoor,unknown,https://www.openstreetmap.org/node/11951350403,https://www.thetraffic.in/data/surveillance_cameras.v1.json,ODbL-1.0
node/11834449971,,13.0084402,77.5545404,7411,8322,True,public,camera,46,,2024-04-21T07:24:55Z,2026-09-09T04:20:20Z,candidate-public-outdoor,unknown,https://www.openstreetmap.org/node/11834449971,https://www.thetraffic.in/data/surveillance_cameras.v1.json,ODbL-1.0
node/11834449972,,13.0084401,77.5545297,7412,8323,True,public,camera,317,,2024-04-21T07:24:55Z,2026-09-09T04:20:20Z,candidate-public-outdoor,unknown,https://www.openstreetmap.org/node/11834449972,https://www.thetraffic.in/data/surveillance_cameras.v1.json,ODbL-1.0
node/6796223080,,13.0023422,77.6228734,7413,5053,True,public,camera,,2022-05-15,2022-05-15T06:33:35Z,2026-09-09T04:20:20Z,candidate-public-outdoor,unknown,https://www.openstreetmap.org/node/6796223080,https://www.thetraffic.in/data/surveillance_cameras.v1.json,ODbL-1.0
node/11834449973,,13.0084251,77.5545317,7413,8323,True,public,camera,203,,2024-04-21T07:24:55Z,2026-09-09T04:20:20Z,candidate-public-outdoor,unknown,https://www.openstreetmap.org/node/11834449973,https://www.thetraffic.in/data/surveillance_cameras.v1.json,ODbL-1.0
node/9780918375,,13.0111526,77.5506281,7428,8538,True,public,camera,45,2022-05-29,2022-05-30T06:29:05Z,2026-09-09T04:20:20Z,candidate-public-outdoor,unknown,https://www.openstreetmap.org/node/9780918375,https://www.thetraffic.in/data/surveillance_cameras.v1.json,ODbL-1.0
node/11982693083,,12.9987992,77.5743985,7432,7342,True,public,camera,,,2024-06-15T10:42:44Z,2026-09-09T04:20:20Z,candidate-public-outdoor,unknown,https://www.openstreetmap.org/node/11982693083,https://www.thetraffic.in/data/surveillance_cameras.v1.json,ODbL-1.0
node/11982693084,,12.9987707,77.5744214,7435,7343,True,public,camera,152,,2024-06-15T10:42:44Z,2026-09-09T04:20:20Z,candidate-public-outdoor,unknown,https://www.openstreetmap.org/node/11982693084,https://www.thetraffic.in/data/surveillance_cameras.v1.json,ODbL-1.0
node/11125193124,,13.0081736,77.5545139,7437,8340,True,public,camera,90,,2023-08-18T13:17:00Z,2026-09-09T04:20:20Z,candidate-public-outdoor,unknown,https://www.openstreetmap.org/node/11125193124,https://www.thetraffic.in/data/surveillance_cameras.v1.json,ODbL-1.0
node/7291611558,,13.0110977,77.5505503,7438,8548,True,public,camera,45,,2020-03-13T11:59:25Z,2026-09-09T04:20:20Z,candidate-public-outdoor,unknown,https://www.openstreetmap.org/node/7291611558,https://www.thetraffic.in/data/surveillance_cameras.v1.json,ODbL-1.0
node/11125193123,,13.00817,77.5545032,7438,8341,True,public,camera,180,,2023-08-18T13:17:00Z,2026-09-09T04:20:20Z,candidate-public-outdoor,unknown,https://www.openstreetmap.org/node/11125193123,https://www.thetraffic.in/data/surveillance_cameras.v1.json,ODbL-1.0
node/7291611557,,13.0110943,77.5505455,7439,8549,True,public,camera,225,,2020-03-13T11:59:25Z,2026-09-09T04:20:20Z,candidate-public-outdoor,unknown,https://www.openstreetmap.org/node/7291611557,https://www.thetraffic.in/data/surveillance_cameras.v1.json,ODbL-1.0
node/11951640273,,13.0039033,77.5614539,7445,7991,True,public,camera,333,,2024-06-02T10:29:31Z,2026-09-09T04:20:20Z,candidate-public-outdoor,unknown,https://www.openstreetmap.org/node/11951640273,https://www.thetraffic.in/data/surveillance_cameras.v1.json,ODbL-1.0
node/11951640272,,13.0038827,77.5614491,7447,7993,True,public,camera,152,,2024-06-02T10:29:31Z,2026-09-09T04:20:20Z,candidate-public-outdoor,unknown,https://www.openstreetmap.org/node/11951640272,https://www.thetraffic.in/data/surveillance_cameras.v1.json,ODbL-1.0
node/11232933042,,13.0047199,77.5598982,7448,8071,True,public,camera,51,,2023-10-02T04:40:18Z,2026-09-09T04:20:20Z,candidate-public-outdoor,unknown,https://www.openstreetmap.org/node/11232933042,https://www.thetraffic.in/data/surveillance_cameras.v1.json,ODbL-1.0
node/11232933043,,13.0047196,77.5598871,7448,8072,True,public,camera,339,,2023-10-02T04:40:18Z,2026-09-09T04:20:20Z,candidate-public-outdoor,unknown,https://www.openstreetmap.org/node/11232933043,https://www.thetraffic.in/data/surveillance_cameras.v1.json,ODbL-1.0
node/11232933044,,13.0047056,77.5598839,7450,8073,True,public,camera,212,,2023-10-02T04:40:18Z,2026-09-09T04:20:20Z,candidate-public-outdoor,unknown,https://www.openstreetmap.org/node/11232933044,https://www.thetraffic.in/data/surveillance_cameras.v1.json,ODbL-1.0
node/11322980522,,13.0072049,77.5556941,7453,8289,True,public,camera,13,,2023-11-05T03:01:48Z,2026-09-09T04:20:20Z,candidate-public-outdoor,unknown,https://www.openstreetmap.org/node/11322980522,https://www.thetraffic.in/data/surveillance_cameras.v1.json,ODbL-1.0
node/11322980523,,13.0071893,77.5556903,7455,8291,True,public,camera,194,,2023-11-05T03:01:48Z,2026-09-09T04:20:20Z,candidate-public-outdoor,unknown,https://www.openstreetmap.org/node/11322980523,https://www.thetraffic.in/data/surveillance_cameras.v1.json,ODbL-1.0
node/11250283336,,13.0154192,77.6428793,7465,4366,True,outdoor,camera,,,2023-10-09T04:06:06Z,2026-09-09T04:20:20Z,candidate-public-outdoor,unknown,https://www.openstreetmap.org/node/11250283336,https://www.thetraffic.in/data/surveillance_cameras.v1.json,ODbL-1.0
node/10831664296,,12.9993263,77.5714028,7476,7522,True,public,camera,90,,2023-04-22T11:01:19Z,2026-09-09T04:20:20Z,candidate-public-outdoor,unknown,https://www.openstreetmap.org/node/10831664296,https://www.thetraffic.in/data/surveillance_cameras.v1.json,ODbL-1.0
node/10831664297,,12.9993322,77.5713958,7476,7522,True,public,camera,0,,2023-04-22T11:01:19Z,2026-09-09T04:20:20Z,candidate-public-outdoor,unknown,https://www.openstreetmap.org/node/10831664297,https://www.thetraffic.in/data/surveillance_cameras.v1.json,ODbL-1.0
node/10831664294,,12.9993256,77.5713877,7477,7523,True,public,camera,270,,2023-04-22T11:01:19Z,2026-09-09T04:20:20Z,candidate-public-outdoor,unknown,https://www.openstreetmap.org/node/10831664294,https://www.thetraffic.in/data/surveillance_cameras.v1.json,ODbL-1.0
node/10831664295,,12.9993191,77.5713958,7477,7523,True,public,camera,180,,2023-04-22T11:01:19Z,2026-09-09T04:20:20Z,candidate-public-outdoor,unknown,https://www.openstreetmap.org/node/10831664295,https://www.thetraffic.in/data/surveillance_cameras.v1.json,ODbL-1.0
node/6796174134,,13.0019525,77.6234808,7480,5101,True,,,,,2019-09-15T04:09:08Z,2026-09-09T04:20:20Z,excluded-non-camera,unknown,https://www.openstreetmap.org/node/6796174134,https://www.thetraffic.in/data/surveillance_cameras.v1.json,ODbL-1.0
node/6897561620,,13.0021801,77.6239718,7480,5080,True,outdoor,camera,200,,2019-10-19T08:19:30Z,2026-09-09T04:20:20Z,candidate-public-outdoor,unknown,https://www.openstreetmap.org/node/6897561620,https://www.thetraffic.in/data/surveillance_cameras.v1.json,ODbL-1.0
node/6917875449,,13.0016718,77.623213,7496,5130,True,outdoor,camera,0,,2019-10-28T07:54:20Z,2026-09-09T04:20:20Z,candidate-public-outdoor,unknown,https://www.openstreetmap.org/node/6917875449,https://www.thetraffic.in/data/surveillance_cameras.v1.json,ODbL-1.0
node/6917948410,,13.0016562,77.6232511,7500,5132,True,outdoor,camera,90,,2019-10-28T07:54:20Z,2026-09-09T04:20:20Z,candidate-public-outdoor,unknown,https://www.openstreetmap.org/node/6917948410,https://www.thetraffic.in/data/surveillance_cameras.v1.json,ODbL-1.0
node/10236004198,,13.0124253,77.5479727,7508,8727,True,public,camera,0,,2022-12-03T18:42:11Z,2026-09-09T04:20:20Z,candidate-public-outdoor,unknown,https://www.openstreetmap.org/node/10236004198,https://www.thetraffic.in/data/surveillance_cameras.v1.json,ODbL-1.0
node/10236004197,,13.012407,77.5479754,7509,8728,True,public,camera,180,,2022-12-03T18:42:11Z,2026-09-09T04:20:20Z,candidate-public-outdoor,unknown,https://www.openstreetmap.org/node/10236004197,https://www.thetraffic.in/data/surveillance_cameras.v1.json,ODbL-1.0
node/11917161998,,12.9963895,77.6071214,7521,5872,True,public,camera,211,,2024-05-19T04:54:02Z,2026-09-09T04:20:20Z,candidate-public-outdoor,unknown,https://www.openstreetmap.org/node/11917161998,https://www.thetraffic.in/data/surveillance_cameras.v1.json,ODbL-1.0
node/11917161999,,12.9963938,77.6071246,7521,5871,True,public,camera,31,,2024-05-19T04:54:02Z,2026-09-09T04:20:20Z,candidate-public-outdoor,unknown,https://www.openstreetmap.org/node/11917161999,https://www.thetraffic.in/data/surveillance_cameras.v1.json,ODbL-1.0
node/13325863549,,12.9992834,77.5700691,7530,7627,True,public,camera,268,,2025-11-23T10:58:11Z,2026-09-09T04:20:20Z,candidate-public-outdoor,unknown,https://www.openstreetmap.org/node/13325863549,https://www.thetraffic.in/data/surveillance_cameras.v1.json,ODbL-1.0
node/13325863550,,12.9992834,77.5700691,7530,7627,True,public,camera,91,,2025-11-23T10:58:11Z,2026-09-09T04:20:20Z,candidate-public-outdoor,unknown,https://www.openstreetmap.org/node/13325863550,https://www.thetraffic.in/data/surveillance_cameras.v1.json,ODbL-1.0
node/12676261324,,13.0071249,77.5544529,7537,8407,True,public,camera,,,2025-03-18T11:40:04Z,2026-09-09T04:20:20Z,candidate-public-outdoor,unknown,https://www.openstreetmap.org/node/12676261324,https://www.thetraffic.in/data/surveillance_cameras.v1.json,ODbL-1.0
node/7291611556,,13.0103693,77.5498758,7547,8651,True,public,camera,10,,2020-03-13T11:59:25Z,2026-09-09T04:20:20Z,candidate-public-outdoor,unknown,https://www.openstreetmap.org/node/7291611556,https://www.thetraffic.in/data/surveillance_cameras.v1.json,ODbL-1.0
node/7291611555,,13.0103497,77.5498731,7549,8652,True,public,camera,160,,2020-03-13T11:59:25Z,2026-09-09T04:20:20Z,candidate-public-outdoor,unknown,https://www.openstreetmap.org/node/7291611555,https://www.thetraffic.in/data/surveillance_cameras.v1.json,ODbL-1.0
node/11659057405,,12.9950718,77.589703,7549,6706,True,public,camera,200,,2024-02-24T06:00:14Z,2026-09-09T04:20:20Z,candidate-public-outdoor,unknown,https://www.openstreetmap.org/node/11659057405,https://www.thetraffic.in/data/surveillance_cameras.v1.json,ODbL-1.0
node/11659057406,,12.9950718,77.589703,7549,6706,True,public,camera,16,,2024-02-24T06:00:14Z,2026-09-09T04:20:20Z,candidate-public-outdoor,unknown,https://www.openstreetmap.org/node/11659057406,https://www.thetraffic.in/data/surveillance_cameras.v1.json,ODbL-1.0
node/11659057401,,12.9950434,77.5898969,7551,6699,True,outdoor,camera,,,2024-02-24T06:00:14Z,2026-09-09T04:20:20Z,candidate-public-outdoor,unknown,https://www.openstreetmap.org/node/11659057401,https://www.thetraffic.in/data/surveillance_cameras.v1.json,ODbL-1.0
node/11659057402,,12.9950434,77.5898969,7551,6699,True,public,camera,,,2024-02-24T06:00:14Z,2026-09-09T04:20:20Z,candidate-public-outdoor,unknown,https://www.openstreetmap.org/node/11659057402,https://www.thetraffic.in/data/surveillance_cameras.v1.json,ODbL-1.0
node/11219451410,,13.0139478,77.6425331,7555,4480,True,public,camera,283,,2023-09-26T08:48:11Z,2026-09-09T04:20:20Z,candidate-public-outdoor,unknown,https://www.openstreetmap.org/node/11219451410,https://www.thetraffic.in/data/surveillance_cameras.v1.json,ODbL-1.0
node/11219451411,,13.0139478,77.6425331,7555,4480,True,public,camera,8,,2023-09-26T08:48:11Z,2026-09-09T04:20:20Z,candidate-public-outdoor,unknown,https://www.openstreetmap.org/node/11219451411,https://www.thetraffic.in/data/surveillance_cameras.v1.json,ODbL-1.0
node/11219451412,,13.0139478,77.6425331,7555,4480,True,public,camera,192,,2023-09-26T08:48:11Z,2026-09-09T04:20:20Z,candidate-public-outdoor,unknown,https://www.openstreetmap.org/node/11219451412,https://www.thetraffic.in/data/surveillance_cameras.v1.json,ODbL-1.0
node/11584056359,,13.002206,77.6257145,7561,5097,True,public,camera,289,,2024-02-04T11:40:16Z,2026-09-09T04:20:20Z,candidate-public-outdoor,unknown,https://www.openstreetmap.org/node/11584056359,https://www.thetraffic.in/data/surveillance_cameras.v1.json,ODbL-1.0
node/11584056358,,13.0022035,77.62572,7562,5097,True,public,camera,202,,2024-02-04T11:40:16Z,2026-09-09T04:20:20Z,candidate-public-outdoor,unknown,https://www.openstreetmap.org/node/11584056358,https://www.thetraffic.in/data/surveillance_cameras.v1.json,ODbL-1.0
node/11584061807,,13.0021328,77.625788,7572,5106,True,public,camera,19,,2024-02-04T11:38:53Z,2026-09-09T04:20:20Z,candidate-public-outdoor,unknown,https://www.openstreetmap.org/node/11584061807,https://www.thetraffic.in/data/surveillance_cameras.v1.json,ODbL-1.0
node/11584061809,,13.0021313,77.6257827,7572,5106,True,public,camera,299,,2024-02-04T11:38:53Z,2026-09-09T04:20:20Z,candidate-public-outdoor,unknown,https://www.openstreetmap.org/node/11584061809,https://www.thetraffic.in/data/surveillance_cameras.v1.json,ODbL-1.0
node/11584061808,,13.0021282,77.6257915,7573,5107,True,public,camera,106,,2024-02-04T11:38:53Z,2026-09-09T04:20:20Z,candidate-public-outdoor,unknown,https://www.openstreetmap.org/node/11584061808,https://www.thetraffic.in/data/surveillance_cameras.v1.json,ODbL-1.0
node/6991258836,Outdoor,12.9948308,77.5888307,7582,6776,True,outdoor,camera,,,2019-12-13T01:08:16Z,2026-09-09T04:20:20Z,candidate-public-outdoor,unknown,https://www.openstreetmap.org/node/6991258836,https://www.thetraffic.in/data/surveillance_cameras.v1.json,ODbL-1.0
node/11659057404,,12.9946773,77.5896968,7593,6745,True,outdoor,camera,303,,2024-02-24T06:00:14Z,2026-09-09T04:20:20Z,candidate-public-outdoor,unknown,https://www.openstreetmap.org/node/11659057404,https://www.thetraffic.in/data/surveillance_cameras.v1.json,ODbL-1.0
node/11644263342,,13.001257,77.6244854,7597,5187,True,outdoor,camera,,,2024-02-20T03:38:49Z,2026-09-09T04:20:20Z,candidate-public-outdoor,unknown,https://www.openstreetmap.org/node/11644263342,https://www.thetraffic.in/data/surveillance_cameras.v1.json,ODbL-1.0
node/11644263343,,13.001257,77.6244854,7597,5187,True,outdoor,camera,273,,2024-02-20T03:38:49Z,2026-09-09T04:20:20Z,candidate-public-outdoor,unknown,https://www.openstreetmap.org/node/11644263343,https://www.thetraffic.in/data/surveillance_cameras.v1.json,ODbL-1.0
node/7007284986,,13.0100783,77.5492626,7615,8725,True,public,camera,,,2020-03-08T12:19:10Z,2026-09-09T04:20:20Z,candidate-public-outdoor,unknown,https://www.openstreetmap.org/node/7007284986,https://www.thetraffic.in/data/surveillance_cameras.v1.json,ODbL-1.0
node/11179714854,,13.0060917,77.554345,7638,8479,True,public,camera,107,,2025-08-31T18:22:45Z,2026-09-09T04:20:20Z,candidate-public-outdoor,unknown,https://www.openstreetmap.org/node/11179714854,https://www.thetraffic.in/data/surveillance_cameras.v1.json,ODbL-1.0
node/11179714855,,13.0060971,77.554321,7639,8481,True,public,camera,282,,2025-08-31T18:22:45Z,2026-09-09T04:20:20Z,candidate-public-outdoor,unknown,https://www.openstreetmap.org/node/11179714855,https://www.thetraffic.in/data/surveillance_cameras.v1.json,ODbL-1.0
node/7087593366,,12.9954831,77.6084518,7648,5938,True,public,camera,,,2019-12-27T06:49:25Z,2026-09-09T04:20:20Z,candidate-public-outdoor,unknown,https://www.openstreetmap.org/node/7087593366,https://www.thetraffic.in/data/surveillance_cameras.v1.json,ODbL-1.0
node/11096882132,,12.9940614,77.596054,7649,6501,True,public,camera,30,,2023-08-07T11:22:28Z,2026-09-09T04:20:20Z,candidate-public-outdoor,unknown,https://www.openstreetmap.org/node/11096882132,https://www.thetraffic.in/data/surveillance_cameras.v1.json,ODbL-1.0
node/11096882129,,12.9940594,77.5960419,7650,6502,True,public,camera,300,,2023-08-07T11:22:28Z,2026-09-09T04:20:20Z,candidate-public-outdoor,unknown,https://www.openstreetmap.org/node/11096882129,https://www.thetraffic.in/data/surveillance_cameras.v1.json,ODbL-1.0
node/11096882131,,12.9940555,77.5960634,7650,6501,True,public,camera,120,,2023-08-07T11:22:28Z,2026-09-09T04:20:20Z,candidate-public-outdoor,unknown,https://www.openstreetmap.org/node/11096882131,https://www.thetraffic.in/data/surveillance_cameras.v1.json,ODbL-1.0
node/11096882130,,12.9940451,77.59605,7651,6503,True,public,camera,210,,2023-08-07T11:22:28Z,2026-09-09T04:20:20Z,candidate-public-outdoor,unknown,https://www.openstreetmap.org/node/11096882130,https://www.thetraffic.in/data/surveillance_cameras.v1.json,ODbL-1.0
node/11096802211,,12.996984,77.57321,7663,7578,True,public,camera,0,,2023-08-07T10:29:54Z,2026-09-09T04:20:20Z,candidate-public-outdoor,unknown,https://www.openstreetmap.org/node/11096802211,https://www.thetraffic.in/data/surveillance_cameras.v1.json,ODbL-1.0
node/11096802212,,12.9969751,77.5732012,7664,7579,True,public,camera,225,,2023-08-07T10:29:54Z,2026-09-09T04:20:20Z,candidate-public-outdoor,unknown,https://www.openstreetmap.org/node/11096802212,https://www.thetraffic.in/data/surveillance_cameras.v1.json,ODbL-1.0
node/11951640271,,13.0007354,77.5633048,7667,8057,True,public,camera,151,,2024-06-02T10:29:31Z,2026-09-09T04:20:20Z,candidate-public-outdoor,unknown,https://www.openstreetmap.org/node/11951640271,https://www.thetraffic.in/data/surveillance_cameras.v1.json,ODbL-1.0
node/11951640270,,13.0007259,77.5632783,7670,8060,True,public,camera,252,,2024-06-02T10:29:31Z,2026-09-09T04:20:20Z,candidate-public-outdoor,unknown,https://www.openstreetmap.org/node/11951640270,https://www.thetraffic.in/data/surveillance_cameras.v1.json,ODbL-1.0
node/11982693087,,12.9967691,77.5731571,7687,7600,True,public,camera,2,,2024-06-15T10:42:44Z,2026-09-09T04:20:20Z,candidate-public-outdoor,unknown,https://www.openstreetmap.org/node/11982693087,https://www.thetraffic.in/data/surveillance_cameras.v1.json,ODbL-1.0
node/6449238944,,12.9996571,77.6230575,7693,5352,True,outdoor,camera,,,2019-05-06T05:55:09Z,2026-09-09T04:20:20Z,candidate-public-outdoor,unknown,https://www.openstreetmap.org/node/6449238944,https://www.thetraffic.in/data/surveillance_cameras.v1.json,ODbL-1.0
node/10262176511,,12.9936497,77.5957793,7694,6555,True,traffic,camera,,2022-12-14,2022-12-14T10:53:52Z,2026-09-09T04:20:20Z,candidate-public-outdoor,unknown,https://www.openstreetmap.org/node/10262176511,https://www.thetraffic.in/data/surveillance_cameras.v1.json,ODbL-1.0
node/6449238580,,12.9996458,77.623085,7696,5354,True,outdoor,camera,,,2019-05-06T05:55:09Z,2026-09-09T04:20:20Z,candidate-public-outdoor,unknown,https://www.openstreetmap.org/node/6449238580,https://www.thetraffic.in/data/surveillance_cameras.v1.json,ODbL-1.0
node/11096882134,,12.9935998,77.5955886,7699,6568,True,public,camera,30,,2023-08-07T11:22:28Z,2026-09-09T04:20:20Z,candidate-public-outdoor,unknown,https://www.openstreetmap.org/node/11096882134,https://www.thetraffic.in/data/surveillance_cameras.v1.json,ODbL-1.0
node/10262180309,,12.9935933,77.5955787,7700,6569,True,traffic,camera,315,2022-12-14,2024-05-19T04:54:02Z,2026-09-09T04:20:20Z,candidate-public-outdoor,unknown,https://www.openstreetmap.org/node/10262180309,https://www.thetraffic.in/data/surveillance_cameras.v1.json,ODbL-1.0
node/11096882133,,12.9935903,77.5955863,7700,6569,True,public,camera,100,,2023-08-07T11:22:28Z,2026-09-09T04:20:20Z,candidate-public-outdoor,unknown,https://www.openstreetmap.org/node/11096882133,https://www.thetraffic.in/data/surveillance_cameras.v1.json,ODbL-1.0
node/6449399461,,12.9935331,77.5957065,7707,6570,True,public,camera,,,2019-05-06T05:58:15Z,2026-09-09T04:20:20Z,candidate-public-outdoor,unknown,https://www.openstreetmap.org/node/6449399461,https://www.thetraffic.in/data/surveillance_cameras.v1.json,ODbL-1.0
node/7193004389,,12.993612,77.5981061,7709,6462,True,public,camera,,,2020-02-09T18:23:05Z,2026-09-09T04:20:20Z,candidate-public-outdoor,unknown,https://www.openstreetmap.org/node/7193004389,https://www.thetraffic.in/data/surveillance_cameras.v1.json,ODbL-1.0
node/6449238204,,12.9995879,77.6232746,7710,5362,True,outdoor,camera,,,2019-05-06T05:55:09Z,2026-09-09T04:20:20Z,candidate-public-outdoor,unknown,https://www.openstreetmap.org/node/6449238204,https://www.thetraffic.in/data/surveillance_cameras.v1.json,ODbL-1.0
node/10748279509,,12.9969946,77.5713643,7723,7712,True,public,camera,,2023-03-20,2023-03-20T11:51:03Z,2026-09-09T04:20:20Z,candidate-public-outdoor,unknown,https://www.openstreetmap.org/node/10748279509,https://www.thetraffic.in/data/surveillance_cameras.v1.json,ODbL-1.0
node/10748296706,,12.9969946,77.5713643,7723,7712,True,public,camera,,2023-03-20,2023-03-20T11:50:58Z,2026-09-09T04:20:20Z,candidate-public-outdoor,unknown,https://www.openstreetmap.org/node/10748296706,https://www.thetraffic.in/data/surveillance_cameras.v1.json,ODbL-1.0
node/11096914876,,12.9959862,77.6134656,7723,5793,True,public,camera,30,,2023-08-07T11:46:03Z,2026-09-09T04:20:20Z,candidate-public-outdoor,unknown,https://www.openstreetmap.org/node/11096914876,https://www.thetraffic.in/data/surveillance_cameras.v1.json,ODbL-1.0
node/10236751410,,12.9934814,77.5981797,7724,6473,True,public,camera,0,2022-12-04,2022-12-04T13:02:52Z,2026-09-09T04:20:20Z,candidate-public-outdoor,unknown,https://www.openstreetmap.org/node/10236751410,https://www.thetraffic.in/data/surveillance_cameras.v1.json,ODbL-1.0
node/10236757209,,12.9934814,77.5981797,7724,6473,True,public,camera,90,2022-12-04,2022-12-04T13:02:52Z,2026-09-09T04:20:20Z,candidate-public-outdoor,unknown,https://www.openstreetmap.org/node/10236757209,https://www.thetraffic.in/data/surveillance_cameras.v1.json,ODbL-1.0
node/10236757309,,12.9934814,77.5981797,7724,6473,True,public,camera,180,2022-12-04,2022-12-04T13:02:52Z,2026-09-09T04:20:20Z,candidate-public-outdoor,unknown,https://www.openstreetmap.org/node/10236757309,https://www.thetraffic.in/data/surveillance_cameras.v1.json,ODbL-1.0
node/10831664276,,12.996984,77.5713807,7724,7712,True,public,camera,180,,2023-04-22T11:01:19Z,2026-09-09T04:20:20Z,candidate-public-outdoor,unknown,https://www.openstreetmap.org/node/10831664276,https://www.thetraffic.in/data/surveillance_cameras.v1.json,ODbL-1.0
node/11096914875,,12.9959738,77.6134501,7724,5794,True,public,camera,210,,2023-08-07T11:46:03Z,2026-09-09T04:20:20Z,candidate-public-outdoor,unknown,https://www.openstreetmap.org/node/11096914875,https://www.thetraffic.in/data/surveillance_cameras.v1.json,ODbL-1.0
node/10831664277,,12.9969833,77.5713455,7725,7714,True,public,camera,270,,2023-04-22T11:01:19Z,2026-09-09T04:20:20Z,candidate-public-outdoor,unknown,https://www.openstreetmap.org/node/10831664277,https://www.thetraffic.in/data/surveillance_cameras.v1.json,ODbL-1.0
node/6467485842,,13.000987,77.6270416,7748,5251,True,public,camera,,,2019-10-19T08:20:27Z,2026-09-09T04:20:20Z,candidate-public-outdoor,unknown,https://www.openstreetmap.org/node/6467485842,https://www.thetraffic.in/data/surveillance_cameras.v1.json,ODbL-1.0
node/11659057403,,12.9931833,77.5890739,7763,6923,True,outdoor,guard,,,2024-02-24T06:00:14Z,2026-09-09T04:20:20Z,excluded-non-camera,unknown,https://www.openstreetmap.org/node/11659057403,https://www.thetraffic.in/data/surveillance_cameras.v1.json,ODbL-1.0
node/9811397078,,13.0049061,77.5538074,7780,8600,True,public,camera,15,,2023-11-12T03:26:58Z,2026-09-09T04:20:20Z,candidate-public-outdoor,unknown,https://www.openstreetmap.org/node/9811397078,https://www.thetraffic.in/data/surveillance_cameras.v1.json,ODbL-1.0
node/9811397077,,13.0048994,77.5537963,7781,8602,True,public,camera,196,,2023-11-12T03:26:58Z,2026-09-09T04:20:20Z,candidate-public-outdoor,unknown,https://www.openstreetmap.org/node/9811397077,https://www.thetraffic.in/data/surveillance_cameras.v1.json,ODbL-1.0
node/9776723822,,13.0114884,77.6429317,7784,4734,True,public,camera,,2022-05-28,2022-05-28T12:19:05Z,2026-09-09T04:20:20Z,candidate-public-outdoor,unknown,https://www.openstreetmap.org/node/9776723822,https://www.thetraffic.in/data/surveillance_cameras.v1.json,ODbL-1.0
node/11917161993,,12.99454,77.5779803,7791,7457,True,public,camera,318,,2024-05-19T04:54:02Z,2026-09-09T04:20:20Z,candidate-public-outdoor,unknown,https://www.openstreetmap.org/node/11917161993,https://www.thetraffic.in/data/surveillance_cameras.v1.json,ODbL-1.0
node/11917161992,,12.9945305,77.5779979,7792,7456,True,public,camera,140,,2024-05-19T04:54:02Z,2026-09-09T04:20:20Z,candidate-public-outdoor,unknown,https://www.openstreetmap.org/node/11917161992,https://www.thetraffic.in/data/surveillance_cameras.v1.json,ODbL-1.0
node/6990071173,,13.0047367,77.5537744,7797,8614,True,public,camera,15,,2023-11-12T03:26:58Z,2026-09-09T04:20:20Z,candidate-public-outdoor,unknown,https://www.openstreetmap.org/node/6990071173,https://www.thetraffic.in/data/surveillance_cameras.v1.json,ODbL-1.0
node/6990071172,,13.00473,77.5537633,7798,8615,True,public,camera,225,,2019-11-19T15:21:49Z,2026-09-09T04:20:20Z,candidate-public-outdoor,unknown,https://www.openstreetmap.org/node/6990071172,https://www.thetraffic.in/data/surveillance_cameras.v1.json,ODbL-1.0
node/9687956633,,12.9963416,77.6170288,7799,5719,True,,,,,2022-10-04T07:07:37Z,2026-09-09T04:20:20Z,excluded-non-camera,unknown,https://www.openstreetmap.org/node/9687956633,https://www.thetraffic.in/data/surveillance_cameras.v1.json,ODbL-1.0
node/11758309909,,12.9926803,77.5947718,7800,6698,True,outdoor,camera,,,2024-03-24T13:55:37Z,2026-09-09T04:20:20Z,candidate-public-outdoor,unknown,https://www.openstreetmap.org/node/11758309909,https://www.thetraffic.in/data/surveillance_cameras.v1.json,ODbL-1.0
node/10183518528,,12.9969304,77.5693546,7802,7867,True,public,camera,,2022-11-13,2022-11-14T16:20:12Z,2026-09-09T04:20:20Z,candidate-public-outdoor,unknown,https://www.openstreetmap.org/node/10183518528,https://www.thetraffic.in/data/surveillance_cameras.v1.json,ODbL-1.0
node/12495403828,,12.9975988,77.6207618,7807,5571,True,public,camera,350,,2025-01-12T06:34:41Z,2026-09-09T04:20:20Z,candidate-public-outdoor,unknown,https://www.openstreetmap.org/node/12495403828,https://www.thetraffic.in/data/surveillance_cameras.v1.json,ODbL-1.0
node/12495403829,,12.997586,77.6207555,7808,5573,True,public,camera,260,,2025-01-12T06:34:41Z,2026-09-09T04:20:20Z,candidate-public-outdoor,unknown,https://www.openstreetmap.org/node/12495403829,https://www.thetraffic.in/data/surveillance_cameras.v1.json,ODbL-1.0
node/12495403831,,12.9975962,77.6207709,7808,5572,True,public,camera,90,,2025-01-12T06:34:41Z,2026-09-09T04:20:20Z,candidate-public-outdoor,unknown,https://www.openstreetmap.org/node/12495403831,https://www.thetraffic.in/data/surveillance_cameras.v1.json,ODbL-1.0
node/12495403830,,12.9975877,77.6207662,7809,5573,True,public,camera,170,,2025-01-12T06:34:41Z,2026-09-09T04:20:20Z,candidate-public-outdoor,unknown,https://www.openstreetmap.org/node/12495403830,https://www.thetraffic.in/data/surveillance_cameras.v1.json,ODbL-1.0
node/11853621774,,12.9953729,77.6141819,7810,5852,True,outdoor,camera,304,,2024-04-27T05:51:25Z,2026-09-09T04:20:20Z,candidate-public-outdoor,unknown,https://www.openstreetmap.org/node/11853621774,https://www.thetraffic.in/data/surveillance_cameras.v1.json,ODbL-1.0
node/11032781305,,12.9975847,77.6208226,7811,5573,True,public,camera,,2023-07-07,2023-07-10T05:41:38Z,2026-09-09T04:20:20Z,candidate-public-outdoor,unknown,https://www.openstreetmap.org/node/11032781305,https://www.thetraffic.in/data/surveillance_cameras.v1.json,ODbL-1.0
node/11250249035,,13.0116076,77.6434799,7814,4755,True,outdoor,camera,,,2023-10-09T04:15:09Z,2026-09-09T04:20:20Z,candidate-public-outdoor,unknown,https://www.openstreetmap.org/node/11250249035,https://www.thetraffic.in/data/surveillance_cameras.v1.json,ODbL-1.0
node/11659068433,,12.9925733,77.5918881,7815,6841,True,outdoor,camera,5,,2024-02-24T06:11:14Z,2026-09-09T04:20:20Z,candidate-public-outdoor,unknown,https://www.openstreetmap.org/node/11659068433,https://www.thetraffic.in/data/surveillance_cameras.v1.json,ODbL-1.0
node/11659068434,,12.9925733,77.5918881,7815,6841,True,outdoor,camera,47,,2024-02-24T06:11:14Z,2026-09-09T04:20:20Z,candidate-public-outdoor,unknown,https://www.openstreetmap.org/node/11659068434,https://www.thetraffic.in/data/surveillance_cameras.v1.json,ODbL-1.0
node/11125193125,,13.0051718,77.5528124,7816,8674,True,public,camera,135,,2023-08-18T13:17:00Z,2026-09-09T04:20:20Z,candidate-public-outdoor,unknown,https://www.openstreetmap.org/node/11125193125,https://www.thetraffic.in/data/surveillance_cameras.v1.json,ODbL-1.0
node/11125193126,,13.0051767,77.5528055,7816,8675,True,public,camera,315,,2023-08-18T13:17:00Z,2026-09-09T04:20:20Z,candidate-public-outdoor,unknown,https://www.openstreetmap.org/node/11125193126,https://www.thetraffic.in/data/surveillance_cameras.v1.json,ODbL-1.0
node/11659068431,,12.9925713,77.5919189,7816,6840,True,outdoor,camera,284,,2024-02-24T06:11:14Z,2026-09-09T04:20:20Z,candidate-public-outdoor,unknown,https://www.openstreetmap.org/node/11659068431,https://www.thetraffic.in/data/surveillance_cameras.v1.json,ODbL-1.0
node/11659068432,,12.9925713,77.5919189,7816,6840,True,outdoor,camera,330,,2024-02-24T06:11:14Z,2026-09-09T04:20:20Z,candidate-public-outdoor,unknown,https://www.openstreetmap.org/node/11659068432,https://www.thetraffic.in/data/surveillance_cameras.v1.json,ODbL-1.0
node/11984546379,,13.0043756,77.5539897,7817,8617,True,public,camera,342,,2024-06-16T02:43:47Z,2026-09-09T04:20:20Z,candidate-public-outdoor,unknown,https://www.openstreetmap.org/node/11984546379,https://www.thetraffic.in/data/surveillance_cameras.v1.json,ODbL-1.0
node/11984546380,,13.0043752,77.5539974,7817,8616,True,public,camera,51,,2024-06-16T02:43:47Z,2026-09-09T04:20:20Z,candidate-public-outdoor,unknown,https://www.openstreetmap.org/node/11984546380,https://www.thetraffic.in/data/surveillance_cameras.v1.json,ODbL-1.0
node/11984546381,,13.004365,77.5539947,7818,8617,True,public,camera,180,,2024-06-16T02:43:47Z,2026-09-09T04:20:20Z,candidate-public-outdoor,unknown,https://www.openstreetmap.org/node/11984546381,https://www.thetraffic.in/data/surveillance_cameras.v1.json,ODbL-1.0
node/11125193127,,13.0053742,77.5524659,7819,8694,True,public,camera,315,,2023-08-18T13:17:00Z,2026-09-09T04:20:20Z,candidate-public-outdoor,unknown,https://www.openstreetmap.org/node/11125193127,https://www.thetraffic.in/data/surveillance_cameras.v1.json,ODbL-1.0
node/11125193128,,13.0053693,77.5524728,7819,8693,True,public,camera,135,,2023-08-18T13:17:00Z,2026-09-09T04:20:20Z,candidate-public-outdoor,unknown,https://www.openstreetmap.org/node/11125193128,https://www.thetraffic.in/data/surveillance_cameras.v1.json,ODbL-1.0
node/11659068435,,12.9924984,77.5924732,7822,6821,True,outdoor,camera,,,2024-02-24T06:11:14Z,2026-09-09T04:20:20Z,candidate-public-outdoor,unknown,https://www.openstreetmap.org/node/11659068435,https://www.thetraffic.in/data/surveillance_cameras.v1.json,ODbL-1.0
node/6990071174,,13.0043769,77.5538928,7823,8625,True,public,camera,,2022-07-28,2022-08-02T03:13:18Z,2026-09-09T04:20:20Z,candidate-public-outdoor,unknown,https://www.openstreetmap.org/node/6990071174,https://www.thetraffic.in/data/surveillance_cameras.v1.json,ODbL-1.0
node/11986964371,,12.9969196,77.5684718,7836,7935,True,public,camera,340,,2024-06-17T06:09:41Z,2026-09-09T04:20:20Z,candidate-public-outdoor,unknown,https://www.openstreetmap.org/node/11986964371,https://www.thetraffic.in/data/surveillance_cameras.v1.json,ODbL-1.0
node/11986964369,,12.9969069,77.5684819,7837,7935,True,public,camera,70,,2024-06-17T06:09:41Z,2026-09-09T04:20:20Z,candidate-public-outdoor,unknown,https://www.openstreetmap.org/node/11986964369,https://www.thetraffic.in/data/surveillance_cameras.v1.json,ODbL-1.0
node/11986964370,,12.9969069,77.5684722,7838,7936,True,public,camera,225,,2024-06-17T06:09:41Z,2026-09-09T04:20:20Z,candidate-public-outdoor,unknown,https://www.openstreetmap.org/node/11986964370,https://www.thetraffic.in/data/surveillance_cameras.v1.json,ODbL-1.0
node/6449263431,,12.9935113,77.6073388,7840,6178,True,public,camera,,2022-09-12,2023-08-07T11:22:28Z,2026-09-09T04:20:20Z,candidate-public-outdoor,unknown,https://www.openstreetmap.org/node/6449263431,https://www.thetraffic.in/data/surveillance_cameras.v1.json,ODbL-1.0
node/7007284987,,13.0079151,77.5485866,7847,8906,True,public,camera,135,,2020-02-16T05:35:05Z,2026-09-09T04:20:20Z,candidate-public-outdoor,unknown,https://www.openstreetmap.org/node/7007284987,https://www.thetraffic.in/data/surveillance_cameras.v1.json,ODbL-1.0
node/6854513129,,12.9957562,77.6166553,7848,5786,True,public,camera,,2023-02-27,2023-02-28T12:32:16Z,2026-09-09T04:20:20Z,candidate-public-outdoor,unknown,https://www.openstreetmap.org/node/6854513129,https://www.thetraffic.in/data/surveillance_cameras.v1.json,ODbL-1.0
node/11609505399,,12.9981796,77.5649376,7852,8113,True,public,camera,200,,2024-02-11T06:32:34Z,2026-09-09T04:20:20Z,candidate-public-outdoor,unknown,https://www.openstreetmap.org/node/11609505399,https://www.thetraffic.in/data/surveillance_cameras.v1.json,ODbL-1.0
node/11982693092,,12.9981666,77.5648547,7856,8121,True,public,camera,,,2024-06-15T10:42:44Z,2026-09-09T04:20:20Z,candidate-public-outdoor,unknown,https://www.openstreetmap.org/node/11982693092,https://www.thetraffic.in/data/surveillance_cameras.v1.json,ODbL-1.0
node/11358405732,,12.9957317,77.6168344,7857,5788,True,public,camera,308,,2023-11-17T15:18:45Z,2026-09-09T04:20:20Z,candidate-public-outdoor,unknown,https://www.openstreetmap.org/node/11358405732,https://www.thetraffic.in/data/surveillance_cameras.v1.json,ODbL-1.0
node/7215550063,,13.0076579,77.5487566,7858,8904,True,public,camera,,,2020-02-16T05:35:05Z,2026-09-09T04:20:20Z,candidate-public-outdoor,unknown,https://www.openstreetmap.org/node/7215550063,https://www.thetraffic.in/data/surveillance_cameras.v1.json,ODbL-1.0
node/11358405731,,12.9957238,77.6168313,7858,5789,True,public,camera,247,,2023-11-17T15:18:45Z,2026-09-09T04:20:20Z,candidate-public-outdoor,unknown,https://www.openstreetmap.org/node/11358405731,https://www.thetraffic.in/data/surveillance_cameras.v1.json,ODbL-1.0
node/11358405733,,12.9957238,77.6168313,7858,5789,True,public,camera,151,,2023-11-17T15:18:45Z,2026-09-09T04:20:20Z,candidate-public-outdoor,unknown,https://www.openstreetmap.org/node/11358405733,https://www.thetraffic.in/data/surveillance_cameras.v1.json,ODbL-1.0
node/12211756525,,13.0046998,77.5528197,7859,8702,True,,camera,,,2024-09-30T13:33:02Z,2026-09-09T04:20:20Z,review-access-unknown,unknown,https://www.openstreetmap.org/node/12211756525,https://www.thetraffic.in/data/surveillance_cameras.v1.json,ODbL-1.0
node/7007284988,,13.0077816,77.5485689,7860,8915,True,public,camera,45,,2020-02-16T05:35:05Z,2026-09-09T04:20:20Z,candidate-public-outdoor,unknown,https://www.openstreetmap.org/node/7007284988,https://www.thetraffic.in/data/surveillance_cameras.v1.json,ODbL-1.0
node/9729599817,,12.9928633,77.5836205,7862,7257,True,public,camera,,2022-05-10,2022-05-10T10:25:53Z,2026-09-09T04:20:20Z,candidate-public-outdoor,unknown,https://www.openstreetmap.org/node/9729599817,https://www.thetraffic.in/data/surveillance_cameras.v1.json,ODbL-1.0
node/6897557761,,13.0013632,77.6299982,7864,5266,True,public,camera,280,,2019-10-19T08:22:50Z,2026-09-09T04:20:20Z,candidate-public-outdoor,unknown,https://www.openstreetmap.org/node/6897557761,https://www.thetraffic.in/data/surveillance_cameras.v1.json,ODbL-1.0
node/6897547662,,13.0013694,77.6300264,7865,5266,True,public,camera,90,,2019-10-19T08:22:50Z,2026-09-09T04:20:20Z,candidate-public-outdoor,unknown,https://www.openstreetmap.org/node/6897547662,https://www.thetraffic.in/data/surveillance_cameras.v1.json,ODbL-1.0
node/9532890548,,13.0077028,77.5485775,7866,8919,True,public,camera,210,,2022-02-24T17:34:54Z,2026-09-09T04:20:20Z,candidate-public-outdoor,unknown,https://www.openstreetmap.org/node/9532890548,https://www.thetraffic.in/data/surveillance_cameras.v1.json,ODbL-1.0
node/9532890549,,13.0077026,77.5485799,7866,8918,True,public,camera,150,,2022-02-24T17:34:54Z,2026-09-09T04:20:20Z,candidate-public-outdoor,unknown,https://www.openstreetmap.org/node/9532890549,https://www.thetraffic.in/data/surveillance_cameras.v1.json,ODbL-1.0
node/12103825763,,12.9969043,77.5677528,7866,7991,True,public,camera,354,,2024-08-11T07:00:17Z,2026-09-09T04:20:20Z,candidate-public-outdoor,unknown,https://www.openstreetmap.org/node/12103825763,https://www.thetraffic.in/data/surveillance_cameras.v1.json,ODbL-1.0
node/12103825762,,12.996886,77.5677617,7867,7992,True,public,camera,272,,2024-08-11T07:00:17Z,2026-09-09T04:20:20Z,candidate-public-outdoor,unknown,https://www.openstreetmap.org/node/12103825762,https://www.thetraffic.in/data/surveillance_cameras.v1.json,ODbL-1.0
node/9912087579,,13.0077737,77.5484411,7869,8928,True,public,camera,120,2022-07-23,2022-07-26T13:47:36Z,2026-09-09T04:20:20Z,candidate-public-outdoor,unknown,https://www.openstreetmap.org/node/9912087579,https://www.thetraffic.in/data/surveillance_cameras.v1.json,ODbL-1.0
node/9912087578,,13.0077747,77.5484371,7870,8928,True,public,camera,10,2022-07-23,2022-07-26T13:47:36Z,2026-09-09T04:20:20Z,candidate-public-outdoor,unknown,https://www.openstreetmap.org/node/9912087578,https://www.thetraffic.in/data/surveillance_cameras.v1.json,ODbL-1.0
node/9912087580,,13.0077542,77.5484352,7871,8929,True,public,camera,300,2022-07-23,2022-07-26T13:47:36Z,2026-09-09T04:20:20Z,candidate-public-outdoor,unknown,https://www.openstreetmap.org/node/9912087580,https://www.thetraffic.in/data/surveillance_cameras.v1.json,ODbL-1.0
node/9912087581,,13.007754,77.5484376,7871,8929,True,public,camera,120,2022-07-23,2022-07-26T13:47:36Z,2026-09-09T04:20:20Z,candidate-public-outdoor,unknown,https://www.openstreetmap.org/node/9912087581,https://www.thetraffic.in/data/surveillance_cameras.v1.json,ODbL-1.0
node/9936581295,,13.0068837,77.5495666,7871,8872,True,public,camera,70,2022-08-07,2022-08-07T05:24:53Z,2026-09-09T04:20:20Z,candidate-public-outdoor,unknown,https://www.openstreetmap.org/node/9936581295,https://www.thetraffic.in/data/surveillance_cameras.v1.json,ODbL-1.0
node/9936581296,,13.006883,77.5495582,7872,8873,True,public,camera,10,2022-08-07,2022-08-07T05:24:53Z,2026-09-09T04:20:20Z,candidate-public-outdoor,unknown,https://www.openstreetmap.org/node/9936581296,https://www.thetraffic.in/data/surveillance_cameras.v1.json,ODbL-1.0
node/9936581294,,13.0068784,77.5495475,7873,8874,True,public,camera,240,2022-08-07,2022-08-07T05:24:53Z,2026-09-09T04:20:20Z,candidate-public-outdoor,unknown,https://www.openstreetmap.org/node/9936581294,https://www.thetraffic.in/data/surveillance_cameras.v1.json,ODbL-1.0
node/9830156882,,13.0044043,77.5529315,7879,8710,True,public,camera,180,2022-06-19,2022-06-19T05:49:15Z,2026-09-09T04:20:20Z,candidate-public-outdoor,unknown,https://www.openstreetmap.org/node/9830156882,https://www.thetraffic.in/data/surveillance_cameras.v1.json,ODbL-1.0
node/9830156881,,13.0043954,77.5529267,7880,8711,True,public,camera,260,2022-06-19,2022-06-19T05:49:15Z,2026-09-09T04:20:20Z,candidate-public-outdoor,unknown,https://www.openstreetmap.org/node/9830156881,https://www.thetraffic.in/data/surveillance_cameras.v1.json,ODbL-1.0
node/9830156883,,13.004395,77.5529362,7880,8710,True,public,camera,90,2022-06-19,2022-06-19T05:49:15Z,2026-09-09T04:20:20Z,candidate-public-outdoor,unknown,https://www.openstreetmap.org/node/9830156883,https://www.thetraffic.in/data/surveillance_cameras.v1.json,ODbL-1.0
node/10276162847,,13.0042624,77.5529308,7892,8719,True,public,camera,90,,2022-12-20T16:11:00Z,2026-09-09T04:20:20Z,candidate-public-outdoor,unknown,https://www.openstreetmap.org/node/10276162847,https://www.thetraffic.in/data/surveillance_cameras.v1.json,ODbL-1.0
node/10276162846,,13.0042592,77.5529167,7893,8721,True,public,camera,200,,2022-12-20T16:11:00Z,2026-09-09T04:20:20Z,candidate-public-outdoor,unknown,https://www.openstreetmap.org/node/10276162846,https://www.thetraffic.in/data/surveillance_cameras.v1.json,ODbL-1.0
node/10236754411,,12.9918326,77.5943175,7894,6804,True,traffic,camera,,2022-12-04,2022-12-04T06:18:58Z,2026-09-09T04:20:20Z,candidate-public-outdoor,unknown,https://www.openstreetmap.org/node/10236754411,https://www.thetraffic.in/data/surveillance_cameras.v1.json,ODbL-1.0
node/10276162845,,13.0042637,77.5529066,7894,8721,True,public,camera,280,,2022-12-20T16:11:00Z,2026-09-09T04:20:20Z,candidate-public-outdoor,unknown,https://www.openstreetmap.org/node/10276162845,https://www.thetraffic.in/data/surveillance_cameras.v1.json,ODbL-1.0
node/10183518532,,12.9969539,77.5667589,7900,8064,True,public,camera,100,2022-11-13,2022-11-14T16:20:12Z,2026-09-09T04:20:20Z,candidate-public-outdoor,unknown,https://www.openstreetmap.org/node/10183518532,https://www.thetraffic.in/data/surveillance_cameras.v1.json,ODbL-1.0
node/11096802236,,12.9969617,77.5667509,7900,8064,True,public,camera,,,2023-08-07T10:29:54Z,2026-09-09T04:20:20Z,candidate-public-outdoor,unknown,https://www.openstreetmap.org/node/11096802236,https://www.thetraffic.in/data/surveillance_cameras.v1.json,ODbL-1.0
node/10183518533,,12.9969519,77.5667435,7901,8065,True,public,camera,250,2022-11-13,2022-11-14T16:20:12Z,2026-09-09T04:20:20Z,candidate-public-outdoor,unknown,https://www.openstreetmap.org/node/10183518533,https://www.thetraffic.in/data/surveillance_cameras.v1.json,ODbL-1.0
node/11659057397,,12.9917716,77.5912659,7907,6951,True,outdoor,camera,,,2024-02-24T06:00:14Z,2026-09-09T04:20:20Z,candidate-public-outdoor,unknown,https://www.openstreetmap.org/node/11659057397,https://www.thetraffic.in/data/surveillance_cameras.v1.json,ODbL-1.0
node/11659057398,,12.9917662,77.5912405,7908,6953,True,outdoor,camera,,,2024-02-24T06:00:14Z,2026-09-09T04:20:20Z,candidate-public-outdoor,unknown,https://www.openstreetmap.org/node/11659057398,https://www.thetraffic.in/data/surveillance_cameras.v1.json,ODbL-1.0
node/10819136554,,13.0064874,77.5494882,7911,8902,True,public,camera,70,,2023-04-17T08:37:04Z,2026-09-09T04:20:20Z,candidate-public-outdoor,unknown,https://www.openstreetmap.org/node/10819136554,https://www.thetraffic.in/data/surveillance_cameras.v1.json,ODbL-1.0
node/10819136555,,13.0064779,77.5494932,7912,8902,True,public,camera,160,,2023-04-17T08:37:04Z,2026-09-09T04:20:20Z,candidate-public-outdoor,unknown,https://www.openstreetmap.org/node/10819136555,https://www.thetraffic.in/data/surveillance_cameras.v1.json,ODbL-1.0
node/10819136556,,13.0064766,77.5494784,7913,8904,True,public,camera,250,,2023-04-17T08:37:04Z,2026-09-09T04:20:20Z,candidate-public-outdoor,unknown,https://www.openstreetmap.org/node/10819136556,https://www.thetraffic.in/data/surveillance_cameras.v1.json,ODbL-1.0
node/7192969462,,12.9922485,77.6041619,7923,6398,True,public,camera,153,,2024-05-19T04:54:02Z,2026-09-09T04:20:20Z,candidate-public-outdoor,unknown,https://www.openstreetmap.org/node/7192969462,https://www.thetraffic.in/data/surveillance_cameras.v1.json,ODbL-1.0
node/12211756516,,13.0045857,77.5519474,7923,8788,True,,camera,,,2024-09-30T13:33:02Z,2026-09-09T04:20:20Z,review-access-unknown,unknown,https://www.openstreetmap.org/node/12211756516,https://www.thetraffic.in/data/surveillance_cameras.v1.json,ODbL-1.0
node/11917161997,,12.9922336,77.6041473,7925,6400,True,public,camera,241,,2024-05-19T04:54:02Z,2026-09-09T04:20:20Z,candidate-public-outdoor,unknown,https://www.openstreetmap.org/node/11917161997,https://www.thetraffic.in/data/surveillance_cameras.v1.json,ODbL-1.0
node/9729292948,,12.9924174,77.5827099,7926,7352,True,outdoor,camera,,2022-05-10,2022-05-10T08:12:03Z,2026-09-09T04:20:20Z,candidate-public-outdoor,unknown,https://www.openstreetmap.org/node/9729292948,https://www.thetraffic.in/data/surveillance_cameras.v1.json,ODbL-1.0
node/12017378412,,13.0043011,77.5522909,7928,8775,True,public,camera,229,,2024-06-28T13:25:07Z,2026-09-09T04:20:20Z,candidate-public-outdoor,unknown,https://www.openstreetmap.org/node/12017378412,https://www.thetraffic.in/data/surveillance_cameras.v1.json,ODbL-1.0
node/10819136557,,13.0062695,77.5495059,7929,8913,True,public,camera,45,,2023-04-17T08:37:04Z,2026-09-09T04:20:20Z,candidate-public-outdoor,unknown,https://www.openstreetmap.org/node/10819136557,https://www.thetraffic.in/data/surveillance_cameras.v1.json,ODbL-1.0
node/10819136558,,13.006264,77.5495036,7930,8913,True,public,camera,225,,2023-04-17T08:37:04Z,2026-09-09T04:20:20Z,candidate-public-outdoor,unknown,https://www.openstreetmap.org/node/10819136558,https://www.thetraffic.in/data/surveillance_cameras.v1.json,ODbL-1.0
node/11096864974,,12.9922169,77.604338,7930,6396,True,public,camera,,,2023-08-07T11:22:28Z,2026-09-09T04:20:20Z,candidate-public-outdoor,unknown,https://www.openstreetmap.org/node/11096864974,https://www.thetraffic.in/data/surveillance_cameras.v1.json,ODbL-1.0
node/9729258810,,12.9923426,77.5827689,7933,7355,True,outdoor,camera,,2022-05-10,2022-05-10T08:12:02Z,2026-09-09T04:20:20Z,candidate-public-outdoor,unknown,https://www.openstreetmap.org/node/9729258810,https://www.thetraffic.in/data/surveillance_cameras.v1.json,ODbL-1.0
node/9729289634,,12.9923181,77.5829004,7933,7350,True,outdoor,camera,,2022-05-10,2022-05-10T08:12:00Z,2026-09-09T04:20:20Z,candidate-public-outdoor,unknown,https://www.openstreetmap.org/node/9729289634,https://www.thetraffic.in/data/surveillance_cameras.v1.json,ODbL-1.0
node/9532890546,,13.0068909,77.5484825,7943,8973,True,public,camera,290,,2022-02-24T17:34:54Z,2026-09-09T04:20:20Z,candidate-public-outdoor,unknown,https://www.openstreetmap.org/node/9532890546,https://www.thetraffic.in/data/surveillance_cameras.v1.json,ODbL-1.0
node/9532890547,,13.0068908,77.5484849,7943,8973,True,public,camera,140,,2022-02-24T17:34:54Z,2026-09-09T04:20:20Z,candidate-public-outdoor,unknown,https://www.openstreetmap.org/node/9532890547,https://www.thetraffic.in/data/surveillance_cameras.v1.json,ODbL-1.0
node/7192991280,,12.9914116,77.5973786,7949,6719,True,public,camera,,,2020-02-09T18:24:07Z,2026-09-09T04:20:20Z,candidate-public-outdoor,unknown,https://www.openstreetmap.org/node/7192991280,https://www.thetraffic.in/data/surveillance_cameras.v1.json,ODbL-1.0
node/11342602341,,13.0052653,77.5505712,7949,8873,True,public,camera,85,,2023-11-12T03:26:58Z,2026-09-09T04:20:20Z,candidate-public-outdoor,unknown,https://www.openstreetmap.org/node/11342602341,https://www.thetraffic.in/data/surveillance_cameras.v1.json,ODbL-1.0
node/9830156884,,13.0042754,77.5519631,7951,8806,True,public,camera,0,2022-06-19,2022-06-19T05:49:15Z,2026-09-09T04:20:20Z,candidate-public-outdoor,unknown,https://www.openstreetmap.org/node/9830156884,https://www.thetraffic.in/data/surveillance_cameras.v1.json,ODbL-1.0
node/9830156885,,13.0042714,77.551969,7951,8805,True,public,camera,240,2022-06-19,2022-06-19T05:49:15Z,2026-09-09T04:20:20Z,candidate-public-outdoor,unknown,https://www.openstreetmap.org/node/9830156885,https://www.thetraffic.in/data/surveillance_cameras.v1.json,ODbL-1.0
node/11342602340,,13.0052578,77.550561,7951,8875,True,public,camera,168,,2023-11-12T03:26:58Z,2026-09-09T04:20:20Z,candidate-public-outdoor,unknown,https://www.openstreetmap.org/node/11342602340,https://www.thetraffic.in/data/surveillance_cameras.v1.json,ODbL-1.0
node/9796116962,,13.0052614,77.5504538,7957,8884,True,public,camera,120,2022-06-05,2022-06-05T06:59:14Z,2026-09-09T04:20:20Z,candidate-public-outdoor,unknown,https://www.openstreetmap.org/node/9796116962,https://www.thetraffic.in/data/surveillance_cameras.v1.json,ODbL-1.0
node/9796116963,,13.0052712,77.5504444,7957,8885,True,public,camera,30,2022-06-05,2022-06-05T06:59:14Z,2026-09-09T04:20:20Z,candidate-public-outdoor,unknown,https://www.openstreetmap.org/node/9796116963,https://www.thetraffic.in/data/surveillance_cameras.v1.json,ODbL-1.0
node/9796116964,,13.0052594,77.5504383,7958,8886,True,public,camera,250,2022-06-05,2022-06-05T06:59:14Z,2026-09-09T04:20:20Z,candidate-public-outdoor,unknown,https://www.openstreetmap.org/node/9796116964,https://www.thetraffic.in/data/surveillance_cameras.v1.json,ODbL-1.0
node/11096864977,,12.9913116,77.5973767,7960,6729,True,public,camera,45,,2023-08-07T11:22:28Z,2026-09-09T04:20:20Z,candidate-public-outdoor,unknown,https://www.openstreetmap.org/node/11096864977,https://www.thetraffic.in/data/surveillance_cameras.v1.json,ODbL-1.0
node/11096864976,,12.9913048,77.5973643,7961,6731,True,public,camera,225,,2023-08-07T11:22:28Z,2026-09-09T04:20:20Z,candidate-public-outdoor,unknown,https://www.openstreetmap.org/node/11096864976,https://www.thetraffic.in/data/surveillance_cameras.v1.json,ODbL-1.0
node/6734333355,,12.9943839,77.615723,7963,5946,True,public,camera,,,2019-08-23T09:11:29Z,2026-09-09T04:20:20Z,candidate-public-outdoor,unknown,https://www.openstreetmap.org/node/6734333355,https://www.thetraffic.in/data/surveillance_cameras.v1.json,ODbL-1.0
node/6734326074,,12.9943669,77.6156979,7964,5948,True,outdoor,camera,300,2024-01-10,2024-01-10T16:17:02Z,2026-09-09T04:20:20Z,candidate-public-outdoor,unknown,https://www.openstreetmap.org/node/6734326074,https://www.thetraffic.in/data/surveillance_cameras.v1.json,ODbL-1.0
node/6897553411,,13.0018241,77.6326354,7965,5283,True,outdoor,camera,,2022-09-04,2022-09-12T14:28:09Z,2026-09-09T04:20:20Z,candidate-public-outdoor,unknown,https://www.openstreetmap.org/node/6897553411,https://www.thetraffic.in/data/surveillance_cameras.v1.json,ODbL-1.0
node/11478107296,,12.9939183,77.573975,7966,7782,True,public,camera,234,,2024-01-02T06:30:47Z,2026-09-09T04:20:20Z,candidate-public-outdoor,unknown,https://www.openstreetmap.org/node/11478107296,https://www.thetraffic.in/data/surveillance_cameras.v1.json,ODbL-1.0
node/11478107295,,12.9939102,77.5739816,7967,7782,True,public,camera,170,,2024-01-02T06:30:47Z,2026-09-09T04:20:20Z,candidate-public-outdoor,unknown,https://www.openstreetmap.org/node/11478107295,https://www.thetraffic.in/data/surveillance_cameras.v1.json,ODbL-1.0
node/11982693088,,12.9963341,77.5665852,7971,8126,True,public,camera,323,,2024-06-15T10:42:44Z,2026-09-09T04:20:20Z,candidate-public-outdoor,unknown,https://www.openstreetmap.org/node/11982693088,https://www.thetraffic.in/data/surveillance_cameras.v1.json,ODbL-1.0
node/11982693089,,12.9963215,77.5665971,7972,8126,True,public,camera,144,,2024-06-15T10:42:44Z,2026-09-09T04:20:20Z,candidate-public-outdoor,unknown,https://www.openstreetmap.org/node/11982693089,https://www.thetraffic.in/data/surveillance_cameras.v1.json,ODbL-1.0
node/6467489146,,13.0019009,77.6329291,7975,5283,True,,,,,2019-05-12T06:14:50Z,2026-09-09T04:20:20Z,excluded-non-camera,unknown,https://www.openstreetmap.org/node/6467489146,https://www.thetraffic.in/data/surveillance_cameras.v1.json,ODbL-1.0
node/9776724919,,13.0022351,77.6334824,7975,5264,True,public,camera,,2022-05-28,2022-05-28T12:29:55Z,2026-09-09T04:20:20Z,candidate-public-outdoor,unknown,https://www.openstreetmap.org/node/9776724919,https://www.thetraffic.in/data/surveillance_cameras.v1.json,ODbL-1.0
node/10819136564,,13.0055561,77.5497732,7975,8930,True,public,camera,80,,2023-04-17T08:37:04Z,2026-09-09T04:20:20Z,candidate-public-outdoor,unknown,https://www.openstreetmap.org/node/10819136564,https://www.thetraffic.in/data/surveillance_cameras.v1.json,ODbL-1.0
node/10819136565,,13.0055535,77.5497618,7976,8931,True,public,camera,170,,2023-04-17T08:37:04Z,2026-09-09T04:20:20Z,candidate-public-outdoor,unknown,https://www.openstreetmap.org/node/10819136565,https://www.thetraffic.in/data/surveillance_cameras.v1.json,ODbL-1.0
node/11391513074,,12.9964424,77.5661078,7980,8154,True,public,camera,326,,2023-12-03T09:00:24Z,2026-09-09T04:20:20Z,candidate-public-outdoor,unknown,https://www.openstreetmap.org/node/11391513074,https://www.thetraffic.in/data/surveillance_cameras.v1.json,ODbL-1.0
node/6467481359,,13.0018833,77.6330181,7982,5288,True,outdoor,camera,,,2019-05-19T11:29:11Z,2026-09-09T04:20:20Z,candidate-public-outdoor,unknown,https://www.openstreetmap.org/node/6467481359,https://www.thetraffic.in/data/surveillance_cameras.v1.json,ODbL-1.0
node/11391513072,,12.9964036,77.5661248,7983,8156,True,public,camera,166,,2023-12-03T09:00:24Z,2026-09-09T04:20:20Z,candidate-public-outdoor,unknown,https://www.openstreetmap.org/node/11391513072,https://www.thetraffic.in/data/surveillance_cameras.v1.json,ODbL-1.0
node/11391513073,,12.996419,77.566087,7983,8158,True,public,camera,265,,2023-12-03T09:00:24Z,2026-09-09T04:20:20Z,candidate-public-outdoor,unknown,https://www.openstreetmap.org/node/11391513073,https://www.thetraffic.in/data/surveillance_cameras.v1.json,ODbL-1.0
node/9776723321,,13.0092866,77.6432669,7989,4963,True,public,camera,,2022-05-28,2022-05-28T12:19:06Z,2026-09-09T04:20:20Z,candidate-public-outdoor,unknown,https://www.openstreetmap.org/node/9776723321,https://www.thetraffic.in/data/surveillance_cameras.v1.json,ODbL-1.0
node/10731092772,,13.0061715,77.5485849,7999,9004,True,public,camera,360,,2023-03-12T17:31:56Z,2026-09-09T04:20:20Z,candidate-public-outdoor,unknown,https://www.openstreetmap.org/node/10731092772,https://www.thetraffic.in/data/surveillance_cameras.v1.json,ODbL-1.0
node/10731092773,,13.0061598,77.5485856,8000,9005,True,public,camera,0,,2023-03-12T17:31:56Z,2026-09-09T04:20:20Z,candidate-public-outdoor,unknown,https://www.openstreetmap.org/node/10731092773,https://www.thetraffic.in/data/surveillance_cameras.v1.json,ODbL-1.0
node/10819136566,,13.005251,77.5497745,8002,8947,True,public,camera,350,,2023-04-17T08:37:04Z,2026-09-09T04:20:20Z,candidate-public-outdoor,unknown,https://www.openstreetmap.org/node/10819136566,https://www.thetraffic.in/data/surveillance_cameras.v1.json,ODbL-1.0
node/10819136567,,13.0052372,77.5497772,8003,8948,True,public,camera,170,,2023-04-17T08:37:04Z,2026-09-09T04:20:20Z,candidate-public-outdoor,unknown,https://www.openstreetmap.org/node/10819136567,https://www.thetraffic.in/data/surveillance_cameras.v1.json,ODbL-1.0
node/11219458167,,13.0092782,77.6434619,8004,4974,True,public,camera,223,,2023-09-26T08:52:32Z,2026-09-09T04:20:20Z,candidate-public-outdoor,unknown,https://www.openstreetmap.org/node/11219458167,https://www.thetraffic.in/data/surveillance_cameras.v1.json,ODbL-1.0
node/11219458168,,13.0092782,77.6434619,8004,4974,True,public,camera,46,,2023-09-26T08:52:32Z,2026-09-09T04:20:20Z,candidate-public-outdoor,unknown,https://www.openstreetmap.org/node/11219458168,https://www.thetraffic.in/data/surveillance_cameras.v1.json,ODbL-1.0
node/11219458169,,13.0092782,77.6434619,8004,4974,True,public,camera,234,,2023-09-26T08:52:32Z,2026-09-09T04:20:20Z,candidate-public-outdoor,unknown,https://www.openstreetmap.org/node/11219458169,https://www.thetraffic.in/data/surveillance_cameras.v1.json,ODbL-1.0
node/11953269644,,13.0014778,77.6327334,8004,5323,True,indoor,camera,,,2024-06-03T06:51:05Z,2026-09-09T04:20:20Z,excluded-private-or-indoor,unknown,https://www.openstreetmap.org/node/11953269644,https://www.thetraffic.in/data/surveillance_cameras.v1.json,ODbL-1.0
node/11989557931,,13.0061252,77.5485664,8004,9008,True,public,camera,247,,2024-06-18T06:06:51Z,2026-09-09T04:20:20Z,candidate-public-outdoor,unknown,https://www.openstreetmap.org/node/11989557931,https://www.thetraffic.in/data/surveillance_cameras.v1.json,ODbL-1.0
node/9830156887,,13.0042041,77.5511713,8007,8882,True,public,camera,180,2022-06-19,2022-06-19T05:49:15Z,2026-09-09T04:20:20Z,candidate-public-outdoor,unknown,https://www.openstreetmap.org/node/9830156887,https://www.thetraffic.in/data/surveillance_cameras.v1.json,ODbL-1.0
node/9830156888,,13.0041948,77.551176,8007,8882,True,public,camera,90,2022-06-19,2022-06-19T05:49:15Z,2026-09-09T04:20:20Z,candidate-public-outdoor,unknown,https://www.openstreetmap.org/node/9830156888,https://www.thetraffic.in/data/surveillance_cameras.v1.json,ODbL-1.0
node/9830156886,,13.0041952,77.5511664,8008,8883,True,public,camera,260,2022-06-19,2022-06-19T05:49:15Z,2026-09-09T04:20:20Z,candidate-public-outdoor,unknown,https://www.openstreetmap.org/node/9830156886,https://www.thetraffic.in/data/surveillance_cameras.v1.json,ODbL-1.0
node/10889934020,,13.059244,77.5202528,8008,10874,True,public,camera,,,2023-05-12T13:18:03Z,2026-09-09T04:20:20Z,candidate-public-outdoor,unknown,https://www.openstreetmap.org/node/10889934020,https://www.thetraffic.in/data/surveillance_cameras.v1.json,ODbL-1.0
node/10889934016,,13.0592549,77.5202404,8009,10876,True,public,camera,,,2023-05-12T13:18:03Z,2026-09-09T04:20:20Z,candidate-public-outdoor,unknown,https://www.openstreetmap.org/node/10889934016,https://www.thetraffic.in/data/surveillance_cameras.v1.json,ODbL-1.0
node/10889934018,,13.0592495,77.5202441,8009,10875,True,public,camera,,,2023-05-12T13:18:03Z,2026-09-09T04:20:20Z,candidate-public-outdoor,unknown,https://www.openstreetmap.org/node/10889934018,https://www.thetraffic.in/data/surveillance_cameras.v1.json,ODbL-1.0
node/10889934019,,13.0592434,77.5202422,8009,10875,True,public,camera,,,2023-05-12T13:18:03Z,2026-09-09T04:20:20Z,candidate-public-outdoor,unknown,https://www.openstreetmap.org/node/10889934019,https://www.thetraffic.in/data/surveillance_cameras.v1.json,ODbL-1.0
node/10873134905,,13.0592498,77.5202277,8010,10877,True,public,camera,,2023-05-06,2023-05-06T09:56:52Z,2026-09-09T04:20:20Z,candidate-public-outdoor,unknown,https://www.openstreetmap.org/node/10873134905,https://www.thetraffic.in/data/surveillance_cameras.v1.json,ODbL-1.0
node/10889934017,,13.0592458,77.5202342,8010,10876,True,public,camera,,,2023-05-12T13:18:03Z,2026-09-09T04:20:20Z,candidate-public-outdoor,unknown,https://www.openstreetmap.org/node/10889934017,https://www.thetraffic.in/data/surveillance_cameras.v1.json,ODbL-1.0
node/10819136548,,13.0081708,77.5458933,8012,9147,True,public,camera,100,,2023-04-17T08:37:04Z,2026-09-09T04:20:20Z,candidate-public-outdoor,unknown,https://www.openstreetmap.org/node/10819136548,https://www.thetraffic.in/data/surveillance_cameras.v1.json,ODbL-1.0
node/10819136547,,13.0081577,77.5458652,8015,9150,True,public,camera,190,,2023-04-17T08:37:04Z,2026-09-09T04:20:20Z,candidate-public-outdoor,unknown,https://www.openstreetmap.org/node/10819136547,https://www.thetraffic.in/data/surveillance_cameras.v1.json,ODbL-1.0
node/6897218383,,12.9929627,77.6123343,8016,6142,True,public,camera,,,2019-10-19T03:58:13Z,2026-09-09T04:20:20Z,candidate-public-outdoor,unknown,https://www.openstreetmap.org/node/6897218383,https://www.thetraffic.in/data/surveillance_cameras.v1.json,ODbL-1.0
node/11250389085,,13.0116003,77.6463886,8034,4932,True,outdoor,camera,,,2024-09-18T09:54:53Z,2026-09-09T04:20:20Z,candidate-public-outdoor,unknown,https://www.openstreetmap.org/node/11250389085,https://www.thetraffic.in/data/surveillance_cameras.v1.json,ODbL-1.0
node/6753364793,,12.9943206,77.6179184,8043,5939,True,,,,,2019-08-28T13:31:40Z,2026-09-09T04:20:20Z,excluded-non-camera,unknown,https://www.openstreetmap.org/node/6753364793,https://www.thetraffic.in/data/surveillance_cameras.v1.json,ODbL-1.0
node/11179872332,,13.002346,77.5533697,8043,8800,True,public,camera,57,,2023-09-10T03:41:56Z,2026-09-09T04:20:20Z,candidate-public-outdoor,unknown,https://www.openstreetmap.org/node/11179872332,https://www.thetraffic.in/data/surveillance_cameras.v1.json,ODbL-1.0
node/11179872333,,13.002343,77.5533547,8044,8801,True,public,camera,284,,2023-09-10T03:41:56Z,2026-09-09T04:20:20Z,candidate-public-outdoor,unknown,https://www.openstreetmap.org/node/11179872333,https://www.thetraffic.in/data/surveillance_cameras.v1.json,ODbL-1.0
node/11179872334,,13.0023286,77.5533526,8045,8803,True,public,camera,197,,2023-09-10T03:41:56Z,2026-09-09T04:20:20Z,candidate-public-outdoor,unknown,https://www.openstreetmap.org/node/11179872334,https://www.thetraffic.in/data/surveillance_cameras.v1.json,ODbL-1.0
node/9811397080,,13.0023728,77.5532037,8050,8813,True,public,camera,10,2022-08-21,2022-08-21T06:25:52Z,2026-09-09T04:20:20Z,candidate-public-outdoor,unknown,https://www.openstreetmap.org/node/9811397080,https://www.thetraffic.in/data/surveillance_cameras.v1.json,ODbL-1.0
node/9811397079,,13.0023649,77.5532003,8051,8814,True,public,camera,170,2022-08-21,2022-08-21T06:25:52Z,2026-09-09T04:20:20Z,candidate-public-outdoor,unknown,https://www.openstreetmap.org/node/9811397079,https://www.thetraffic.in/data/surveillance_cameras.v1.json,ODbL-1.0
node/9967147448,,13.0023644,77.553193,8052,8814,True,public,camera,260,2022-08-21,2022-08-21T06:25:52Z,2026-09-09T04:20:20Z,candidate-public-outdoor,unknown,https://www.openstreetmap.org/node/9967147448,https://www.thetraffic.in/data/surveillance_cameras.v1.json,ODbL-1.0
node/6449265947,,12.9905635,77.5994986,8057,6728,True,public,camera,,,2019-05-06T05:49:10Z,2026-09-09T04:20:20Z,candidate-public-outdoor,unknown,https://www.openstreetmap.org/node/6449265947,https://www.thetraffic.in/data/surveillance_cameras.v1.json,ODbL-1.0
node/11096864978,,12.9905331,77.599567,8061,6729,True,public,camera,300,,2023-08-07T11:22:28Z,2026-09-09T04:20:20Z,candidate-public-outdoor,unknown,https://www.openstreetmap.org/node/11096864978,https://www.thetraffic.in/data/surveillance_cameras.v1.json,ODbL-1.0
node/11096864980,,12.9905344,77.5995851,8061,6728,True,public,camera,30,,2023-08-07T11:22:28Z,2026-09-09T04:20:20Z,candidate-public-outdoor,unknown,https://www.openstreetmap.org/node/11096864980,https://www.thetraffic.in/data/surveillance_cameras.v1.json,ODbL-1.0
node/11096864979,,12.9905207,77.5995965,8062,6729,True,public,camera,120,,2023-08-07T11:22:28Z,2026-09-09T04:20:20Z,candidate-public-outdoor,unknown,https://www.openstreetmap.org/node/11096864979,https://www.thetraffic.in/data/surveillance_cameras.v1.json,ODbL-1.0
node/7274655161,,12.9905081,77.5885174,8064,7213,True,public,camera,,,2024-08-27T03:34:47Z,2026-09-09T04:20:20Z,candidate-public-outdoor,unknown,https://www.openstreetmap.org/node/7274655161,https://www.thetraffic.in/data/surveillance_cameras.v1.json,ODbL-1.0
node/11342602338,,13.0044324,77.5498923,8067,8985,True,public,camera,262,,2023-11-12T03:26:58Z,2026-09-09T04:20:20Z,candidate-public-outdoor,unknown,https://www.openstreetmap.org/node/11342602338,https://www.thetraffic.in/data/surveillance_cameras.v1.json,ODbL-1.0
node/6718191822,,12.9904648,77.5885049,8069,7218,True,public,camera,,2024-12-14,2024-12-17T14:11:56Z,2026-09-09T04:20:20Z,candidate-public-outdoor,unknown,https://www.openstreetmap.org/node/6718191822,https://www.thetraffic.in/data/surveillance_cameras.v1.json,ODbL-1.0
node/11342602339,,13.0044258,77.5498854,8069,8986,True,public,camera,169,,2023-11-12T03:26:58Z,2026-09-09T04:20:20Z,candidate-public-outdoor,unknown,https://www.openstreetmap.org/node/11342602339,https://www.thetraffic.in/data/surveillance_cameras.v1.json,ODbL-1.0
node/11982693090,,12.9961761,77.5646232,8069,8290,True,public,camera,92,,2024-06-15T10:42:44Z,2026-09-09T04:20:20Z,candidate-public-outdoor,unknown,https://www.openstreetmap.org/node/11982693090,https://www.thetraffic.in/data/surveillance_cameras.v1.json,ODbL-1.0
node/10833830940,,12.9961796,77.5646038,8070,8292,True,public,camera,10,,2023-04-23T13:21:41Z,2026-09-09T04:20:20Z,candidate-public-outdoor,unknown,https://www.openstreetmap.org/node/10833830940,https://www.thetraffic.in/data/surveillance_cameras.v1.json,ODbL-1.0
node/11214904125,,12.9954394,77.5663801,8072,8212,True,public,camera,0,,2023-09-24T04:06:11Z,2026-09-09T04:20:20Z,candidate-public-outdoor,unknown,https://www.openstreetmap.org/node/11214904125,https://www.thetraffic.in/data/surveillance_cameras.v1.json,ODbL-1.0
node/9936582846,,13.004301,77.5499542,8075,8987,True,public,camera,350,2022-08-07,2022-08-07T04:53:52Z,2026-09-09T04:20:20Z,candidate-public-outdoor,unknown,https://www.openstreetmap.org/node/9936582846,https://www.thetraffic.in/data/surveillance_cameras.v1.json,ODbL-1.0
node/9936582845,,13.0042853,77.5499576,8076,8988,True,public,camera,170,2022-08-07,2022-08-07T04:53:52Z,2026-09-09T04:20:20Z,candidate-public-outdoor,unknown,https://www.openstreetmap.org/node/9936582845,https://www.thetraffic.in/data/surveillance_cameras.v1.json,ODbL-1.0
node/10605890705,,13.0123147,77.6477234,8081,4954,True,public,camera,,2023-02-04,2023-02-04T11:41:34Z,2026-09-09T04:20:20Z,candidate-public-outdoor,unknown,https://www.openstreetmap.org/node/10605890705,https://www.thetraffic.in/data/surveillance_cameras.v1.json,ODbL-1.0
node/10279677071,,12.9963141,77.563991,8083,8330,True,public,camera,90,,2022-12-22T08:19:14Z,2026-09-09T04:20:20Z,candidate-public-outdoor,unknown,https://www.openstreetmap.org/node/10279677071,https://www.thetraffic.in/data/surveillance_cameras.v1.json,ODbL-1.0
node/10279677069,,12.9963117,77.5639749,8084,8331,True,public,camera,270,,2022-12-22T08:19:14Z,2026-09-09T04:20:20Z,candidate-public-outdoor,unknown,https://www.openstreetmap.org/node/10279677069,https://www.thetraffic.in/data/surveillance_cameras.v1.json,ODbL-1.0
node/10279677070,,12.9962984,77.5639846,8085,8331,True,public,camera,180,,2022-12-22T08:19:14Z,2026-09-09T04:20:20Z,candidate-public-outdoor,unknown,https://www.openstreetmap.org/node/10279677070,https://www.thetraffic.in/data/surveillance_cameras.v1.json,ODbL-1.0
node/10124399230,,13.0041102,77.5499488,8093,8999,True,public,camera,100,2022-10-22,2022-10-23T17:34:53Z,2026-09-09T04:20:20Z,candidate-public-outdoor,unknown,https://www.openstreetmap.org/node/10124399230,https://www.thetraffic.in/data/surveillance_cameras.v1.json,ODbL-1.0
node/9784639604,,12.993391,77.5716249,8095,7991,True,outdoor,camera,90,,2022-05-31T07:05:20Z,2026-09-09T04:20:20Z,candidate-public-outdoor,unknown,https://www.openstreetmap.org/node/9784639604,https://www.thetraffic.in/data/surveillance_cameras.v1.json,ODbL-1.0
node/10124399231,,13.0040991,77.5499348,8095,9001,True,public,camera,180,2022-10-22,2022-10-23T17:34:53Z,2026-09-09T04:20:20Z,candidate-public-outdoor,unknown,https://www.openstreetmap.org/node/10124399231,https://www.thetraffic.in/data/surveillance_cameras.v1.json,ODbL-1.0
node/9784639605,,12.993391,77.5716182,8096,7992,True,outdoor,camera,0,,2022-05-31T07:05:20Z,2026-09-09T04:20:20Z,candidate-public-outdoor,unknown,https://www.openstreetmap.org/node/9784639605,https://www.thetraffic.in/data/surveillance_cameras.v1.json,ODbL-1.0
node/9784639606,,12.9933832,77.5716181,8096,7992,True,outdoor,camera,180,,2022-05-31T07:05:20Z,2026-09-09T04:20:20Z,candidate-public-outdoor,unknown,https://www.openstreetmap.org/node/9784639606,https://www.thetraffic.in/data/surveillance_cameras.v1.json,ODbL-1.0
node/7236205680,,13.0039652,77.5500233,8101,9001,True,public,camera,,,2020-02-23T05:53:00Z,2026-09-09T04:20:20Z,candidate-public-outdoor,unknown,https://www.openstreetmap.org/node/7236205680,https://www.thetraffic.in/data/surveillance_cameras.v1.json,ODbL-1.0
node/10279677065,,12.9933597,77.5713717,8107,8012,True,public,camera,,,2022-12-22T08:19:14Z,2026-09-09T04:20:20Z,candidate-public-outdoor,unknown,https://www.openstreetmap.org/node/10279677065,https://www.thetraffic.in/data/surveillance_cameras.v1.json,ODbL-1.0
node/10279677066,,12.9933594,77.5713633,8107,8013,True,public,camera,270,,2022-12-22T08:19:14Z,2026-09-09T04:20:20Z,candidate-public-outdoor,unknown,https://www.openstreetmap.org/node/10279677066,https://www.thetraffic.in/data/surveillance_cameras.v1.json,ODbL-1.0
node/10279677067,,12.9933544,77.571378,8107,8012,True,public,camera,180,,2022-12-22T08:19:14Z,2026-09-09T04:20:20Z,candidate-public-outdoor,unknown,https://www.openstreetmap.org/node/10279677067,https://www.thetraffic.in/data/surveillance_cameras.v1.json,ODbL-1.0
node/10279677068,,12.9933553,77.571372,8107,8012,True,public,camera,180,,2022-12-22T08:19:14Z,2026-09-09T04:20:20Z,candidate-public-outdoor,unknown,https://www.openstreetmap.org/node/10279677068,https://www.thetraffic.in/data/surveillance_cameras.v1.json,ODbL-1.0
node/11179872335,,13.0015364,77.5532954,8123,8858,True,public,camera,68,,2023-09-10T03:41:56Z,2026-09-09T04:20:20Z,candidate-public-outdoor,unknown,https://www.openstreetmap.org/node/11179872335,https://www.thetraffic.in/data/surveillance_cameras.v1.json,ODbL-1.0
node/11179872336,,13.0015214,77.5532869,8124,8860,True,public,camera,318,,2023-09-10T03:41:56Z,2026-09-09T04:20:20Z,candidate-public-outdoor,unknown,https://www.openstreetmap.org/node/11179872336,https://www.thetraffic.in/data/surveillance_cameras.v1.json,ODbL-1.0
node/11180325237,,13.0014895,77.5532837,8128,8862,True,public,camera,214,,2023-09-10T03:41:56Z,2026-09-09T04:20:20Z,candidate-public-outdoor,unknown,https://www.openstreetmap.org/node/11180325237,https://www.thetraffic.in/data/surveillance_cameras.v1.json,ODbL-1.0
node/10236755009,,12.9896925,77.5927288,8133,7092,True,traffic,camera,330,2022-12-04,2024-08-25T07:39:26Z,2026-09-09T04:20:20Z,candidate-public-outdoor,unknown,https://www.openstreetmap.org/node/10236755009,https://www.thetraffic.in/data/surveillance_cameras.v1.json,ODbL-1.0
node/7236205681,,13.0041471,77.5492528,8134,9060,True,public,camera,10,,2020-02-23T05:53:00Z,2026-09-09T04:20:20Z,candidate-public-outdoor,unknown,https://www.openstreetmap.org/node/7236205681,https://www.thetraffic.in/data/surveillance_cameras.v1.json,ODbL-1.0
node/7236205682,,13.0041448,77.5492659,8134,9059,True,public,camera,60,,2020-02-23T05:53:00Z,2026-09-09T04:20:20Z,candidate-public-outdoor,unknown,https://www.openstreetmap.org/node/7236205682,https://www.thetraffic.in/data/surveillance_cameras.v1.json,ODbL-1.0
node/10819136544,,13.0081397,77.5441925,8136,9310,True,public,camera,280,,2023-04-17T08:37:04Z,2026-09-09T04:20:20Z,candidate-public-outdoor,unknown,https://www.openstreetmap.org/node/10819136544,https://www.thetraffic.in/data/surveillance_cameras.v1.json,ODbL-1.0
node/10819136545,,13.0081374,77.5442002,8136,9310,True,public,camera,100,,2023-04-17T08:37:04Z,2026-09-09T04:20:20Z,candidate-public-outdoor,unknown,https://www.openstreetmap.org/node/10819136545,https://www.thetraffic.in/data/surveillance_cameras.v1.json,ODbL-1.0
node/11951628568,,12.9947907,77.5664213,8137,8260,True,public,camera,328,,2024-06-02T10:25:10Z,2026-09-09T04:20:20Z,candidate-public-outdoor,unknown,https://www.openstreetmap.org/node/11951628568,https://www.thetraffic.in/data/surveillance_cameras.v1.json,ODbL-1.0
node/11096802224,,12.9972669,77.5606549,8140,8526,True,public,camera,225,,2023-08-07T10:29:54Z,2026-09-09T04:20:20Z,candidate-public-outdoor,unknown,https://www.openstreetmap.org/node/11096802224,https://www.thetraffic.in/data/surveillance_cameras.v1.json,ODbL-1.0
node/11951640269,,12.9947537,77.5664218,8141,8263,True,public,camera,233,,2024-06-02T10:25:10Z,2026-09-09T04:20:20Z,candidate-public-outdoor,unknown,https://www.openstreetmap.org/node/11951640269,https://www.thetraffic.in/data/surveillance_cameras.v1.json,ODbL-1.0
node/6449385864,,12.9896165,77.5927697,8142,7097,True,public,camera,,,2022-12-04T13:06:34Z,2026-09-09T04:20:20Z,candidate-public-outdoor,unknown,https://www.openstreetmap.org/node/6449385864,https://www.thetraffic.in/data/surveillance_cameras.v1.json,ODbL-1.0
node/11096802219,,12.9976576,77.5597872,8144,8569,True,public,camera,10,,2023-08-07T10:29:54Z,2026-09-09T04:20:20Z,candidate-public-outdoor,unknown,https://www.openstreetmap.org/node/11096802219,https://www.thetraffic.in/data/surveillance_cameras.v1.json,ODbL-1.0
node/11096802220,,12.9976445,77.5597805,8145,8570,True,public,camera,120,,2023-08-07T10:29:54Z,2026-09-09T04:20:20Z,candidate-public-outdoor,unknown,https://www.openstreetmap.org/node/11096802220,https://www.thetraffic.in/data/surveillance_cameras.v1.json,ODbL-1.0
node/10183518519,,12.9918516,77.575409,8147,7863,True,public,camera,45,2022-11-13,2022-11-14T16:20:12Z,2026-09-09T04:20:20Z,candidate-public-outdoor,unknown,https://www.openstreetmap.org/node/10183518519,https://www.thetraffic.in/data/surveillance_cameras.v1.json,ODbL-1.0
node/10183518518,,12.991851,77.5753976,8148,7864,True,public,camera,315,2022-11-13,2022-11-14T16:20:12Z,2026-09-09T04:20:20Z,candidate-public-outdoor,unknown,https://www.openstreetmap.org/node/10183518518,https://www.thetraffic.in/data/surveillance_cameras.v1.json,ODbL-1.0
node/12139160329,,12.9895203,77.5928665,8152,7103,True,public,camera,,,2024-08-27T05:15:10Z,2026-09-09T04:20:20Z,candidate-public-outdoor,unknown,https://www.openstreetmap.org/node/12139160329,https://www.thetraffic.in/data/surveillance_cameras.v1.json,ODbL-1.0
node/12139160330,,12.9895269,77.5928628,8152,7102,True,public,camera,225,,2024-08-27T05:15:10Z,2026-09-09T04:20:20Z,candidate-public-outdoor,unknown,https://www.openstreetmap.org/node/12139160330,https://www.thetraffic.in/data/surveillance_cameras.v1.json,ODbL-1.0
node/12139160331,,12.9895249,77.5928729,8152,7102,True,public,camera,300,,2024-08-27T05:15:10Z,2026-09-09T04:20:20Z,candidate-public-outdoor,unknown,https://www.openstreetmap.org/node/12139160331,https://www.thetraffic.in/data/surveillance_cameras.v1.json,ODbL-1.0
node/10819136542,,13.0078699,77.5441462,8162,9329,True,public,camera,10,,2023-04-17T08:37:04Z,2026-09-09T04:20:20Z,candidate-public-outdoor,unknown,https://www.openstreetmap.org/node/10819136542,https://www.thetraffic.in/data/surveillance_cameras.v1.json,ODbL-1.0
node/10819136543,,13.0078709,77.5441385,8162,9330,True,public,camera,280,,2023-04-17T08:37:04Z,2026-09-09T04:20:20Z,candidate-public-outdoor,unknown,https://www.openstreetmap.org/node/10819136543,https://www.thetraffic.in/data/surveillance_cameras.v1.json,ODbL-1.0
node/10286250887,,12.9975994,77.5594657,8165,8600,True,public,camera,0,,2022-12-25T17:52:48Z,2026-09-09T04:20:20Z,candidate-public-outdoor,unknown,https://www.openstreetmap.org/node/10286250887,https://www.thetraffic.in/data/surveillance_cameras.v1.json,ODbL-1.0
node/10286250886,,12.99759,77.5594643,8166,8600,True,public,camera,180,,2022-12-25T17:52:48Z,2026-09-09T04:20:20Z,candidate-public-outdoor,unknown,https://www.openstreetmap.org/node/10286250886,https://www.thetraffic.in/data/surveillance_cameras.v1.json,ODbL-1.0
node/10819136540,,13.0074309,77.5445955,8166,9310,True,public,camera,160,,2023-04-17T08:37:04Z,2026-09-09T04:20:20Z,candidate-public-outdoor,unknown,https://www.openstreetmap.org/node/10819136540,https://www.thetraffic.in/data/surveillance_cameras.v1.json,ODbL-1.0
node/12000328231,,12.9927815,77.5714471,8166,8055,True,public,camera,165,,2024-06-22T09:04:09Z,2026-09-09T04:20:20Z,candidate-public-outdoor,unknown,https://www.openstreetmap.org/node/12000328231,https://www.thetraffic.in/data/surveillance_cameras.v1.json,ODbL-1.0
node/10819136541,,13.0074393,77.5445827,8167,9310,True,public,camera,300,,2023-04-17T08:37:04Z,2026-09-09T04:20:20Z,candidate-public-outdoor,unknown,https://www.openstreetmap.org/node/10819136541,https://www.thetraffic.in/data/surveillance_cameras.v1.json,ODbL-1.0
node/10276162835,,13.0030295,77.5501969,8174,9042,True,public,camera,350,,2022-12-20T16:11:00Z,2026-09-09T04:20:20Z,candidate-public-outdoor,unknown,https://www.openstreetmap.org/node/10276162835,https://www.thetraffic.in/data/surveillance_cameras.v1.json,ODbL-1.0
node/10138042326,,12.9932269,77.5697727,8175,8138,True,public,camera,90,2022-10-29,2022-10-29T16:30:05Z,2026-09-09T04:20:20Z,candidate-public-outdoor,unknown,https://www.openstreetmap.org/node/10138042326,https://www.thetraffic.in/data/surveillance_cameras.v1.json,ODbL-1.0
node/10138042327,,12.9932278,77.5697653,8175,8138,True,public,camera,270,2022-10-29,2022-10-29T16:30:05Z,2026-09-09T04:20:20Z,candidate-public-outdoor,unknown,https://www.openstreetmap.org/node/10138042327,https://www.thetraffic.in/data/surveillance_cameras.v1.json,ODbL-1.0
node/10276162834,,13.0030204,77.5501976,8175,9042,True,public,camera,170,,2022-12-20T16:11:00Z,2026-09-09T04:20:20Z,candidate-public-outdoor,unknown,https://www.openstreetmap.org/node/10276162834,https://www.thetraffic.in/data/surveillance_cameras.v1.json,ODbL-1.0
node/11986983211,,12.9983815,77.5577688,8175,8685,True,public,camera,,,2024-06-17T06:27:43Z,2026-09-09T04:20:20Z,candidate-public-outdoor,unknown,https://www.openstreetmap.org/node/11986983211,https://www.thetraffic.in/data/surveillance_cameras.v1.json,ODbL-1.0
node/11986983209,,12.9983665,77.5577755,8176,8686,True,public,camera,110,,2024-06-17T06:27:43Z,2026-09-09T04:20:20Z,candidate-public-outdoor,unknown,https://www.openstreetmap.org/node/11986983209,https://www.thetraffic.in/data/surveillance_cameras.v1.json,ODbL-1.0
node/11986983210,,12.998373,77.5577594,8176,8687,True,public,camera,200,,2024-06-17T06:27:43Z,2026-09-09T04:20:20Z,candidate-public-outdoor,unknown,https://www.openstreetmap.org/node/11986983210,https://www.thetraffic.in/data/surveillance_cameras.v1.json,ODbL-1.0
node/10286250888,,12.997832,77.5587773,8177,8640,True,public,camera,20,,2022-12-25T17:52:48Z,2026-09-09T04:20:20Z,candidate-public-outdoor,unknown,https://www.openstreetmap.org/node/10286250888,https://www.thetraffic.in/data/surveillance_cameras.v1.json,ODbL-1.0
node/10819136538,,13.0071462,77.5447789,8177,9307,True,public,camera,100,,2023-04-17T08:37:04Z,2026-09-09T04:20:20Z,candidate-public-outdoor,unknown,https://www.openstreetmap.org/node/10819136538,https://www.thetraffic.in/data/surveillance_cameras.v1.json,ODbL-1.0
node/10819136539,,13.0071476,77.5447742,8177,9308,True,public,camera,160,,2023-04-17T08:37:04Z,2026-09-09T04:20:20Z,candidate-public-outdoor,unknown,https://www.openstreetmap.org/node/10819136539,https://www.thetraffic.in/data/surveillance_cameras.v1.json,ODbL-1.0
node/7201052042,,13.0038234,77.5489604,8182,9106,True,public,camera,,,2020-02-10T16:31:10Z,2026-09-09T04:20:20Z,candidate-public-outdoor,unknown,https://www.openstreetmap.org/node/7201052042,https://www.thetraffic.in/data/surveillance_cameras.v1.json,ODbL-1.0
node/10236754309,,12.9892476,77.5931166,8182,7119,True,traffic,camera,330,2022-12-04,2022-12-04T13:05:43Z,2026-09-09T04:20:20Z,candidate-public-outdoor,unknown,https://www.openstreetmap.org/node/10236754309,https://www.thetraffic.in/data/surveillance_cameras.v1.json,ODbL-1.0
node/10236754409,,12.9892509,77.5931227,8182,7119,True,traffic,camera,330,2022-12-04,2022-12-04T13:05:43Z,2026-09-09T04:20:20Z,candidate-public-outdoor,unknown,https://www.openstreetmap.org/node/10236754409,https://www.thetraffic.in/data/surveillance_cameras.v1.json,ODbL-1.0
node/10236754410,,12.9892243,77.5930616,8185,7124,True,outdoor,camera,,2022-12-04,2022-12-04T06:15:30Z,2026-09-09T04:20:20Z,candidate-public-outdoor,unknown,https://www.openstreetmap.org/node/10236754410,https://www.thetraffic.in/data/surveillance_cameras.v1.json,ODbL-1.0
node/10138042328,,12.9932051,77.5693566,8192,8170,True,public,camera,90,2022-10-29,2022-10-29T16:30:05Z,2026-09-09T04:20:20Z,candidate-public-outdoor,unknown,https://www.openstreetmap.org/node/10138042328,https://www.thetraffic.in/data/surveillance_cameras.v1.json,ODbL-1.0
node/10138042329,,12.9932061,77.5693493,8192,8170,True,public,camera,270,2022-10-29,2022-10-29T16:30:05Z,2026-09-09T04:20:20Z,candidate-public-outdoor,unknown,https://www.openstreetmap.org/node/10138042329,https://www.thetraffic.in/data/surveillance_cameras.v1.json,ODbL-1.0
node/10795162717,,13.0083865,77.5430778,8196,9404,True,public,camera,100,,2023-04-17T08:37:04Z,2026-09-09T04:20:20Z,candidate-public-outdoor,unknown,https://www.openstreetmap.org/node/10795162717,https://www.thetraffic.in/data/surveillance_cameras.v1.json,ODbL-1.0
node/10795162718,,13.0083763,77.5430841,8197,9404,True,public,camera,10,,2023-04-17T08:37:04Z,2026-09-09T04:20:20Z,candidate-public-outdoor,unknown,https://www.openstreetmap.org/node/10795162718,https://www.thetraffic.in/data/surveillance_cameras.v1.json,ODbL-1.0
node/10819136546,,13.0084105,77.5429795,8202,9412,True,public,camera,,,2023-04-17T08:37:04Z,2026-09-09T04:20:20Z,candidate-public-outdoor,unknown,https://www.openstreetmap.org/node/10819136546,https://www.thetraffic.in/data/surveillance_cameras.v1.json,ODbL-1.0
node/11358405730,,12.9917799,77.6144256,8202,6246,True,,camera,294,,2023-11-17T15:18:45Z,2026-09-09T04:20:20Z,review-access-unknown,unknown,https://www.openstreetmap.org/node/11358405730,https://www.thetraffic.in/data/surveillance_cameras.v1.json,ODbL-1.0
node/10833830939,,12.9982985,77.5573685,8204,8725,True,public,camera,90,,2023-04-23T13:21:41Z,2026-09-09T04:20:20Z,candidate-public-outdoor,unknown,https://www.openstreetmap.org/node/10833830939,https://www.thetraffic.in/data/surveillance_cameras.v1.json,ODbL-1.0
node/10833830937,,12.9982984,77.5573519,8205,8726,True,public,camera,270,,2023-04-23T13:21:41Z,2026-09-09T04:20:20Z,candidate-public-outdoor,unknown,https://www.openstreetmap.org/node/10833830937,https://www.thetraffic.in/data/surveillance_cameras.v1.json,ODbL-1.0
node/10833830938,,12.9982882,77.55736,8206,8726,True,public,camera,180,,2023-04-23T13:21:41Z,2026-09-09T04:20:20Z,candidate-public-outdoor,unknown,https://www.openstreetmap.org/node/10833830938,https://www.thetraffic.in/data/surveillance_cameras.v1.json,ODbL-1.0
node/11358405728,,12.9917161,77.6145621,8212,6252,True,public,camera,212,,2023-11-17T15:18:45Z,2026-09-09T04:20:20Z,candidate-public-outdoor,unknown,https://www.openstreetmap.org/node/11358405728,https://www.thetraffic.in/data/surveillance_cameras.v1.json,ODbL-1.0
node/11358405729,,12.9917161,77.6145621,8212,6252,True,public,camera,217,,2023-11-17T15:18:45Z,2026-09-09T04:20:20Z,candidate-public-outdoor,unknown,https://www.openstreetmap.org/node/11358405729,https://www.thetraffic.in/data/surveillance_cameras.v1.json,ODbL-1.0
node/6569307163,,12.9917069,77.6146229,8215,6252,True,outdoor,camera,45,,2019-06-25T08:37:20Z,2026-09-09T04:20:20Z,candidate-public-outdoor,unknown,https://www.openstreetmap.org/node/6569307163,https://www.thetraffic.in/data/surveillance_cameras.v1.json,ODbL-1.0
node/6569347600,,12.9916789,77.6145177,8215,6257,True,outdoor,camera,,,2019-06-25T08:37:20Z,2026-09-09T04:20:20Z,candidate-public-outdoor,unknown,https://www.openstreetmap.org/node/6569347600,https://www.thetraffic.in/data/surveillance_cameras.v1.json,ODbL-1.0
node/11951628567,,12.9933319,77.5683583,8215,8232,True,public,camera,358,,2024-06-02T10:25:10Z,2026-09-09T04:20:20Z,candidate-public-outdoor,unknown,https://www.openstreetmap.org/node/11951628567,https://www.thetraffic.in/data/surveillance_cameras.v1.json,ODbL-1.0
node/9141920968,,12.9923155,77.5713971,8217,8098,True,public,camera,180,,2024-07-14T12:00:36Z,2026-09-09T04:20:20Z,candidate-public-outdoor,unknown,https://www.openstreetmap.org/node/9141920968,https://www.thetraffic.in/data/surveillance_cameras.v1.json,ODbL-1.0
node/11951628565,,12.9933195,77.5683402,8217,8235,True,public,camera,287,,2024-06-02T10:25:10Z,2026-09-09T04:20:20Z,candidate-public-outdoor,unknown,https://www.openstreetmap.org/node/11951628565,https://www.thetraffic.in/data/surveillance_cameras.v1.json,ODbL-1.0
node/11951628566,,12.9933066,77.5683668,8217,8234,True,public,camera,105,,2024-06-02T10:25:10Z,2026-09-09T04:20:20Z,candidate-public-outdoor,unknown,https://www.openstreetmap.org/node/11951628566,https://www.thetraffic.in/data/surveillance_cameras.v1.json,ODbL-1.0
node/9780918378,,13.0038373,77.5483899,8218,9158,True,public,camera,80,2022-05-29,2022-05-30T06:29:05Z,2026-09-09T04:20:20Z,candidate-public-outdoor,unknown,https://www.openstreetmap.org/node/9780918378,https://www.thetraffic.in/data/surveillance_cameras.v1.json,ODbL-1.0
node/9780918377,,13.0038375,77.5483763,8219,9159,True,public,camera,260,2022-05-29,2022-05-30T06:29:05Z,2026-09-09T04:20:20Z,candidate-public-outdoor,unknown,https://www.openstreetmap.org/node/9780918377,https://www.thetraffic.in/data/surveillance_cameras.v1.json,ODbL-1.0
node/6569357285,,12.9916499,77.6147138,8224,6258,True,outdoor,camera,0,,2019-06-25T08:37:20Z,2026-09-09T04:20:20Z,candidate-public-outdoor,unknown,https://www.openstreetmap.org/node/6569357285,https://www.thetraffic.in/data/surveillance_cameras.v1.json,ODbL-1.0
node/10819136537,,13.0062375,77.5451759,8226,9319,True,public,camera,160,,2023-04-17T08:37:04Z,2026-09-09T04:20:20Z,candidate-public-outdoor,unknown,https://www.openstreetmap.org/node/10819136537,https://www.thetraffic.in/data/surveillance_cameras.v1.json,ODbL-1.0
node/10819136536,,13.006228,77.5451681,8228,9321,True,public,camera,250,,2023-04-17T08:37:04Z,2026-09-09T04:20:20Z,candidate-public-outdoor,unknown,https://www.openstreetmap.org/node/10819136536,https://www.thetraffic.in/data/surveillance_cameras.v1.json,ODbL-1.0
node/10758396106,,12.991538,77.6146329,8233,6271,True,public,camera,,2023-03-24,2023-03-24T08:27:16Z,2026-09-09T04:20:20Z,candidate-public-outdoor,unknown,https://www.openstreetmap.org/node/10758396106,https://www.thetraffic.in/data/surveillance_cameras.v1.json,ODbL-1.0
node/10236740311,,12.9887281,77.5935834,8240,7152,True,traffic,camera,,2022-12-04,2022-12-04T06:13:24Z,2026-09-09T04:20:20Z,candidate-public-outdoor,unknown,https://www.openstreetmap.org/node/10236740311,https://www.thetraffic.in/data/surveillance_cameras.v1.json,ODbL-1.0
node/11658509113,,12.9886808,77.5936117,8245,7155,True,public,camera,142,,2024-02-24T02:30:41Z,2026-09-09T04:20:20Z,candidate-public-outdoor,unknown,https://www.openstreetmap.org/node/11658509113,https://www.thetraffic.in/data/surveillance_cameras.v1.json,ODbL-1.0
node/11096802217,,12.9987637,77.5554048,8265,8859,True,public,camera,90,,2024-06-17T06:27:43Z,2026-09-09T04:20:20Z,candidate-public-outdoor,unknown,https://www.openstreetmap.org/node/11096802217,https://www.thetraffic.in/data/surveillance_cameras.v1.json,ODbL-1.0
node/11096802218,,12.9987716,77.5553934,8265,8860,True,public,camera,0,,2024-06-17T06:27:43Z,2026-09-09T04:20:20Z,candidate-public-outdoor,unknown,https://www.openstreetmap.org/node/11096802218,https://www.thetraffic.in/data/surveillance_cameras.v1.json,ODbL-1.0
node/11096802215,,12.9987611,77.5553894,8266,8861,True,public,camera,,,2024-06-17T06:27:43Z,2026-09-09T04:20:20Z,candidate-public-outdoor,unknown,https://www.openstreetmap.org/node/11096802215,https://www.thetraffic.in/data/surveillance_cameras.v1.json,ODbL-1.0
node/11096802216,,12.9987598,77.5553786,8267,8862,True,public,camera,170,,2024-06-17T06:27:43Z,2026-09-09T04:20:20Z,candidate-public-outdoor,unknown,https://www.openstreetmap.org/node/11096802216,https://www.thetraffic.in/data/surveillance_cameras.v1.json,ODbL-1.0
node/10748296605,,12.9918586,77.5713164,8268,8142,True,public,camera,,2023-03-20,2024-03-17T04:52:25Z,2026-09-09T04:20:20Z,candidate-public-outdoor,unknown,https://www.openstreetmap.org/node/10748296605,https://www.thetraffic.in/data/surveillance_cameras.v1.json,ODbL-1.0
node/10819136530,,13.0054607,77.5455151,8269,9331,True,public,camera,340,,2023-04-17T08:37:04Z,2026-09-09T04:20:20Z,candidate-public-outdoor,unknown,https://www.openstreetmap.org/node/10819136530,https://www.thetraffic.in/data/surveillance_cameras.v1.json,ODbL-1.0
node/10819136529,,13.0054437,77.5455212,8270,9331,True,public,camera,160,,2023-04-17T08:37:04Z,2026-09-09T04:20:20Z,candidate-public-outdoor,unknown,https://www.openstreetmap.org/node/10819136529,https://www.thetraffic.in/data/surveillance_cameras.v1.json,ODbL-1.0
node/10833830935,,12.998602,77.5554376,8278,8867,True,public,camera,270,,2023-04-23T13:21:41Z,2026-09-09T04:20:20Z,candidate-public-outdoor,unknown,https://www.openstreetmap.org/node/10833830935,https://www.thetraffic.in/data/surveillance_cameras.v1.json,ODbL-1.0
node/10833830936,,12.998602,77.555445,8278,8867,True,public,camera,90,,2023-04-23T13:21:41Z,2026-09-09T04:20:20Z,candidate-public-outdoor,unknown,https://www.openstreetmap.org/node/10833830936,https://www.thetraffic.in/data/surveillance_cameras.v1.json,ODbL-1.0
node/9257406459,,13.0030474,77.5485303,8279,9192,True,public,camera,80,,2021-11-16T16:43:21Z,2026-09-09T04:20:20Z,candidate-public-outdoor,unknown,https://www.openstreetmap.org/node/9257406459,https://www.thetraffic.in/data/surveillance_cameras.v1.json,ODbL-1.0
node/9257406458,,13.0030399,77.5485276,8280,9193,True,public,camera,150,,2021-11-16T16:43:21Z,2026-09-09T04:20:20Z,candidate-public-outdoor,unknown,https://www.openstreetmap.org/node/9257406458,https://www.thetraffic.in/data/surveillance_cameras.v1.json,ODbL-1.0
node/11922648743,,12.99859,77.5554303,8280,8869,True,public,camera,78,,2024-05-21T15:49:07Z,2026-09-09T04:20:20Z,candidate-public-outdoor,unknown,https://www.openstreetmap.org/node/11922648743,https://www.thetraffic.in/data/surveillance_cameras.v1.json,ODbL-1.0
node/9811397085,,13.0001954,77.5527065,8282,8997,True,public,camera,10,2022-06-11,2022-06-11T18:43:37Z,2026-09-09T04:20:20Z,candidate-public-outdoor,unknown,https://www.openstreetmap.org/node/9811397085,https://www.thetraffic.in/data/surveillance_cameras.v1.json,ODbL-1.0
node/9811397084,,13.0001781,77.5527005,8284,8999,True,public,camera,190,2022-06-11,2022-06-11T18:43:37Z,2026-09-09T04:20:20Z,candidate-public-outdoor,unknown,https://www.openstreetmap.org/node/9811397084,https://www.thetraffic.in/data/surveillance_cameras.v1.json,ODbL-1.0
node/9574153241,,13.0017015,77.5502936,8289,9115,True,public,camera,350,,2022-03-13T03:42:44Z,2026-09-09T04:20:20Z,candidate-public-outdoor,unknown,https://www.openstreetmap.org/node/9574153241,https://www.thetraffic.in/data/surveillance_cameras.v1.json,ODbL-1.0
node/9574153239,,13.0016835,77.5502962,8290,9116,True,public,camera,170,,2022-03-13T03:42:44Z,2026-09-09T04:20:20Z,candidate-public-outdoor,unknown,https://www.openstreetmap.org/node/9574153239,https://www.thetraffic.in/data/surveillance_cameras.v1.json,ODbL-1.0
node/9574153240,,13.0016923,77.5502945,8290,9116,True,public,camera,80,,2022-03-13T03:42:44Z,2026-09-09T04:20:20Z,candidate-public-outdoor,unknown,https://www.openstreetmap.org/node/9574153240,https://www.thetraffic.in/data/surveillance_cameras.v1.json,ODbL-1.0
node/10819136524,,13.0048789,77.5458555,8296,9332,True,public,camera,160,,2023-04-17T08:37:04Z,2026-09-09T04:20:20Z,candidate-public-outdoor,unknown,https://www.openstreetmap.org/node/10819136524,https://www.thetraffic.in/data/surveillance_cameras.v1.json,ODbL-1.0
node/10819136526,,13.0048854,77.5458414,8296,9333,True,public,camera,340,,2023-04-17T08:37:04Z,2026-09-09T04:20:20Z,candidate-public-outdoor,unknown,https://www.openstreetmap.org/node/10819136526,https://www.thetraffic.in/data/surveillance_cameras.v1.json,ODbL-1.0
node/10819136525,,13.0048753,77.5458454,8297,9333,True,public,camera,150,,2023-04-17T08:37:04Z,2026-09-09T04:20:20Z,candidate-public-outdoor,unknown,https://www.openstreetmap.org/node/10819136525,https://www.thetraffic.in/data/surveillance_cameras.v1.json,ODbL-1.0
node/10819136528,,13.004874,77.5457961,8300,9338,True,public,camera,340,,2023-04-17T08:37:04Z,2026-09-09T04:20:20Z,candidate-public-outdoor,unknown,https://www.openstreetmap.org/node/10819136528,https://www.thetraffic.in/data/surveillance_cameras.v1.json,ODbL-1.0
node/12695892240,,12.9883326,77.5988684,8300,6985,True,public,camera,,,2025-03-24T06:31:09Z,2026-09-09T04:20:20Z,candidate-public-outdoor,unknown,https://www.openstreetmap.org/node/12695892240,https://www.thetraffic.in/data/surveillance_cameras.v1.json,ODbL-1.0
node/10819136527,,13.0048602,77.5458001,8301,9338,True,public,camera,160,,2023-04-17T08:37:04Z,2026-09-09T04:20:20Z,candidate-public-outdoor,unknown,https://www.openstreetmap.org/node/10819136527,https://www.thetraffic.in/data/surveillance_cameras.v1.json,ODbL-1.0
node/10819136523,,13.0046574,77.5459332,8310,9337,True,public,camera,70,,2023-04-17T08:37:04Z,2026-09-09T04:20:20Z,candidate-public-outdoor,unknown,https://www.openstreetmap.org/node/10819136523,https://www.thetraffic.in/data/surveillance_cameras.v1.json,ODbL-1.0
node/10819136522,,13.0046489,77.5459289,8311,9338,True,public,camera,160,,2023-04-17T08:37:04Z,2026-09-09T04:20:20Z,candidate-public-outdoor,unknown,https://www.openstreetmap.org/node/10819136522,https://www.thetraffic.in/data/surveillance_cameras.v1.json,ODbL-1.0
node/9197316219,,13.0034875,77.5473444,8317,9274,True,public,camera,75,,2021-10-24T11:32:43Z,2026-09-09T04:20:20Z,candidate-public-outdoor,unknown,https://www.openstreetmap.org/node/9197316219,https://www.thetraffic.in/data/surveillance_cameras.v1.json,ODbL-1.0
node/12336015133,,12.9905545,77.6138557,8317,6388,True,outdoor,camera,,,2024-11-13T03:01:14Z,2026-09-09T04:20:20Z,candidate-public-outdoor,unknown,https://www.openstreetmap.org/node/12336015133,https://www.thetraffic.in/data/surveillance_cameras.v1.json,ODbL-1.0
node/9197316220,,13.0034804,77.5473297,8319,9276,True,public,camera,255,,2021-10-24T11:32:43Z,2026-09-09T04:20:20Z,candidate-public-outdoor,unknown,https://www.openstreetmap.org/node/9197316220,https://www.thetraffic.in/data/surveillance_cameras.v1.json,ODbL-1.0
node/11922620831,,12.9980094,77.5555461,8329,8899,True,public,camera,350,,2024-05-21T15:47:52Z,2026-09-09T04:20:20Z,candidate-public-outdoor,unknown,https://www.openstreetmap.org/node/11922620831,https://www.thetraffic.in/data/surveillance_cameras.v1.json,ODbL-1.0
node/11922620832,,12.9980115,77.5555472,8329,8899,True,public,camera,246,,2024-05-21T15:47:52Z,2026-09-09T04:20:20Z,candidate-public-outdoor,unknown,https://www.openstreetmap.org/node/11922620832,https://www.thetraffic.in/data/surveillance_cameras.v1.json,ODbL-1.0
node/11986975013,,12.9889977,77.5810272,8330,7770,True,public,camera,115,,2024-06-17T06:56:08Z,2026-09-09T04:20:20Z,candidate-public-outdoor,unknown,https://www.openstreetmap.org/node/11986975013,https://www.thetraffic.in/data/surveillance_cameras.v1.json,ODbL-1.0
node/11986975014,,12.9889849,77.5811155,8330,7766,True,public,camera,295,,2024-06-17T06:56:08Z,2026-09-09T04:20:20Z,candidate-public-outdoor,unknown,https://www.openstreetmap.org/node/11986975014,https://www.thetraffic.in/data/surveillance_cameras.v1.json,ODbL-1.0
node/11986975015,,12.9889849,77.5811155,8330,7766,True,public,camera,294,,2024-06-17T06:56:08Z,2026-09-09T04:20:20Z,candidate-public-outdoor,unknown,https://www.openstreetmap.org/node/11986975015,https://www.thetraffic.in/data/surveillance_cameras.v1.json,ODbL-1.0
node/11986975016,,12.988986,77.5811183,8330,7766,True,public,camera,115,,2024-06-17T06:56:08Z,2026-09-09T04:20:20Z,candidate-public-outdoor,unknown,https://www.openstreetmap.org/node/11986975016,https://www.thetraffic.in/data/surveillance_cameras.v1.json,ODbL-1.0
node/11986975012,,12.9889904,77.5810234,8331,7771,True,public,camera,,,2024-06-17T06:56:08Z,2026-09-09T04:20:20Z,candidate-public-outdoor,unknown,https://www.openstreetmap.org/node/11986975012,https://www.thetraffic.in/data/surveillance_cameras.v1.json,ODbL-1.0
node/10819136520,,13.0042371,77.5461212,8333,9344,True,public,camera,340,,2023-04-17T08:37:04Z,2026-09-09T04:20:20Z,candidate-public-outdoor,unknown,https://www.openstreetmap.org/node/10819136520,https://www.thetraffic.in/data/surveillance_cameras.v1.json,ODbL-1.0
node/10819136519,,13.0042307,77.54612,8334,9344,True,public,camera,250,,2023-04-17T08:37:04Z,2026-09-09T04:20:20Z,candidate-public-outdoor,unknown,https://www.openstreetmap.org/node/10819136519,https://www.thetraffic.in/data/surveillance_cameras.v1.json,ODbL-1.0
node/10819136521,,13.0042294,77.5461255,8334,9344,True,public,camera,160,,2023-04-17T08:37:04Z,2026-09-09T04:20:20Z,candidate-public-outdoor,unknown,https://www.openstreetmap.org/node/10819136521,https://www.thetraffic.in/data/surveillance_cameras.v1.json,ODbL-1.0
node/11233413598,,12.989538,77.5777929,8338,7916,True,public,camera,114,,2023-10-02T11:13:20Z,2026-09-09T04:20:20Z,candidate-public-outdoor,unknown,https://www.openstreetmap.org/node/11233413598,https://www.thetraffic.in/data/surveillance_cameras.v1.json,ODbL-1.0
node/10573918112,,13.0020637,77.5487048,8356,9236,True,public,camera,80,,2023-01-22T03:55:38Z,2026-09-09T04:20:20Z,candidate-public-outdoor,unknown,https://www.openstreetmap.org/node/10573918112,https://www.thetraffic.in/data/surveillance_cameras.v1.json,ODbL-1.0
node/11233413599,,12.9890675,77.5793514,8356,7864,True,public,camera,334,,2023-10-02T11:13:20Z,2026-09-09T04:20:20Z,candidate-public-outdoor,unknown,https://www.openstreetmap.org/node/11233413599,https://www.thetraffic.in/data/surveillance_cameras.v1.json,ODbL-1.0
node/10573918110,,13.0020608,77.5486934,8357,9237,True,public,camera,260,,2023-01-22T03:55:38Z,2026-09-09T04:20:20Z,candidate-public-outdoor,unknown,https://www.openstreetmap.org/node/10573918110,https://www.thetraffic.in/data/surveillance_cameras.v1.json,ODbL-1.0
node/10573918111,,13.0020529,77.5487075,8357,9236,True,public,camera,170,,2023-01-22T03:55:38Z,2026-09-09T04:20:20Z,candidate-public-outdoor,unknown,https://www.openstreetmap.org/node/10573918111,https://www.thetraffic.in/data/surveillance_cameras.v1.json,ODbL-1.0
node/11233413600,,12.9890257,77.5793658,8360,7867,True,public,camera,158,,2023-10-02T11:13:20Z,2026-09-09T04:20:20Z,candidate-public-outdoor,unknown,https://www.openstreetmap.org/node/11233413600,https://www.thetraffic.in/data/surveillance_cameras.v1.json,ODbL-1.0
node/12103934497,,12.9914264,77.61903,8387,6258,True,public,camera,210,,2024-08-11T08:38:30Z,2026-09-09T04:20:20Z,candidate-public-outdoor,unknown,https://www.openstreetmap.org/node/12103934497,https://www.thetraffic.in/data/surveillance_cameras.v1.json,ODbL-1.0
node/12103934498,,12.9914264,77.61903,8387,6258,True,public,camera,45,,2024-08-11T08:38:30Z,2026-09-09T04:20:20Z,candidate-public-outdoor,unknown,https://www.openstreetmap.org/node/12103934498,https://www.thetraffic.in/data/surveillance_cameras.v1.json,ODbL-1.0
node/9289329030,,13.0016549,77.5487663,8389,9255,True,public,camera,45,,2021-11-28T04:03:23Z,2026-09-09T04:20:20Z,candidate-public-outdoor,unknown,https://www.openstreetmap.org/node/9289329030,https://www.thetraffic.in/data/surveillance_cameras.v1.json,ODbL-1.0
node/9289329029,,13.0016441,77.548769,8390,9256,True,public,camera,100,,2021-11-28T04:03:23Z,2026-09-09T04:20:20Z,candidate-public-outdoor,unknown,https://www.openstreetmap.org/node/9289329029,https://www.thetraffic.in/data/surveillance_cameras.v1.json,ODbL-1.0
node/9574153237,,13.0004559,77.5504981,8390,9175,True,public,camera,170,,2022-03-13T03:42:44Z,2026-09-09T04:20:20Z,candidate-public-outdoor,unknown,https://www.openstreetmap.org/node/9574153237,https://www.thetraffic.in/data/surveillance_cameras.v1.json,ODbL-1.0
node/9574153238,,13.0004577,77.5504941,8390,9176,True,public,camera,260,,2022-03-13T03:42:44Z,2026-09-09T04:20:20Z,candidate-public-outdoor,unknown,https://www.openstreetmap.org/node/9574153238,https://www.thetraffic.in/data/surveillance_cameras.v1.json,ODbL-1.0
node/9289329028,,13.0016408,77.5487586,8391,9257,True,public,camera,170,,2021-11-28T04:03:23Z,2026-09-09T04:20:20Z,candidate-public-outdoor,unknown,https://www.openstreetmap.org/node/9289329028,https://www.thetraffic.in/data/surveillance_cameras.v1.json,ODbL-1.0
node/10819136517,,13.0030191,77.5467211,8400,9359,True,public,camera,70,,2023-04-17T08:37:04Z,2026-09-09T04:20:20Z,candidate-public-outdoor,unknown,https://www.openstreetmap.org/node/10819136517,https://www.thetraffic.in/data/surveillance_cameras.v1.json,ODbL-1.0
node/10819136518,,13.0030152,77.5467141,8401,9360,True,public,camera,250,,2023-04-17T08:37:04Z,2026-09-09T04:20:20Z,candidate-public-outdoor,unknown,https://www.openstreetmap.org/node/10819136518,https://www.thetraffic.in/data/surveillance_cameras.v1.json,ODbL-1.0
node/9063471397,,12.9888284,77.5780973,8409,7962,True,public,camera,210,,2021-09-05T06:03:15Z,2026-09-09T04:20:20Z,candidate-public-outdoor,unknown,https://www.openstreetmap.org/node/9063471397,https://www.thetraffic.in/data/surveillance_cameras.v1.json,ODbL-1.0
node/12103934496,,12.9910221,77.618717,8418,6303,True,outdoor,camera,211,,2024-08-11T08:38:30Z,2026-09-09T04:20:20Z,candidate-public-outdoor,unknown,https://www.openstreetmap.org/node/12103934496,https://www.thetraffic.in/data/surveillance_cameras.v1.json,ODbL-1.0
node/10819136515,,13.0026434,77.5469119,8420,9364,True,public,camera,160,,2023-04-17T08:37:04Z,2026-09-09T04:20:20Z,candidate-public-outdoor,unknown,https://www.openstreetmap.org/node/10819136515,https://www.thetraffic.in/data/surveillance_cameras.v1.json,ODbL-1.0
node/10819136516,,13.0026545,77.5469032,8420,9364,True,public,camera,340,,2023-04-17T08:37:04Z,2026-09-09T04:20:20Z,candidate-public-outdoor,unknown,https://www.openstreetmap.org/node/10819136516,https://www.thetraffic.in/data/surveillance_cameras.v1.json,ODbL-1.0
node/10748296705,,12.9902706,77.5718161,8421,8243,True,public,camera,,2023-03-20,2023-03-20T11:50:56Z,2026-09-09T04:20:20Z,candidate-public-outdoor,unknown,https://www.openstreetmap.org/node/10748296705,https://www.thetraffic.in/data/surveillance_cameras.v1.json,ODbL-1.0
node/10819136514,,13.0026434,77.5469002,8421,9365,True,public,camera,240,,2023-04-17T08:37:04Z,2026-09-09T04:20:20Z,candidate-public-outdoor,unknown,https://www.openstreetmap.org/node/10819136514,https://www.thetraffic.in/data/surveillance_cameras.v1.json,ODbL-1.0
node/9811397101,,12.9984818,77.5528698,8434,9096,True,public,camera,340,2022-06-11,2022-06-11T18:43:37Z,2026-09-09T04:20:20Z,candidate-public-outdoor,unknown,https://www.openstreetmap.org/node/9811397101,https://www.thetraffic.in/data/surveillance_cameras.v1.json,ODbL-1.0
node/9811397102,,12.9984749,77.5528731,8434,9096,True,public,camera,160,2022-06-11,2022-06-11T18:43:37Z,2026-09-09T04:20:20Z,candidate-public-outdoor,unknown,https://www.openstreetmap.org/node/9811397102,https://www.thetraffic.in/data/surveillance_cameras.v1.json,ODbL-1.0
node/11982363546,,13.0003042,77.5499563,8437,9233,True,public,camera,40,,2024-06-15T05:05:17Z,2026-09-09T04:20:20Z,candidate-public-outdoor,unknown,https://www.openstreetmap.org/node/11982363546,https://www.thetraffic.in/data/surveillance_cameras.v1.json,ODbL-1.0
node/11982363545,,13.0002978,77.549948,8439,9234,True,public,camera,351,,2024-06-15T05:05:17Z,2026-09-09T04:20:20Z,candidate-public-outdoor,unknown,https://www.openstreetmap.org/node/11982363545,https://www.thetraffic.in/data/surveillance_cameras.v1.json,ODbL-1.0
node/10748296805,,12.9899841,77.5721382,8442,8246,True,public,camera,,2023-03-20,2023-03-20T11:50:57Z,2026-09-09T04:20:20Z,candidate-public-outdoor,unknown,https://www.openstreetmap.org/node/10748296805,https://www.thetraffic.in/data/surveillance_cameras.v1.json,ODbL-1.0
node/12676261355,,12.9982326,77.5531152,8443,9092,True,public,camera,341,,2025-03-18T11:40:04Z,2026-09-09T04:20:20Z,candidate-public-outdoor,unknown,https://www.openstreetmap.org/node/12676261355,https://www.thetraffic.in/data/surveillance_cameras.v1.json,ODbL-1.0
node/12676261356,,12.9982233,77.5531195,8444,9092,True,public,camera,153,,2025-03-18T11:40:04Z,2026-09-09T04:20:20Z,candidate-public-outdoor,unknown,https://www.openstreetmap.org/node/12676261356,https://www.thetraffic.in/data/surveillance_cameras.v1.json,ODbL-1.0
node/10183477907,,12.989947,77.5721602,8445,8248,True,public,camera,,2022-11-13,2022-11-14T16:20:12Z,2026-09-09T04:20:20Z,candidate-public-outdoor,unknown,https://www.openstreetmap.org/node/10183477907,https://www.thetraffic.in/data/surveillance_cameras.v1.json,ODbL-1.0
node/10731092776,,13.0017359,77.547736,8447,9344,True,public,camera,160,,2023-03-12T17:31:56Z,2026-09-09T04:20:20Z,candidate-public-outdoor,unknown,https://www.openstreetmap.org/node/10731092776,https://www.thetraffic.in/data/surveillance_cameras.v1.json,ODbL-1.0
node/10731092777,,13.0017444,77.5477327,8447,9343,True,public,camera,340,,2023-03-12T17:31:56Z,2026-09-09T04:20:20Z,candidate-public-outdoor,unknown,https://www.openstreetmap.org/node/10731092777,https://www.thetraffic.in/data/surveillance_cameras.v1.json,ODbL-1.0
node/12019057855,,12.9869613,77.5982996,8448,7149,True,public,camera,24,,2024-06-29T03:48:52Z,2026-09-09T04:20:20Z,candidate-public-outdoor,unknown,https://www.openstreetmap.org/node/12019057855,https://www.thetraffic.in/data/surveillance_cameras.v1.json,ODbL-1.0
node/12163087528,,12.9909245,77.6193421,8450,6313,True,outdoor,camera,77,,2024-09-08T08:12:29Z,2026-09-09T04:20:20Z,candidate-public-outdoor,unknown,https://www.openstreetmap.org/node/12163087528,https://www.thetraffic.in/data/surveillance_cameras.v1.json,ODbL-1.0
node/12163087529,,12.9909245,77.6193421,8450,6313,True,outdoor,camera,22,,2024-09-08T08:12:29Z,2026-09-09T04:20:20Z,candidate-public-outdoor,unknown,https://www.openstreetmap.org/node/12163087529,https://www.thetraffic.in/data/surveillance_cameras.v1.json,ODbL-1.0
node/12163087530,,12.9909245,77.6193421,8450,6313,True,outdoor,camera,150,,2024-09-08T08:12:29Z,2026-09-09T04:20:20Z,candidate-public-outdoor,unknown,https://www.openstreetmap.org/node/12163087530,https://www.thetraffic.in/data/surveillance_cameras.v1.json,ODbL-1.0
node/11391159318,,12.9869865,77.5886065,8454,7556,True,public,camera,217,,2023-12-03T05:54:28Z,2026-09-09T04:20:20Z,candidate-public-outdoor,unknown,https://www.openstreetmap.org/node/11391159318,https://www.thetraffic.in/data/surveillance_cameras.v1.json,ODbL-1.0
node/6796231180,,12.9909582,77.619613,8456,6309,True,,,,,2019-09-15T04:09:06Z,2026-09-09T04:20:20Z,excluded-non-camera,unknown,https://www.openstreetmap.org/node/6796231180,https://www.thetraffic.in/data/surveillance_cameras.v1.json,ODbL-1.0
node/10819136512,,13.0024366,77.5466004,8459,9405,True,public,camera,60,,2023-04-17T08:37:04Z,2026-09-09T04:20:20Z,candidate-public-outdoor,unknown,https://www.openstreetmap.org/node/10819136512,https://www.thetraffic.in/data/surveillance_cameras.v1.json,ODbL-1.0
node/10833830933,,12.9981128,77.5530024,8461,9110,True,public,camera,90,,2023-04-23T13:21:41Z,2026-09-09T04:20:20Z,candidate-public-outdoor,unknown,https://www.openstreetmap.org/node/10833830933,https://www.thetraffic.in/data/surveillance_cameras.v1.json,ODbL-1.0
node/10833830934,,12.9981156,77.5529988,8461,9110,True,public,camera,0,,2023-04-23T13:21:41Z,2026-09-09T04:20:20Z,candidate-public-outdoor,unknown,https://www.openstreetmap.org/node/10833830934,https://www.thetraffic.in/data/surveillance_cameras.v1.json,ODbL-1.0
node/9814594009,,12.9981064,77.5530005,8462,9110,True,public,camera,,2022-06-12,2022-06-13T12:31:54Z,2026-09-09T04:20:20Z,candidate-public-outdoor,unknown,https://www.openstreetmap.org/node/9814594009,https://www.thetraffic.in/data/surveillance_cameras.v1.json,ODbL-1.0
node/10761493317,,12.9867526,77.5961036,8462,7252,True,public,camera,305,2023-03-24,2023-03-25T16:45:45Z,2026-09-09T04:20:20Z,candidate-public-outdoor,unknown,https://www.openstreetmap.org/node/10761493317,https://www.thetraffic.in/data/surveillance_cameras.v1.json,ODbL-1.0
node/10819136513,,13.0024219,77.546578,8462,9408,True,public,camera,240,,2023-04-17T08:37:04Z,2026-09-09T04:20:20Z,candidate-public-outdoor,unknown,https://www.openstreetmap.org/node/10819136513,https://www.thetraffic.in/data/surveillance_cameras.v1.json,ODbL-1.0
node/10833830932,,12.9981105,77.5529906,8462,9111,True,public,camera,270,,2023-04-23T13:21:41Z,2026-09-09T04:20:20Z,candidate-public-outdoor,unknown,https://www.openstreetmap.org/node/10833830932,https://www.thetraffic.in/data/surveillance_cameras.v1.json,ODbL-1.0
node/10761493316,,12.9867408,77.5961137,8463,7253,True,public,camera,215,2023-03-24,2023-03-25T16:45:45Z,2026-09-09T04:20:20Z,candidate-public-outdoor,unknown,https://www.openstreetmap.org/node/10761493316,https://www.thetraffic.in/data/surveillance_cameras.v1.json,ODbL-1.0
node/10761493315,,12.9867349,77.5961204,8464,7253,True,public,camera,135,2023-03-24,2023-03-25T16:45:45Z,2026-09-09T04:20:20Z,candidate-public-outdoor,unknown,https://www.openstreetmap.org/node/10761493315,https://www.thetraffic.in/data/surveillance_cameras.v1.json,ODbL-1.0
node/11951628563,,12.9898347,77.5719231,8464,8274,True,public,camera,,,2024-06-02T10:25:10Z,2026-09-09T04:20:20Z,candidate-public-outdoor,unknown,https://www.openstreetmap.org/node/11951628563,https://www.thetraffic.in/data/surveillance_cameras.v1.json,ODbL-1.0
node/10279677072,,12.9980449,77.5530523,8465,9110,True,public,camera,330,,2022-12-22T08:19:14Z,2026-09-09T04:20:20Z,candidate-public-outdoor,unknown,https://www.openstreetmap.org/node/10279677072,https://www.thetraffic.in/data/surveillance_cameras.v1.json,ODbL-1.0
node/10279677073,,12.9980423,77.553048,8465,9110,True,public,camera,330,,2022-12-22T08:19:14Z,2026-09-09T04:20:20Z,candidate-public-outdoor,unknown,https://www.openstreetmap.org/node/10279677073,https://www.thetraffic.in/data/surveillance_cameras.v1.json,ODbL-1.0
node/9780918381,,13.0013444,77.5479446,8469,9349,True,public,camera,80,2022-05-29,2022-05-30T06:29:05Z,2026-09-09T04:20:20Z,candidate-public-outdoor,unknown,https://www.openstreetmap.org/node/9780918381,https://www.thetraffic.in/data/surveillance_cameras.v1.json,ODbL-1.0
node/9780918380,,13.0013411,77.5479315,8470,9350,True,public,camera,260,2022-05-29,2022-05-30T06:29:05Z,2026-09-09T04:20:20Z,candidate-public-outdoor,unknown,https://www.openstreetmap.org/node/9780918380,https://www.thetraffic.in/data/surveillance_cameras.v1.json,ODbL-1.0
node/12525844604,,12.9891624,77.5740795,8473,8188,True,public,camera,18,,2025-01-23T07:54:36Z,2026-09-09T04:20:20Z,candidate-public-outdoor,unknown,https://www.openstreetmap.org/node/12525844604,https://www.thetraffic.in/data/surveillance_cameras.v1.json,ODbL-1.0
node/12525844606,,12.9891542,77.5740841,8474,8189,True,public,camera,108,,2025-01-23T07:54:36Z,2026-09-09T04:20:20Z,candidate-public-outdoor,unknown,https://www.openstreetmap.org/node/12525844606,https://www.thetraffic.in/data/surveillance_cameras.v1.json,ODbL-1.0
node/12525844605,,12.9891497,77.5740753,8475,8190,True,public,camera,195,,2025-01-23T07:54:36Z,2026-09-09T04:20:20Z,candidate-public-outdoor,unknown,https://www.openstreetmap.org/node/12525844605,https://www.thetraffic.in/data/surveillance_cameras.v1.json,ODbL-1.0
node/12686350454,,12.988687,77.5758374,8478,8117,True,outdoor,camera,279,,2025-03-21T05:43:34Z,2026-09-09T04:20:20Z,candidate-public-outdoor,unknown,https://www.openstreetmap.org/node/12686350454,https://www.thetraffic.in/data/surveillance_cameras.v1.json,ODbL-1.0
node/12686350455,,12.9886805,77.5758633,8478,8116,True,outdoor,camera,108,,2025-03-21T05:43:34Z,2026-09-09T04:20:20Z,candidate-public-outdoor,unknown,https://www.openstreetmap.org/node/12686350455,https://www.thetraffic.in/data/surveillance_cameras.v1.json,ODbL-1.0
node/12686350456,,12.9885142,77.5764909,8480,8091,True,outdoor,camera,281,,2025-03-21T05:43:34Z,2026-09-09T04:20:20Z,candidate-public-outdoor,unknown,https://www.openstreetmap.org/node/12686350456,https://www.thetraffic.in/data/surveillance_cameras.v1.json,ODbL-1.0
node/11951350411,,12.9884897,77.5765899,8481,8087,True,public,camera,289,,2024-06-02T06:33:43Z,2026-09-09T04:20:20Z,candidate-public-outdoor,unknown,https://www.openstreetmap.org/node/11951350411,https://www.thetraffic.in/data/surveillance_cameras.v1.json,ODbL-1.0
node/11982389396,,12.9981885,77.5524173,8488,9155,True,public,camera,81,,2024-06-15T05:56:47Z,2026-09-09T04:20:20Z,candidate-public-outdoor,unknown,https://www.openstreetmap.org/node/11982389396,https://www.thetraffic.in/data/surveillance_cameras.v1.json,ODbL-1.0
node/11982389395,,12.9981822,77.5524021,8489,9157,True,public,camera,257,,2024-06-15T05:56:47Z,2026-09-09T04:20:20Z,candidate-public-outdoor,unknown,https://www.openstreetmap.org/node/11982389395,https://www.thetraffic.in/data/surveillance_cameras.v1.json,ODbL-1.0
node/12103934494,,12.9901434,77.6181004,8490,6403,True,public,camera,220,,2024-08-11T08:38:30Z,2026-09-09T04:20:20Z,candidate-public-outdoor,unknown,https://www.openstreetmap.org/node/12103934494,https://www.thetraffic.in/data/surveillance_cameras.v1.json,ODbL-1.0
node/12103934495,,12.9901386,77.6181573,8493,6403,True,public,camera,30,,2024-08-11T08:38:30Z,2026-09-09T04:20:20Z,candidate-public-outdoor,unknown,https://www.openstreetmap.org/node/12103934495,https://www.thetraffic.in/data/surveillance_cameras.v1.json,ODbL-1.0
node/12147208923,,12.9864412,77.5948005,8494,7336,True,public,camera,22,,2024-08-31T05:13:00Z,2026-09-09T04:20:20Z,candidate-public-outdoor,unknown,https://www.openstreetmap.org/node/12147208923,https://www.thetraffic.in/data/surveillance_cameras.v1.json,ODbL-1.0
node/12147208924,,12.986434,77.5947901,8495,7337,True,public,camera,302,,2024-08-31T05:13:00Z,2026-09-09T04:20:20Z,candidate-public-outdoor,unknown,https://www.openstreetmap.org/node/12147208924,https://www.thetraffic.in/data/surveillance_cameras.v1.json,ODbL-1.0
node/9830156889,,12.9998788,77.549631,8496,9289,True,public,camera,350,2022-06-19,2022-06-19T05:49:15Z,2026-09-09T04:20:20Z,candidate-public-outdoor,unknown,https://www.openstreetmap.org/node/9830156889,https://www.thetraffic.in/data/surveillance_cameras.v1.json,ODbL-1.0
node/9830156890,,12.9998695,77.5496319,8497,9290,True,public,camera,160,2022-06-19,2022-06-19T05:49:15Z,2026-09-09T04:20:20Z,candidate-public-outdoor,unknown,https://www.openstreetmap.org/node/9830156890,https://www.thetraffic.in/data/surveillance_cameras.v1.json,ODbL-1.0
node/9830156891,,12.999873,77.5496221,8497,9290,True,public,camera,250,2022-06-19,2022-06-19T05:49:15Z,2026-09-09T04:20:20Z,candidate-public-outdoor,unknown,https://www.openstreetmap.org/node/9830156891,https://www.thetraffic.in/data/surveillance_cameras.v1.json,ODbL-1.0
node/11096802213,,12.998145,77.5523233,8497,9166,True,public,camera,80,,2023-08-07T10:29:54Z,2026-09-09T04:20:20Z,candidate-public-outdoor,unknown,https://www.openstreetmap.org/node/11096802213,https://www.thetraffic.in/data/surveillance_cameras.v1.json,ODbL-1.0
node/10819136511,,13.0012619,77.547613,8498,9384,True,public,camera,80,,2023-04-17T08:37:04Z,2026-09-09T04:20:20Z,candidate-public-outdoor,unknown,https://www.openstreetmap.org/node/10819136511,https://www.thetraffic.in/data/surveillance_cameras.v1.json,ODbL-1.0
node/10819136510,,13.0012504,77.5476093,8499,9385,True,public,camera,170,,2023-04-17T08:37:04Z,2026-09-09T04:20:20Z,candidate-public-outdoor,unknown,https://www.openstreetmap.org/node/10819136510,https://www.thetraffic.in/data/surveillance_cameras.v1.json,ODbL-1.0
node/11096802214,,12.9981437,77.5522938,8499,9169,True,public,camera,260,,2023-08-07T10:29:54Z,2026-09-09T04:20:20Z,candidate-public-outdoor,unknown,https://www.openstreetmap.org/node/11096802214,https://www.thetraffic.in/data/surveillance_cameras.v1.json,ODbL-1.0
node/10819136509,,13.0012495,77.5475972,8500,9386,True,public,camera,260,,2023-04-17T08:37:04Z,2026-09-09T04:20:20Z,candidate-public-outdoor,unknown,https://www.openstreetmap.org/node/10819136509,https://www.thetraffic.in/data/surveillance_cameras.v1.json,ODbL-1.0
node/9910012995,,12.9882051,77.5769962,8502,8087,True,public,camera,,2022-07-23,2022-07-25T17:10:17Z,2026-09-09T04:20:20Z,candidate-public-outdoor,unknown,https://www.openstreetmap.org/node/9910012995,https://www.thetraffic.in/data/surveillance_cameras.v1.json,ODbL-1.0
node/9814594010,,12.9979666,77.5524735,8505,9165,True,public,camera,,2022-06-12,2022-06-13T12:31:54Z,2026-09-09T04:20:20Z,candidate-public-outdoor,unknown,https://www.openstreetmap.org/node/9814594010,https://www.thetraffic.in/data/surveillance_cameras.v1.json,ODbL-1.0
node/9814594011,,12.9979451,77.5524741,8507,9166,True,public,camera,180,2022-06-12,2022-06-13T12:31:54Z,2026-09-09T04:20:20Z,candidate-public-outdoor,unknown,https://www.openstreetmap.org/node/9814594011,https://www.thetraffic.in/data/surveillance_cameras.v1.json,ODbL-1.0
node/9910012986,,12.9888421,77.574076,8508,8217,True,public,camera,,2022-07-23,2022-07-25T17:10:17Z,2026-09-09T04:20:20Z,candidate-public-outdoor,unknown,https://www.openstreetmap.org/node/9910012986,https://www.thetraffic.in/data/surveillance_cameras.v1.json,ODbL-1.0
node/12103825771,,12.997972,77.5523787,8510,9173,True,public,camera,,,2024-08-11T07:00:17Z,2026-09-09T04:20:20Z,candidate-public-outdoor,unknown,https://www.openstreetmap.org/node/12103825771,https://www.thetraffic.in/data/surveillance_cameras.v1.json,ODbL-1.0
node/12103825772,,12.9979592,77.5523873,8511,9173,True,public,camera,172,,2024-08-11T07:00:17Z,2026-09-09T04:20:20Z,candidate-public-outdoor,unknown,https://www.openstreetmap.org/node/12103825772,https://www.thetraffic.in/data/surveillance_cameras.v1.json,ODbL-1.0
node/10761493318,,12.9862736,77.5965609,8517,7284,True,public,camera,215,2023-03-24,2023-03-25T16:45:45Z,2026-09-09T04:20:20Z,candidate-public-outdoor,unknown,https://www.openstreetmap.org/node/10761493318,https://www.thetraffic.in/data/surveillance_cameras.v1.json,ODbL-1.0
node/10763044558,,13.0004762,77.5483103,8524,9369,True,public,camera,350,2023-03-24,2023-03-26T04:09:21Z,2026-09-09T04:20:20Z,candidate-public-outdoor,unknown,https://www.openstreetmap.org/node/10763044558,https://www.thetraffic.in/data/surveillance_cameras.v1.json,ODbL-1.0
node/10819136505,,13.0008519,77.5477823,8524,9394,True,public,camera,350,,2023-04-17T08:37:04Z,2026-09-09T04:20:20Z,candidate-public-outdoor,unknown,https://www.openstreetmap.org/node/10819136505,https://www.thetraffic.in/data/surveillance_cameras.v1.json,ODbL-1.0
node/9814594014,,12.9992959,77.5500409,8525,9290,True,public,camera,340,2022-06-12,2022-06-13T12:31:54Z,2026-09-09T04:20:20Z,candidate-public-outdoor,unknown,https://www.openstreetmap.org/node/9814594014,https://www.thetraffic.in/data/surveillance_cameras.v1.json,ODbL-1.0
node/10763044557,,13.0004684,77.5483114,8525,9370,True,public,camera,170,2023-03-24,2023-03-26T04:09:21Z,2026-09-09T04:20:20Z,candidate-public-outdoor,unknown,https://www.openstreetmap.org/node/10763044557,https://www.thetraffic.in/data/surveillance_cameras.v1.json,ODbL-1.0
node/10763044559,,13.0004739,77.5483026,8525,9370,True,public,camera,260,2023-03-24,2023-03-26T04:09:21Z,2026-09-09T04:20:20Z,candidate-public-outdoor,unknown,https://www.openstreetmap.org/node/10763044559,https://www.thetraffic.in/data/surveillance_cameras.v1.json,ODbL-1.0
node/9814594013,,12.9992756,77.5500466,8526,9291,True,public,camera,160,2022-06-12,2022-06-13T12:31:54Z,2026-09-09T04:20:20Z,candidate-public-outdoor,unknown,https://www.openstreetmap.org/node/9814594013,https://www.thetraffic.in/data/surveillance_cameras.v1.json,ODbL-1.0
node/10819136506,,13.000831,77.5477756,8526,9395,True,public,camera,260,,2023-04-17T08:37:04Z,2026-09-09T04:20:20Z,candidate-public-outdoor,unknown,https://www.openstreetmap.org/node/10819136506,https://www.thetraffic.in/data/surveillance_cameras.v1.json,ODbL-1.0
node/11462952367,,12.9873288,77.580243,8528,7972,True,public,camera,42,,2023-12-28T14:54:30Z,2026-09-09T04:20:20Z,candidate-public-outdoor,unknown,https://www.openstreetmap.org/node/11462952367,https://www.thetraffic.in/data/surveillance_cameras.v1.json,ODbL-1.0
node/11462987569,,12.987328,77.5802299,8528,7973,True,public,camera,320,,2023-12-28T14:54:30Z,2026-09-09T04:20:20Z,candidate-public-outdoor,unknown,https://www.openstreetmap.org/node/11462987569,https://www.thetraffic.in/data/surveillance_cameras.v1.json,ODbL-1.0
node/11462952368,,12.9873192,77.5802388,8529,7973,True,public,camera,220,,2023-12-28T14:54:30Z,2026-09-09T04:20:20Z,candidate-public-outdoor,unknown,https://www.openstreetmap.org/node/11462952368,https://www.thetraffic.in/data/surveillance_cameras.v1.json,ODbL-1.0
node/11462987570,,12.987307,77.580246,8530,7974,True,public,camera,150,,2023-12-28T14:54:30Z,2026-09-09T04:20:20Z,candidate-public-outdoor,unknown,https://www.openstreetmap.org/node/11462987570,https://www.thetraffic.in/data/surveillance_cameras.v1.json,ODbL-1.0
node/10286250869,,12.9876882,77.5778928,8537,8079,True,public,camera,135,,2022-12-25T17:52:48Z,2026-09-09T04:20:20Z,candidate-public-outdoor,unknown,https://www.openstreetmap.org/node/10286250869,https://www.thetraffic.in/data/surveillance_cameras.v1.json,ODbL-1.0
node/10286250868,,12.9876752,77.577882,8539,8081,True,public,camera,225,,2022-12-25T17:52:48Z,2026-09-09T04:20:20Z,candidate-public-outdoor,unknown,https://www.openstreetmap.org/node/10286250868,https://www.thetraffic.in/data/surveillance_cameras.v1.json,ODbL-1.0
node/10819134702,,13.0006977,77.5474564,8558,9432,True,public,camera,170,,2023-04-17T08:37:04Z,2026-09-09T04:20:20Z,candidate-public-outdoor,unknown,https://www.openstreetmap.org/node/10819134702,https://www.thetraffic.in/data/surveillance_cameras.v1.json,ODbL-1.0
node/10819134703,,13.000699,77.5474648,8558,9432,True,public,camera,80,,2023-04-17T08:37:04Z,2026-09-09T04:20:20Z,candidate-public-outdoor,unknown,https://www.openstreetmap.org/node/10819134703,https://www.thetraffic.in/data/surveillance_cameras.v1.json,ODbL-1.0
node/11982363548,,12.9990447,77.5498679,8559,9322,True,public,camera,336,,2024-06-15T05:05:17Z,2026-09-09T04:20:20Z,candidate-public-outdoor,unknown,https://www.openstreetmap.org/node/11982363548,https://www.thetraffic.in/data/surveillance_cameras.v1.json,ODbL-1.0
node/11982363549,,12.9990374,77.5498641,8559,9322,True,public,camera,256,,2024-06-15T05:05:17Z,2026-09-09T04:20:20Z,candidate-public-outdoor,unknown,https://www.openstreetmap.org/node/11982363549,https://www.thetraffic.in/data/surveillance_cameras.v1.json,ODbL-1.0
node/10819134704,,13.0006925,77.547443,8560,9434,True,public,camera,260,,2023-04-17T08:37:04Z,2026-09-09T04:20:20Z,candidate-public-outdoor,unknown,https://www.openstreetmap.org/node/10819134704,https://www.thetraffic.in/data/surveillance_cameras.v1.json,ODbL-1.0
node/11982363550,,12.9990284,77.5498713,8560,9322,True,public,camera,206,,2024-06-15T05:05:17Z,2026-09-09T04:20:20Z,candidate-public-outdoor,unknown,https://www.openstreetmap.org/node/11982363550,https://www.thetraffic.in/data/surveillance_cameras.v1.json,ODbL-1.0
node/8989627064,,12.9858986,77.5894947,8568,7622,True,public,camera,,,2021-08-08T10:47:59Z,2026-09-09T04:20:20Z,candidate-public-outdoor,unknown,https://www.openstreetmap.org/node/8989627064,https://www.thetraffic.in/data/surveillance_cameras.v1.json,ODbL-1.0
node/13011967453,,12.9857718,77.5932833,8569,7467,True,public,camera,280,,2025-07-19T17:16:16Z,2026-09-09T04:20:20Z,candidate-public-outdoor,unknown,https://www.openstreetmap.org/node/13011967453,https://www.thetraffic.in/data/surveillance_cameras.v1.json,ODbL-1.0
node/13011967454,,12.9857636,77.5932907,8569,7467,True,public,camera,190,,2025-07-19T17:16:16Z,2026-09-09T04:20:20Z,candidate-public-outdoor,unknown,https://www.openstreetmap.org/node/13011967454,https://www.thetraffic.in/data/surveillance_cameras.v1.json,ODbL-1.0
node/13011967455,,12.9857646,77.5933024,8569,7467,True,public,camera,100,,2025-07-19T17:16:16Z,2026-09-09T04:20:20Z,candidate-public-outdoor,unknown,https://www.openstreetmap.org/node/13011967455,https://www.thetraffic.in/data/surveillance_cameras.v1.json,ODbL-1.0
node/10573918113,,12.9996059,77.5486409,8582,9395,True,public,camera,170,,2023-01-22T03:55:38Z,2026-09-09T04:20:20Z,candidate-public-outdoor,unknown,https://www.openstreetmap.org/node/10573918113,https://www.thetraffic.in/data/surveillance_cameras.v1.json,ODbL-1.0
node/10573918114,,12.9996161,77.5486386,8582,9394,True,public,camera,350,,2023-01-22T03:55:38Z,2026-09-09T04:20:20Z,candidate-public-outdoor,unknown,https://www.openstreetmap.org/node/10573918114,https://www.thetraffic.in/data/surveillance_cameras.v1.json,ODbL-1.0
node/9814594012,,12.9993128,77.5490282,8585,9379,True,outdoor,camera,250,2022-06-12,2024-01-03T03:35:42Z,2026-09-09T04:20:20Z,candidate-public-outdoor,unknown,https://www.openstreetmap.org/node/9814594012,https://www.thetraffic.in/data/surveillance_cameras.v1.json,ODbL-1.0
node/6990071175,,12.9978803,77.5510852,8594,9291,True,public,camera,,,2019-11-19T15:21:49Z,2026-09-09T04:20:20Z,candidate-public-outdoor,unknown,https://www.openstreetmap.org/node/6990071175,https://www.thetraffic.in/data/surveillance_cameras.v1.json,ODbL-1.0
node/10761493319,,12.9855986,77.5971376,8594,7334,True,public,camera,315,2023-03-24,2023-03-25T16:45:45Z,2026-09-09T04:20:20Z,candidate-public-outdoor,unknown,https://www.openstreetmap.org/node/10761493319,https://www.thetraffic.in/data/surveillance_cameras.v1.json,ODbL-1.0
node/10761493320,,12.9855882,77.5971504,8595,7334,True,public,camera,135,2023-03-24,2023-03-25T16:45:45Z,2026-09-09T04:20:20Z,candidate-public-outdoor,unknown,https://www.openstreetmap.org/node/10761493320,https://www.thetraffic.in/data/surveillance_cameras.v1.json,ODbL-1.0
node/7260965342,Public,12.988913,77.6175621,8603,6542,True,public,camera,,,2020-03-06T05:17:58Z,2026-09-09T04:20:20Z,candidate-public-outdoor,unknown,https://www.openstreetmap.org/node/7260965342,https://www.thetraffic.in/data/surveillance_cameras.v1.json,ODbL-1.0
node/6990071176,,12.9976863,77.5510337,8615,9308,True,public,camera,,,2019-11-19T15:21:49Z,2026-09-09T04:20:20Z,candidate-public-outdoor,unknown,https://www.openstreetmap.org/node/6990071176,https://www.thetraffic.in/data/surveillance_cameras.v1.json,ODbL-1.0
node/12525844607,,12.9877638,77.5742139,8620,8304,True,public,camera,,,2025-01-23T07:54:36Z,2026-09-09T04:20:20Z,candidate-public-outdoor,unknown,https://www.openstreetmap.org/node/12525844607,https://www.thetraffic.in/data/surveillance_cameras.v1.json,ODbL-1.0
node/11222349392,,12.9885792,77.6171081,8624,6581,True,public,camera,211,,2023-09-27T15:43:47Z,2026-09-09T04:20:20Z,candidate-public-outdoor,unknown,https://www.openstreetmap.org/node/11222349392,https://www.thetraffic.in/data/surveillance_cameras.v1.json,ODbL-1.0
node/11222349393,,12.9885792,77.6171081,8624,6581,True,public,camera,121,,2023-09-27T15:42:23Z,2026-09-09T04:20:20Z,candidate-public-outdoor,unknown,https://www.openstreetmap.org/node/11222349393,https://www.thetraffic.in/data/surveillance_cameras.v1.json,ODbL-1.0
node/10833830926,,12.9987778,77.5489246,8641,9422,True,public,camera,80,,2023-04-23T13:21:41Z,2026-09-09T04:20:20Z,candidate-public-outdoor,unknown,https://www.openstreetmap.org/node/10833830926,https://www.thetraffic.in/data/surveillance_cameras.v1.json,ODbL-1.0
node/10833830927,,12.9987732,77.5489205,8641,9423,True,public,camera,170,,2023-04-23T13:21:41Z,2026-09-09T04:20:20Z,candidate-public-outdoor,unknown,https://www.openstreetmap.org/node/10833830927,https://www.thetraffic.in/data/surveillance_cameras.v1.json,ODbL-1.0
node/10833830928,,12.9987788,77.5489192,8641,9423,True,public,camera,350,,2023-04-23T13:21:41Z,2026-09-09T04:20:20Z,candidate-public-outdoor,unknown,https://www.openstreetmap.org/node/10833830928,https://www.thetraffic.in/data/surveillance_cameras.v1.json,ODbL-1.0
node/11222349394,,12.9884542,77.6172299,8641,6594,True,public,camera,,,2023-09-27T15:42:23Z,2026-09-09T04:20:20Z,candidate-public-outdoor,unknown,https://www.openstreetmap.org/node/11222349394,https://www.thetraffic.in/data/surveillance_cameras.v1.json,ODbL-1.0
node/9574153226,,12.9977742,77.5503585,8647,9361,True,public,camera,130,,2022-03-13T03:42:44Z,2026-09-09T04:20:20Z,candidate-public-outdoor,unknown,https://www.openstreetmap.org/node/9574153226,https://www.thetraffic.in/data/surveillance_cameras.v1.json,ODbL-1.0
node/9574153225,,12.9977644,77.5503515,8648,9363,True,public,camera,210,,2022-03-13T03:42:44Z,2026-09-09T04:20:20Z,candidate-public-outdoor,unknown,https://www.openstreetmap.org/node/9574153225,https://www.thetraffic.in/data/surveillance_cameras.v1.json,ODbL-1.0
node/12676261345,,12.9948814,77.5552428,8648,9144,True,public,camera,,,2025-03-18T11:40:04Z,2026-09-09T04:20:20Z,candidate-public-outdoor,unknown,https://www.openstreetmap.org/node/12676261345,https://www.thetraffic.in/data/surveillance_cameras.v1.json,ODbL-1.0
node/10833830931,,12.9976037,77.5504799,8655,9362,True,public,camera,80,,2023-04-23T13:21:41Z,2026-09-09T04:20:20Z,candidate-public-outdoor,unknown,https://www.openstreetmap.org/node/10833830931,https://www.thetraffic.in/data/surveillance_cameras.v1.json,ODbL-1.0
node/10833830929,,12.9975955,77.5504759,8656,9363,True,public,camera,180,,2023-04-23T13:21:41Z,2026-09-09T04:20:20Z,candidate-public-outdoor,unknown,https://www.openstreetmap.org/node/10833830929,https://www.thetraffic.in/data/surveillance_cameras.v1.json,ODbL-1.0
node/10833830930,,12.9976024,77.5504682,8656,9363,True,public,camera,305,,2023-04-23T13:21:41Z,2026-09-09T04:20:20Z,candidate-public-outdoor,unknown,https://www.openstreetmap.org/node/10833830930,https://www.thetraffic.in/data/surveillance_cameras.v1.json,ODbL-1.0
node/9953960423,,12.9975976,77.5504371,8659,9366,True,public,camera,,2022-08-14,2022-08-15T06:03:56Z,2026-09-09T04:20:20Z,candidate-public-outdoor,unknown,https://www.openstreetmap.org/node/9953960423,https://www.thetraffic.in/data/surveillance_cameras.v1.json,ODbL-1.0
node/12722667381,,12.9850028,77.5974265,8661,7386,True,public,camera,22,,2025-04-02T09:27:12Z,2026-09-09T04:20:20Z,candidate-public-outdoor,unknown,https://www.openstreetmap.org/node/12722667381,https://www.thetraffic.in/data/surveillance_cameras.v1.json,ODbL-1.0
node/12676261346,,12.9948132,77.555077,8664,9163,True,public,camera,,,2025-03-18T11:40:04Z,2026-09-09T04:20:20Z,candidate-public-outdoor,unknown,https://www.openstreetmap.org/node/12676261346,https://www.thetraffic.in/data/surveillance_cameras.v1.json,ODbL-1.0
node/12676261347,,12.9948129,77.5550636,8664,9164,True,public,camera,250,,2025-03-18T11:40:04Z,2026-09-09T04:20:20Z,candidate-public-outdoor,unknown,https://www.openstreetmap.org/node/12676261347,https://www.thetraffic.in/data/surveillance_cameras.v1.json,ODbL-1.0
node/9797011359,,12.9856725,77.605378,8666,7075,True,public,camera,,2022-06-05,2022-06-05T17:44:30Z,2026-09-09T04:20:20Z,candidate-public-outdoor,unknown,https://www.openstreetmap.org/node/9797011359,https://www.thetraffic.in/data/surveillance_cameras.v1.json,ODbL-1.0
node/6980190949,,12.9977321,77.5500353,8670,9392,True,public,camera,135,,2019-11-15T16:06:26Z,2026-09-09T04:20:20Z,candidate-public-outdoor,unknown,https://www.openstreetmap.org/node/6980190949,https://www.thetraffic.in/data/surveillance_cameras.v1.json,ODbL-1.0
node/10285926897,,12.9975566,77.5501406,8680,9395,True,public,camera,270,,2022-12-25T13:28:45Z,2026-09-09T04:20:20Z,candidate-public-outdoor,unknown,https://www.openstreetmap.org/node/10285926897,https://www.thetraffic.in/data/surveillance_cameras.v1.json,ODbL-1.0
node/10285926898,,12.9975565,77.5501457,8680,9394,True,public,camera,90,,2022-12-25T13:28:45Z,2026-09-09T04:20:20Z,candidate-public-outdoor,unknown,https://www.openstreetmap.org/node/10285926898,https://www.thetraffic.in/data/surveillance_cameras.v1.json,ODbL-1.0
node/6980190950,,12.9975503,77.5501368,8681,9396,True,public,camera,,,2019-11-19T15:21:49Z,2026-09-09T04:20:20Z,candidate-public-outdoor,unknown,https://www.openstreetmap.org/node/6980190950,https://www.thetraffic.in/data/surveillance_cameras.v1.json,ODbL-1.0
node/9797011360,,12.9854373,77.6054639,8693,7098,True,public,camera,,2022-06-05,2022-06-05T17:44:30Z,2026-09-09T04:20:20Z,candidate-public-outdoor,unknown,https://www.openstreetmap.org/node/9797011360,https://www.thetraffic.in/data/surveillance_cameras.v1.json,ODbL-1.0
node/8989627065,,12.9847499,77.5885163,8703,7783,True,public,camera,,,2021-08-08T10:47:59Z,2026-09-09T04:20:20Z,candidate-public-outdoor,unknown,https://www.openstreetmap.org/node/8989627065,https://www.thetraffic.in/data/surveillance_cameras.v1.json,ODbL-1.0
node/12676261342,,12.9946244,77.5546466,8705,9212,True,public,camera,44,,2025-03-18T11:40:04Z,2026-09-09T04:20:20Z,candidate-public-outdoor,unknown,https://www.openstreetmap.org/node/12676261342,https://www.thetraffic.in/data/surveillance_cameras.v1.json,ODbL-1.0
node/12676261343,,12.9946221,77.5546334,8706,9213,True,public,camera,301,,2025-03-18T11:40:04Z,2026-09-09T04:20:20Z,candidate-public-outdoor,unknown,https://www.openstreetmap.org/node/12676261343,https://www.thetraffic.in/data/surveillance_cameras.v1.json,ODbL-1.0
node/12676261344,,12.9946011,77.5546357,8707,9215,True,public,camera,193,,2025-03-18T11:40:04Z,2026-09-09T04:20:20Z,candidate-public-outdoor,unknown,https://www.openstreetmap.org/node/12676261344,https://www.thetraffic.in/data/surveillance_cameras.v1.json,ODbL-1.0
node/12425607924,,12.9854889,77.5814195,8708,8079,True,public,camera,45,,2024-12-17T16:12:46Z,2026-09-09T04:20:20Z,candidate-public-outdoor,unknown,https://www.openstreetmap.org/node/12425607924,https://www.thetraffic.in/data/surveillance_cameras.v1.json,ODbL-1.0
node/12425607923,,12.9854863,77.5814048,8709,8080,True,public,camera,135,,2024-12-17T16:12:46Z,2026-09-09T04:20:20Z,candidate-public-outdoor,unknown,https://www.openstreetmap.org/node/12425607923,https://www.thetraffic.in/data/surveillance_cameras.v1.json,ODbL-1.0
node/12425607922,,12.9854709,77.5814145,8710,8081,True,public,camera,,,2024-12-17T16:12:46Z,2026-09-09T04:20:20Z,candidate-public-outdoor,unknown,https://www.openstreetmap.org/node/12425607922,https://www.thetraffic.in/data/surveillance_cameras.v1.json,ODbL-1.0
node/12138994443,,12.9846996,77.588177,8711,7805,True,public,camera,200,,2024-08-27T04:13:51Z,2026-09-09T04:20:20Z,candidate-public-outdoor,unknown,https://www.openstreetmap.org/node/12138994443,https://www.thetraffic.in/data/surveillance_cameras.v1.json,ODbL-1.0
node/6449267871,,12.9843792,77.597122,8729,7462,True,public,camera,,2023-10-30,2025-05-11T09:16:52Z,2026-09-09T04:20:20Z,candidate-public-outdoor,unknown,https://www.openstreetmap.org/node/6449267871,https://www.thetraffic.in/data/surveillance_cameras.v1.json,ODbL-1.0
node/10236740410,,12.9843779,77.597102,8729,7463,True,traffic,camera,230,2022-12-04,2022-12-04T13:08:41Z,2026-09-09T04:20:20Z,candidate-public-outdoor,unknown,https://www.openstreetmap.org/node/10236740410,https://www.thetraffic.in/data/surveillance_cameras.v1.json,ODbL-1.0
node/10236751409,,12.9843791,77.5971055,8729,7463,True,traffic,camera,350,2022-12-04,2022-12-04T13:08:41Z,2026-09-09T04:20:20Z,candidate-public-outdoor,unknown,https://www.openstreetmap.org/node/10236751409,https://www.thetraffic.in/data/surveillance_cameras.v1.json,ODbL-1.0
node/7276500298,,12.9844506,77.5884452,8736,7817,True,public,camera,,,2020-03-08T12:03:07Z,2026-09-09T04:20:20Z,candidate-public-outdoor,unknown,https://www.openstreetmap.org/node/7276500298,https://www.thetraffic.in/data/surveillance_cameras.v1.json,ODbL-1.0
node/10183537179,,12.9842232,77.5926577,8742,7652,True,public,camera,,2022-11-13,2022-11-14T16:49:40Z,2026-09-09T04:20:20Z,candidate-public-outdoor,unknown,https://www.openstreetmap.org/node/10183537179,https://www.thetraffic.in/data/surveillance_cameras.v1.json,ODbL-1.0
node/12676261331,,12.9951661,77.5527894,8753,9330,True,public,camera,,,2025-03-18T11:40:04Z,2026-09-09T04:20:20Z,candidate-public-outdoor,unknown,https://www.openstreetmap.org/node/12676261331,https://www.thetraffic.in/data/surveillance_cameras.v1.json,ODbL-1.0
node/7276500299,,12.9843075,77.5881408,8755,7845,True,public,camera,,,2024-08-27T04:13:51Z,2026-09-09T04:20:20Z,candidate-public-outdoor,unknown,https://www.openstreetmap.org/node/7276500299,https://www.thetraffic.in/data/surveillance_cameras.v1.json,ODbL-1.0
node/10183477911,,12.9842154,77.5878605,8767,7868,True,public,camera,30,2022-11-13,2022-11-14T16:20:12Z,2026-09-09T04:20:20Z,candidate-public-outdoor,unknown,https://www.openstreetmap.org/node/10183477911,https://www.thetraffic.in/data/surveillance_cameras.v1.json,ODbL-1.0
node/10183477909,,12.9842056,77.5878478,8768,7870,True,public,camera,270,2022-11-13,2022-11-14T16:20:12Z,2026-09-09T04:20:20Z,candidate-public-outdoor,unknown,https://www.openstreetmap.org/node/10183477909,https://www.thetraffic.in/data/surveillance_cameras.v1.json,ODbL-1.0
node/10129524879,,12.9961473,77.5508624,8769,9426,True,public,camera,80,2022-10-23,2022-10-26T05:35:37Z,2026-09-09T04:20:20Z,candidate-public-outdoor,unknown,https://www.openstreetmap.org/node/10129524879,https://www.thetraffic.in/data/surveillance_cameras.v1.json,ODbL-1.0
node/10183477908,,12.984201,77.5878625,8769,7869,True,public,camera,,2022-11-13,2022-11-14T16:20:12Z,2026-09-09T04:20:20Z,candidate-public-outdoor,unknown,https://www.openstreetmap.org/node/10183477908,https://www.thetraffic.in/data/surveillance_cameras.v1.json,ODbL-1.0
node/10183477910,,12.9841893,77.5878451,8770,7871,True,public,camera,210,2022-11-13,2022-11-14T16:20:12Z,2026-09-09T04:20:20Z,candidate-public-outdoor,unknown,https://www.openstreetmap.org/node/10183477910,https://www.thetraffic.in/data/surveillance_cameras.v1.json,ODbL-1.0
node/9872668721,,12.9961359,77.5508581,8771,9428,True,public,camera,,2022-07-05,2022-07-07T15:48:38Z,2026-09-09T04:20:20Z,candidate-public-outdoor,unknown,https://www.openstreetmap.org/node/9872668721,https://www.thetraffic.in/data/surveillance_cameras.v1.json,ODbL-1.0
node/9861718917,,12.9876707,77.618715,8772,6676,True,outdoor,camera,,2022-07-02,2022-07-02T05:43:55Z,2026-09-09T04:20:20Z,candidate-public-outdoor,unknown,https://www.openstreetmap.org/node/9861718917,https://www.thetraffic.in/data/surveillance_cameras.v1.json,ODbL-1.0
node/9861719017,,12.9876345,77.6187845,8779,6680,True,outdoor,camera,,2022-07-02,2022-07-02T05:43:56Z,2026-09-09T04:20:20Z,candidate-public-outdoor,unknown,https://www.openstreetmap.org/node/9861719017,https://www.thetraffic.in/data/surveillance_cameras.v1.json,ODbL-1.0
node/6491000935,,12.9838335,77.5941759,8784,7630,True,,,,,2019-05-22T12:34:47Z,2026-09-09T04:20:20Z,excluded-non-camera,unknown,https://www.openstreetmap.org/node/6491000935,https://www.thetraffic.in/data/surveillance_cameras.v1.json,ODbL-1.0
node/6490999692,,12.9838179,77.5941061,8785,7635,True,,,,,2019-05-22T12:34:30Z,2026-09-09T04:20:20Z,excluded-non-camera,unknown,https://www.openstreetmap.org/node/6490999692,https://www.thetraffic.in/data/surveillance_cameras.v1.json,ODbL-1.0
node/11102274272,,12.9961777,77.5505081,8787,9455,True,public,camera,160,,2023-08-09T16:48:52Z,2026-09-09T04:20:20Z,candidate-public-outdoor,unknown,https://www.openstreetmap.org/node/11102274272,https://www.thetraffic.in/data/surveillance_cameras.v1.json,ODbL-1.0
node/6718214928,,12.9839336,77.5876995,8800,7904,True,public,camera,0,,2021-08-08T10:47:59Z,2026-09-09T04:20:20Z,candidate-public-outdoor,unknown,https://www.openstreetmap.org/node/6718214928,https://www.thetraffic.in/data/surveillance_cameras.v1.json,ODbL-1.0
node/6718151859,,12.9839198,77.5877255,8801,7904,True,public,camera,0,,2021-08-08T10:47:59Z,2026-09-09T04:20:20Z,candidate-public-outdoor,unknown,https://www.openstreetmap.org/node/6718151859,https://www.thetraffic.in/data/surveillance_cameras.v1.json,ODbL-1.0
node/6991288265,,12.9837355,77.5907782,8802,7782,True,public,camera,,,2019-12-13T01:10:30Z,2026-09-09T04:20:20Z,candidate-public-outdoor,unknown,https://www.openstreetmap.org/node/6991288265,https://www.thetraffic.in/data/surveillance_cameras.v1.json,ODbL-1.0
node/8989627067,,12.9839067,77.5877526,8802,7904,True,public,camera,0,,2021-08-08T10:47:59Z,2026-09-09T04:20:20Z,candidate-public-outdoor,unknown,https://www.openstreetmap.org/node/8989627067,https://www.thetraffic.in/data/surveillance_cameras.v1.json,ODbL-1.0
node/9910013002,,12.9844624,77.5822413,8808,8131,True,public,camera,,2022-07-23,2022-07-25T17:10:17Z,2026-09-09T04:20:20Z,candidate-public-outdoor,unknown,https://www.openstreetmap.org/node/9910013002,https://www.thetraffic.in/data/surveillance_cameras.v1.json,ODbL-1.0
node/11214889015,,12.9836169,77.5948276,8808,7627,True,public,camera,280,,2023-09-24T04:32:45Z,2026-09-09T04:20:20Z,candidate-public-outdoor,unknown,https://www.openstreetmap.org/node/11214889015,https://www.thetraffic.in/data/surveillance_cameras.v1.json,ODbL-1.0
node/11951628562,,12.9843304,77.5822403,8822,8144,True,public,camera,342,,2024-06-02T10:25:10Z,2026-09-09T04:20:20Z,candidate-public-outdoor,unknown,https://www.openstreetmap.org/node/11951628562,https://www.thetraffic.in/data/surveillance_cameras.v1.json,ODbL-1.0
node/11951628560,,12.9843199,77.582237,8823,8145,True,public,camera,247,,2024-06-02T10:25:10Z,2026-09-09T04:20:20Z,candidate-public-outdoor,unknown,https://www.openstreetmap.org/node/11951628560,https://www.thetraffic.in/data/surveillance_cameras.v1.json,ODbL-1.0
node/11951628561,,12.9843261,77.5822504,8823,8144,True,public,camera,68,,2024-06-02T10:25:10Z,2026-09-09T04:20:20Z,candidate-public-outdoor,unknown,https://www.openstreetmap.org/node/11951628561,https://www.thetraffic.in/data/surveillance_cameras.v1.json,ODbL-1.0
node/7193004390,,12.9871231,77.6191048,8843,6736,True,public,camera,,,2020-02-09T18:19:52Z,2026-09-09T04:20:20Z,candidate-public-outdoor,unknown,https://www.openstreetmap.org/node/7193004390,https://www.thetraffic.in/data/surveillance_cameras.v1.json,ODbL-1.0
node/12686350441,,12.9833177,77.5957108,8843,7625,True,public,camera,,,2025-03-21T05:43:34Z,2026-09-09T04:20:20Z,candidate-public-outdoor,unknown,https://www.openstreetmap.org/node/12686350441,https://www.thetraffic.in/data/surveillance_cameras.v1.json,ODbL-1.0
node/6991244884,,12.9832836,77.5917672,8848,7786,True,public,camera,,,2019-12-13T01:10:30Z,2026-09-09T04:20:20Z,candidate-public-outdoor,unknown,https://www.openstreetmap.org/node/6991244884,https://www.thetraffic.in/data/surveillance_cameras.v1.json,ODbL-1.0
node/6991289200,,12.9832403,77.5922255,8852,7771,True,public,camera,,2022-08-01,2022-08-02T03:20:36Z,2026-09-09T04:20:20Z,candidate-public-outdoor,unknown,https://www.openstreetmap.org/node/6991289200,https://www.thetraffic.in/data/surveillance_cameras.v1.json,ODbL-1.0
node/12788682231,,12.9862658,77.6167097,8859,6840,True,public,camera,280,,2025-04-26T16:12:00Z,2026-09-09T04:20:20Z,candidate-public-outdoor,unknown,https://www.openstreetmap.org/node/12788682231,https://www.thetraffic.in/data/surveillance_cameras.v1.json,ODbL-1.0
node/12788682230,,12.9862501,77.6167365,8861,6841,True,public,camera,10,,2025-04-26T16:12:00Z,2026-09-09T04:20:20Z,candidate-public-outdoor,unknown,https://www.openstreetmap.org/node/12788682230,https://www.thetraffic.in/data/surveillance_cameras.v1.json,ODbL-1.0
node/6634087136,,12.9831481,77.5958763,8862,7636,True,public,camera,,,2024-02-24T13:54:28Z,2026-09-09T04:20:20Z,candidate-public-outdoor,unknown,https://www.openstreetmap.org/node/6634087136,https://www.thetraffic.in/data/surveillance_cameras.v1.json,ODbL-1.0
node/12147208912,,12.9831403,77.5958669,8863,7637,True,public,camera,42,,2024-08-31T05:13:00Z,2026-09-09T04:20:20Z,candidate-public-outdoor,unknown,https://www.openstreetmap.org/node/12147208912,https://www.thetraffic.in/data/surveillance_cameras.v1.json,ODbL-1.0
node/12676261335,,12.9930262,77.5545866,8863,9332,True,public,camera,352,,2025-03-18T11:40:04Z,2026-09-09T04:20:20Z,candidate-public-outdoor,unknown,https://www.openstreetmap.org/node/12676261335,https://www.thetraffic.in/data/surveillance_cameras.v1.json,ODbL-1.0
node/12788682229,,12.9862416,77.6167593,8863,6842,True,public,camera,100,,2025-04-26T16:12:00Z,2026-09-09T04:20:20Z,candidate-public-outdoor,unknown,https://www.openstreetmap.org/node/12788682229,https://www.thetraffic.in/data/surveillance_cameras.v1.json,ODbL-1.0
node/12676261337,,12.9930183,77.5545742,8864,9333,True,public,camera,,,2025-03-18T11:40:04Z,2026-09-09T04:20:20Z,candidate-public-outdoor,unknown,https://www.openstreetmap.org/node/12676261337,https://www.thetraffic.in/data/surveillance_cameras.v1.json,ODbL-1.0
node/12676261336,,12.9930097,77.5545866,8865,9333,True,public,camera,187,,2025-03-18T11:40:04Z,2026-09-09T04:20:20Z,candidate-public-outdoor,unknown,https://www.openstreetmap.org/node/12676261336,https://www.thetraffic.in/data/surveillance_cameras.v1.json,ODbL-1.0
node/10236740310,,12.9830786,77.5956072,8869,7654,True,traffic,camera,30,2022-12-04,2024-08-31T15:30:57Z,2026-09-09T04:20:20Z,candidate-public-outdoor,unknown,https://www.openstreetmap.org/node/10236740310,https://www.thetraffic.in/data/surveillance_cameras.v1.json,ODbL-1.0
node/10236741409,,12.9830797,77.5955898,8869,7654,True,traffic,camera,30,2022-12-04,2024-08-31T15:30:57Z,2026-09-09T04:20:20Z,candidate-public-outdoor,unknown,https://www.openstreetmap.org/node/10236741409,https://www.thetraffic.in/data/surveillance_cameras.v1.json,ODbL-1.0
node/10236741410,,12.9830726,77.5955999,8870,7654,True,traffic,camera,30,2022-12-04,2024-08-31T15:30:57Z,2026-09-09T04:20:20Z,candidate-public-outdoor,unknown,https://www.openstreetmap.org/node/10236741410,https://www.thetraffic.in/data/surveillance_cameras.v1.json,ODbL-1.0
node/9828707243,,12.9838175,77.6060868,8881,7260,True,public,camera,,,2022-06-18T17:51:40Z,2026-09-09T04:20:20Z,candidate-public-outdoor,unknown,https://www.openstreetmap.org/node/9828707243,https://www.thetraffic.in/data/surveillance_cameras.v1.json,ODbL-1.0
node/11391159319,,12.9829677,77.5923294,8882,7794,True,public,camera,15,,2023-12-03T05:54:28Z,2026-09-09T04:20:20Z,candidate-public-outdoor,unknown,https://www.openstreetmap.org/node/11391159319,https://www.thetraffic.in/data/surveillance_cameras.v1.json,ODbL-1.0
node/11391159320,,12.9829585,77.5923172,8883,7796,True,public,camera,306,,2023-12-03T05:54:28Z,2026-09-09T04:20:20Z,candidate-public-outdoor,unknown,https://www.openstreetmap.org/node/11391159320,https://www.thetraffic.in/data/surveillance_cameras.v1.json,ODbL-1.0
node/11391159321,,12.9829376,77.5923227,8885,7798,True,public,camera,188,,2023-12-03T05:54:28Z,2026-09-09T04:20:20Z,candidate-public-outdoor,unknown,https://www.openstreetmap.org/node/11391159321,https://www.thetraffic.in/data/surveillance_cameras.v1.json,ODbL-1.0
node/9828707249,,12.9837462,77.6066179,8898,7256,True,public,camera,,,2022-06-18T17:51:40Z,2026-09-09T04:20:20Z,candidate-public-outdoor,unknown,https://www.openstreetmap.org/node/9828707249,https://www.thetraffic.in/data/surveillance_cameras.v1.json,ODbL-1.0
node/9797011357,,12.9839563,77.6081216,8901,7202,True,public,camera,,2022-06-05,2022-06-05T17:44:30Z,2026-09-09T04:20:20Z,candidate-public-outdoor,unknown,https://www.openstreetmap.org/node/9797011357,https://www.thetraffic.in/data/surveillance_cameras.v1.json,ODbL-1.0
node/9214580914,,12.9828195,77.5970689,8902,7628,True,public,camera,,,2024-01-02T06:42:26Z,2026-09-09T04:20:20Z,candidate-public-outdoor,unknown,https://www.openstreetmap.org/node/9214580914,https://www.thetraffic.in/data/surveillance_cameras.v1.json,ODbL-1.0
node/12686350439,,12.9827778,77.5972135,8907,7627,True,public,camera,,,2025-03-21T05:43:34Z,2026-09-09T04:20:20Z,candidate-public-outdoor,unknown,https://www.openstreetmap.org/node/12686350439,https://www.thetraffic.in/data/surveillance_cameras.v1.json,ODbL-1.0
node/12336002267,,12.9845279,77.6117648,8915,7080,True,outdoor,camera,78,,2024-11-13T02:59:09Z,2026-09-09T04:20:20Z,candidate-public-outdoor,unknown,https://www.openstreetmap.org/node/12336002267,https://www.thetraffic.in/data/surveillance_cameras.v1.json,ODbL-1.0
node/12336025755,,12.9845279,77.6117648,8915,7080,True,outdoor,camera,4,,2024-11-13T02:59:28Z,2026-09-09T04:20:20Z,candidate-public-outdoor,unknown,https://www.openstreetmap.org/node/12336025755,https://www.thetraffic.in/data/surveillance_cameras.v1.json,ODbL-1.0
node/7192993142,,12.9826028,77.5923256,8923,7832,True,public,camera,,2024-07-15,2024-07-15T17:57:16Z,2026-09-09T04:20:20Z,candidate-public-outdoor,unknown,https://www.openstreetmap.org/node/7192993142,https://www.thetraffic.in/data/surveillance_cameras.v1.json,ODbL-1.0
node/6854553471,,12.9875487,77.6227879,8929,6695,True,outdoor,camera,,,2019-10-06T10:28:21Z,2026-09-09T04:20:20Z,candidate-public-outdoor,unknown,https://www.openstreetmap.org/node/6854553471,https://www.thetraffic.in/data/surveillance_cameras.v1.json,ODbL-1.0
node/7274657662,,12.9840012,77.5783765,8929,8393,True,public,camera,,,2020-03-08T18:49:53Z,2026-09-09T04:20:20Z,candidate-public-outdoor,unknown,https://www.openstreetmap.org/node/7274657662,https://www.thetraffic.in/data/surveillance_cameras.v1.json,ODbL-1.0
node/9797011362,,12.9826975,77.6018764,8950,7488,True,public,camera,290,2022-06-05,2022-06-05T17:44:30Z,2026-09-09T04:20:20Z,candidate-public-outdoor,unknown,https://www.openstreetmap.org/node/9797011362,https://www.thetraffic.in/data/surveillance_cameras.v1.json,ODbL-1.0
node/9797011363,,12.98264,77.6020373,8958,7489,True,public,camera,290,2022-06-05,2022-06-05T17:44:30Z,2026-09-09T04:20:20Z,candidate-public-outdoor,unknown,https://www.openstreetmap.org/node/9797011363,https://www.thetraffic.in/data/surveillance_cameras.v1.json,ODbL-1.0
node/12676261332,,12.9931129,77.5526008,8961,9490,True,public,camera,4,,2025-03-18T11:40:04Z,2026-09-09T04:20:20Z,candidate-public-outdoor,unknown,https://www.openstreetmap.org/node/12676261332,https://www.thetraffic.in/data/surveillance_cameras.v1.json,ODbL-1.0
node/12480291401,,12.9871551,77.6225797,8963,6738,True,public,camera,315,,2025-01-07T11:56:09Z,2026-09-09T04:20:20Z,candidate-public-outdoor,unknown,https://www.openstreetmap.org/node/12480291401,https://www.thetraffic.in/data/surveillance_cameras.v1.json,ODbL-1.0
node/12676261333,,12.9930874,77.5526096,8963,9491,True,public,camera,92,,2025-03-18T11:40:04Z,2026-09-09T04:20:20Z,candidate-public-outdoor,unknown,https://www.openstreetmap.org/node/12676261333,https://www.thetraffic.in/data/surveillance_cameras.v1.json,ODbL-1.0
node/9797011364,,12.9826008,77.6021849,8964,7490,True,public,camera,290,2022-06-05,2022-06-05T17:44:30Z,2026-09-09T04:20:20Z,candidate-public-outdoor,unknown,https://www.openstreetmap.org/node/9797011364,https://www.thetraffic.in/data/surveillance_cameras.v1.json,ODbL-1.0
node/12676261334,,12.9930676,77.5525968,8965,9493,True,public,camera,171,,2025-03-18T11:40:04Z,2026-09-09T04:20:20Z,candidate-public-outdoor,unknown,https://www.openstreetmap.org/node/12676261334,https://www.thetraffic.in/data/surveillance_cameras.v1.json,ODbL-1.0
node/6991290486,,12.9820925,77.593935,8977,7820,True,public,camera,,,2019-12-17T18:16:42Z,2026-09-09T04:20:20Z,candidate-public-outdoor,unknown,https://www.openstreetmap.org/node/6991290486,https://www.thetraffic.in/data/surveillance_cameras.v1.json,ODbL-1.0
node/11915152153,,12.9834738,77.6094633,8979,7231,True,outdoor,camera,,,2024-05-18T08:17:06Z,2026-09-09T04:20:20Z,candidate-public-outdoor,unknown,https://www.openstreetmap.org/node/11915152153,https://www.thetraffic.in/data/surveillance_cameras.v1.json,ODbL-1.0
node/9828707256,,12.9829517,77.6063161,8980,7349,True,public,camera,,,2022-06-18T17:51:40Z,2026-09-09T04:20:20Z,candidate-public-outdoor,unknown,https://www.openstreetmap.org/node/9828707256,https://www.thetraffic.in/data/surveillance_cameras.v1.json,ODbL-1.0
node/10236740309,,12.9820545,77.594918,8982,7786,True,traffic,camera,200,2022-12-04,2022-12-04T13:13:37Z,2026-09-09T04:20:20Z,candidate-public-outdoor,unknown,https://www.openstreetmap.org/node/10236740309,https://www.thetraffic.in/data/surveillance_cameras.v1.json,ODbL-1.0
node/10236740409,,12.9820576,77.5949127,8982,7786,True,traffic,camera,200,2022-12-04,2022-12-04T13:13:37Z,2026-09-09T04:20:20Z,candidate-public-outdoor,unknown,https://www.openstreetmap.org/node/10236740409,https://www.thetraffic.in/data/surveillance_cameras.v1.json,ODbL-1.0
node/12139259385,,12.9821055,77.5987949,8990,7645,True,public,camera,10,,2024-08-27T06:23:10Z,2026-09-09T04:20:20Z,candidate-public-outdoor,unknown,https://www.openstreetmap.org/node/12139259385,https://www.thetraffic.in/data/surveillance_cameras.v1.json,ODbL-1.0
node/12139259386,,12.9821085,77.5987858,8990,7645,True,public,camera,,,2024-08-27T06:23:10Z,2026-09-09T04:20:20Z,candidate-public-outdoor,unknown,https://www.openstreetmap.org/node/12139259386,https://www.thetraffic.in/data/surveillance_cameras.v1.json,ODbL-1.0
node/12139259384,,12.9821006,77.5987925,8991,7645,True,public,camera,190,,2024-08-27T06:23:10Z,2026-09-09T04:20:20Z,candidate-public-outdoor,unknown,https://www.openstreetmap.org/node/12139259384,https://www.thetraffic.in/data/surveillance_cameras.v1.json,ODbL-1.0
node/6897206236,,12.9836645,77.611034,8992,7185,True,public,camera,,,2019-10-19T03:52:48Z,2026-09-09T04:20:20Z,candidate-public-outdoor,unknown,https://www.openstreetmap.org/node/6897206236,https://www.thetraffic.in/data/surveillance_cameras.v1.json,ODbL-1.0
node/9884338819,,12.9819079,77.594574,8998,7815,True,public,camera,,2022-07-13,2022-07-13T05:33:57Z,2026-09-09T04:20:20Z,candidate-public-outdoor,unknown,https://www.openstreetmap.org/node/9884338819,https://www.thetraffic.in/data/surveillance_cameras.v1.json,ODbL-1.0
node/9884342518,,12.9819079,77.594574,8998,7815,True,public,camera,270,2022-07-13,2022-07-13T05:33:58Z,2026-09-09T04:20:20Z,candidate-public-outdoor,unknown,https://www.openstreetmap.org/node/9884342518,https://www.thetraffic.in/data/surveillance_cameras.v1.json,ODbL-1.0
node/7192990716,,12.9818757,77.5948141,9002,7809,True,public,camera,,,2020-02-09T18:26:04Z,2026-09-09T04:20:20Z,candidate-public-outdoor,unknown,https://www.openstreetmap.org/node/7192990716,https://www.thetraffic.in/data/surveillance_cameras.v1.json,ODbL-1.0
node/10279677011,,12.9818533,77.5944527,9004,7825,True,public,camera,,,2022-12-22T08:19:14Z,2026-09-09T04:20:20Z,candidate-public-outdoor,unknown,https://www.openstreetmap.org/node/10279677011,https://www.thetraffic.in/data/surveillance_cameras.v1.json,ODbL-1.0
node/9797011356,,12.9832516,77.6101457,9018,7244,True,public,camera,,2022-06-05,2022-06-05T17:44:30Z,2026-09-09T04:20:20Z,candidate-public-outdoor,unknown,https://www.openstreetmap.org/node/9797011356,https://www.thetraffic.in/data/surveillance_cameras.v1.json,ODbL-1.0
node/9828707261,,12.9826903,77.6070397,9021,7362,True,public,camera,,,2022-06-18T17:51:40Z,2026-09-09T04:20:20Z,candidate-public-outdoor,unknown,https://www.openstreetmap.org/node/9828707261,https://www.thetraffic.in/data/surveillance_cameras.v1.json,ODbL-1.0
node/9797011355,,12.9831516,77.610729,9041,7246,True,public,camera,,2022-06-05,2022-06-05T17:44:30Z,2026-09-09T04:20:20Z,candidate-public-outdoor,unknown,https://www.openstreetmap.org/node/9797011355,https://www.thetraffic.in/data/surveillance_cameras.v1.json,ODbL-1.0
node/12138994484,,12.9817827,77.5866508,9048,8169,True,public,camera,200,,2024-08-27T04:13:51Z,2026-09-09T04:20:20Z,candidate-public-outdoor,unknown,https://www.openstreetmap.org/node/12138994484,https://www.thetraffic.in/data/surveillance_cameras.v1.json,ODbL-1.0
node/6718198478,,12.9816494,77.5865378,9064,8187,True,public,camera,,2024-07-06,2024-07-06T01:13:53Z,2026-09-09T04:20:20Z,candidate-public-outdoor,unknown,https://www.openstreetmap.org/node/6718198478,https://www.thetraffic.in/data/surveillance_cameras.v1.json,ODbL-1.0
node/11951612841,,12.981264,77.5962735,9072,7819,True,public,camera,,,2024-06-02T10:12:57Z,2026-09-09T04:20:20Z,candidate-public-outdoor,unknown,https://www.openstreetmap.org/node/11951612841,https://www.thetraffic.in/data/surveillance_cameras.v1.json,ODbL-1.0
node/8240881788,,12.9990532,77.5418499,9073,10041,True,public,camera,250,,2020-12-18T16:26:57Z,2026-09-09T04:20:20Z,candidate-public-outdoor,unknown,https://www.openstreetmap.org/node/8240881788,https://www.thetraffic.in/data/surveillance_cameras.v1.json,ODbL-1.0
node/8240881790,,12.9994485,77.5411458,9086,10082,True,public,camera,,,2020-12-18T16:26:57Z,2026-09-09T04:20:20Z,candidate-public-outdoor,unknown,https://www.openstreetmap.org/node/8240881790,https://www.thetraffic.in/data/surveillance_cameras.v1.json,ODbL-1.0
node/8240881792,,12.9994708,77.541082,9089,10087,True,public,camera,40,,2020-12-18T16:26:57Z,2026-09-09T04:20:20Z,candidate-public-outdoor,unknown,https://www.openstreetmap.org/node/8240881792,https://www.thetraffic.in/data/surveillance_cameras.v1.json,ODbL-1.0
node/8240881791,,12.9994597,77.5410702,9090,10088,True,public,camera,160,,2020-12-18T16:26:57Z,2026-09-09T04:20:20Z,candidate-public-outdoor,unknown,https://www.openstreetmap.org/node/8240881791,https://www.thetraffic.in/data/surveillance_cameras.v1.json,ODbL-1.0
node/9796232698,,12.9828589,77.6115438,9091,7267,True,public,camera,,2022-06-05,2022-06-05T08:43:14Z,2026-09-09T04:20:20Z,candidate-public-outdoor,unknown,https://www.openstreetmap.org/node/9796232698,https://www.thetraffic.in/data/surveillance_cameras.v1.json,ODbL-1.0
node/10834070262,,12.9924861,77.5512806,9093,9644,True,public,camera,90,,2023-04-23T15:25:40Z,2026-09-09T04:20:20Z,candidate-public-outdoor,unknown,https://www.openstreetmap.org/node/10834070262,https://www.thetraffic.in/data/surveillance_cameras.v1.json,ODbL-1.0
node/10834070261,,12.9924874,77.5512658,9094,9646,True,public,camera,270,,2023-04-23T15:25:40Z,2026-09-09T04:20:20Z,candidate-public-outdoor,unknown,https://www.openstreetmap.org/node/10834070261,https://www.thetraffic.in/data/surveillance_cameras.v1.json,ODbL-1.0
node/10761493377,,12.9811169,77.5985169,9098,7759,True,public,camera,,2023-03-24,2023-03-25T16:45:45Z,2026-09-09T04:20:20Z,candidate-public-outdoor,unknown,https://www.openstreetmap.org/node/10761493377,https://www.thetraffic.in/data/surveillance_cameras.v1.json,ODbL-1.0
node/10243804409,,12.981017,77.5970268,9102,7819,True,traffic,camera,350,2022-12-07,2022-12-07T05:10:38Z,2026-09-09T04:20:20Z,candidate-public-outdoor,unknown,https://www.openstreetmap.org/node/10243804409,https://www.thetraffic.in/data/surveillance_cameras.v1.json,ODbL-1.0
node/10761493378,,12.9810725,77.5984968,9103,7764,True,public,camera,290,2023-03-24,2023-03-25T16:45:45Z,2026-09-09T04:20:20Z,candidate-public-outdoor,unknown,https://www.openstreetmap.org/node/10761493378,https://www.thetraffic.in/data/surveillance_cameras.v1.json,ODbL-1.0
node/10761493379,,12.9810614,77.5985096,9105,7765,True,public,camera,200,2023-03-24,2023-03-25T16:45:45Z,2026-09-09T04:20:20Z,candidate-public-outdoor,unknown,https://www.openstreetmap.org/node/10761493379,https://www.thetraffic.in/data/surveillance_cameras.v1.json,ODbL-1.0
node/9796560893,,12.9812136,77.6013809,9109,7661,True,public,camera,315,2022-06-05,2022-06-05T13:06:02Z,2026-09-09T04:20:20Z,candidate-public-outdoor,unknown,https://www.openstreetmap.org/node/9796560893,https://www.thetraffic.in/data/surveillance_cameras.v1.json,ODbL-1.0
node/8951144895,,12.9829461,77.6129067,9113,7240,True,,,,,2021-07-26T11:15:01Z,2026-09-09T04:20:20Z,excluded-non-camera,unknown,https://www.openstreetmap.org/node/8951144895,https://www.thetraffic.in/data/surveillance_cameras.v1.json,ODbL-1.0
node/8951151784,,12.9829082,77.6128993,9117,7244,True,,,,,2021-07-26T11:14:52Z,2026-09-09T04:20:20Z,excluded-non-camera,unknown,https://www.openstreetmap.org/node/8951151784,https://www.thetraffic.in/data/surveillance_cameras.v1.json,ODbL-1.0
node/12147157736,,12.9809026,77.5984559,9122,7783,True,public,camera,196,,2024-08-31T04:11:38Z,2026-09-09T04:20:20Z,candidate-public-outdoor,unknown,https://www.openstreetmap.org/node/12147157736,https://www.thetraffic.in/data/surveillance_cameras.v1.json,ODbL-1.0
node/6449379358,,12.9807772,77.5974151,9131,7831,True,public,camera,,,2019-12-17T18:16:28Z,2026-09-09T04:20:20Z,candidate-public-outdoor,unknown,https://www.openstreetmap.org/node/6449379358,https://www.thetraffic.in/data/surveillance_cameras.v1.json,ODbL-1.0
node/11915100544,,12.9819979,77.609026,9132,7400,True,outdoor,camera,109,,2024-05-18T08:15:51Z,2026-09-09T04:20:20Z,candidate-public-outdoor,unknown,https://www.openstreetmap.org/node/11915100544,https://www.thetraffic.in/data/surveillance_cameras.v1.json,ODbL-1.0
node/10834070260,,12.9894988,77.5559697,9140,9482,True,public,camera,0,,2023-04-23T15:25:40Z,2026-09-09T04:20:20Z,candidate-public-outdoor,unknown,https://www.openstreetmap.org/node/10834070260,https://www.thetraffic.in/data/surveillance_cameras.v1.json,ODbL-1.0
node/10243804509,,12.9806783,77.5972575,9141,7847,True,traffic,camera,143,2022-12-07,2022-12-07T05:10:40Z,2026-09-09T04:20:20Z,candidate-public-outdoor,unknown,https://www.openstreetmap.org/node/10243804509,https://www.thetraffic.in/data/surveillance_cameras.v1.json,ODbL-1.0
node/10834070259,,12.9894883,77.5559691,9141,9483,True,public,camera,180,,2023-04-23T15:25:40Z,2026-09-09T04:20:20Z,candidate-public-outdoor,unknown,https://www.openstreetmap.org/node/10834070259,https://www.thetraffic.in/data/surveillance_cameras.v1.json,ODbL-1.0
node/10228079217,,12.980586,77.5964912,9148,7883,True,indoor,camera,,2022-11-28,2022-11-30T11:01:51Z,2026-09-09T04:20:20Z,excluded-private-or-indoor,unknown,https://www.openstreetmap.org/node/10228079217,https://www.thetraffic.in/data/surveillance_cameras.v1.json,ODbL-1.0
node/9910000917,,12.9895132,77.5556876,9152,9503,True,public,camera,,2022-07-23,2022-07-25T16:25:55Z,2026-09-09T04:20:20Z,candidate-public-outdoor,unknown,https://www.openstreetmap.org/node/9910000917,https://www.thetraffic.in/data/surveillance_cameras.v1.json,ODbL-1.0
node/12530833134,,12.9816227,77.6080435,9155,7459,True,public,camera,80,,2025-01-25T03:26:39Z,2026-09-09T04:20:20Z,candidate-public-outdoor,unknown,https://www.openstreetmap.org/node/12530833134,https://www.thetraffic.in/data/surveillance_cameras.v1.json,ODbL-1.0
node/7213565416,Mariamma temple,12.9946193,77.6415835,9165,6351,True,,,,,2020-02-15T07:56:36Z,2026-09-09T04:20:20Z,excluded-non-camera,unknown,https://www.openstreetmap.org/node/7213565416,https://www.thetraffic.in/data/surveillance_cameras.v1.json,ODbL-1.0
node/6449379510,,12.9803563,77.5970834,9176,7887,True,public,,,,2019-05-05T12:10:44Z,2026-09-09T04:20:20Z,excluded-non-camera,unknown,https://www.openstreetmap.org/node/6449379510,https://www.thetraffic.in/data/surveillance_cameras.v1.json,ODbL-1.0
node/6449373830,,12.9803297,77.596906,9178,7896,True,public,,,,2019-05-05T12:10:45Z,2026-09-09T04:20:20Z,excluded-non-camera,unknown,https://www.openstreetmap.org/node/6449373830,https://www.thetraffic.in/data/surveillance_cameras.v1.json,ODbL-1.0
node/7276466243,,12.9899188,77.5543661,9178,9578,True,public,camera,,,2020-03-08T12:19:10Z,2026-09-09T04:20:20Z,candidate-public-outdoor,unknown,https://www.openstreetmap.org/node/7276466243,https://www.thetraffic.in/data/surveillance_cameras.v1.json,ODbL-1.0
node/11402753340,,12.9801326,77.5967216,9200,7923,True,public,guard,,,2023-12-08T08:40:26Z,2026-09-09T04:20:20Z,excluded-non-camera,unknown,https://www.openstreetmap.org/node/11402753340,https://www.thetraffic.in/data/surveillance_cameras.v1.json,ODbL-1.0
node/11951612840,,12.9801415,77.5972784,9201,7903,True,public,camera,,,2024-06-02T10:12:57Z,2026-09-09T04:20:20Z,candidate-public-outdoor,unknown,https://www.openstreetmap.org/node/11951612840,https://www.thetraffic.in/data/surveillance_cameras.v1.json,ODbL-1.0
node/6897227488,,12.9815112,77.6102651,9210,7434,True,public,camera,270,,2022-08-27T07:34:08Z,2026-09-09T04:20:20Z,candidate-public-outdoor,unknown,https://www.openstreetmap.org/node/6897227488,https://www.thetraffic.in/data/surveillance_cameras.v1.json,ODbL-1.0
node/6897239931,,12.9815141,77.6102697,9210,7433,True,public,camera,,,2022-08-27T07:34:08Z,2026-09-09T04:20:20Z,candidate-public-outdoor,unknown,https://www.openstreetmap.org/node/6897239931,https://www.thetraffic.in/data/surveillance_cameras.v1.json,ODbL-1.0
node/10834070258,,12.9883763,77.5560106,9249,9564,True,public,camera,0,,2023-04-23T15:25:40Z,2026-09-09T04:20:20Z,candidate-public-outdoor,unknown,https://www.openstreetmap.org/node/10834070258,https://www.thetraffic.in/data/surveillance_cameras.v1.json,ODbL-1.0
node/10834070256,,12.9883674,77.5560106,9250,9565,True,public,camera,180,,2023-04-23T15:25:40Z,2026-09-09T04:20:20Z,candidate-public-outdoor,unknown,https://www.openstreetmap.org/node/10834070256,https://www.thetraffic.in/data/surveillance_cameras.v1.json,ODbL-1.0
node/10834070257,,12.9883723,77.556015,9250,9564,True,public,camera,90,,2023-04-23T15:25:40Z,2026-09-09T04:20:20Z,candidate-public-outdoor,unknown,https://www.openstreetmap.org/node/10834070257,https://www.thetraffic.in/data/surveillance_cameras.v1.json,ODbL-1.0
node/13389967600,,12.9974605,77.5412817,9250,10189,True,public,camera,294,,2025-12-20T04:52:53Z,2026-09-09T04:20:20Z,candidate-public-outdoor,unknown,https://www.openstreetmap.org/node/13389967600,https://www.thetraffic.in/data/surveillance_cameras.v1.json,ODbL-1.0
node/13390022801,,12.997451,77.5412942,9250,10189,True,public,camera,129,,2025-12-20T04:52:53Z,2026-09-09T04:20:20Z,candidate-public-outdoor,unknown,https://www.openstreetmap.org/node/13390022801,https://www.thetraffic.in/data/surveillance_cameras.v1.json,ODbL-1.0
node/13390025141,,12.9966975,77.5422581,9252,10148,True,public,camera,89,,2025-12-20T05:02:33Z,2026-09-09T04:20:20Z,candidate-public-outdoor,unknown,https://www.openstreetmap.org/node/13390025141,https://www.thetraffic.in/data/surveillance_cameras.v1.json,ODbL-1.0
node/13390025142,,12.996703,77.54225,9252,10148,True,public,camera,348,,2025-12-20T05:02:33Z,2026-09-09T04:20:20Z,candidate-public-outdoor,unknown,https://www.openstreetmap.org/node/13390025142,https://www.thetraffic.in/data/surveillance_cameras.v1.json,ODbL-1.0
node/13390025143,,12.9966935,77.5422415,9253,10150,True,public,camera,224,,2025-12-20T05:02:33Z,2026-09-09T04:20:20Z,candidate-public-outdoor,unknown,https://www.openstreetmap.org/node/13390025143,https://www.thetraffic.in/data/surveillance_cameras.v1.json,ODbL-1.0
node/11402755350,,12.979614,77.5962716,9256,7993,True,public,camera,,,2023-12-08T08:42:24Z,2026-09-09T04:20:20Z,candidate-public-outdoor,unknown,https://www.openstreetmap.org/node/11402755350,https://www.thetraffic.in/data/surveillance_cameras.v1.json,ODbL-1.0
node/9910000918,,12.9900855,77.5524627,9261,9720,True,public,camera,,2022-07-23,2022-07-25T16:25:55Z,2026-09-09T04:20:20Z,candidate-public-outdoor,unknown,https://www.openstreetmap.org/node/9910000918,https://www.thetraffic.in/data/surveillance_cameras.v1.json,ODbL-1.0
node/7236205650,,12.9900294,77.5524681,9266,9724,True,public,camera,,,2022-07-07T15:48:38Z,2026-09-09T04:20:20Z,candidate-public-outdoor,unknown,https://www.openstreetmap.org/node/7236205650,https://www.thetraffic.in/data/surveillance_cameras.v1.json,ODbL-1.0
node/10006855509,,12.9900333,77.5524567,9266,9724,True,public,camera,270,,2022-09-07T16:23:37Z,2026-09-09T04:20:20Z,candidate-public-outdoor,unknown,https://www.openstreetmap.org/node/10006855509,https://www.thetraffic.in/data/surveillance_cameras.v1.json,ODbL-1.0
node/11915139693,,12.9807471,77.611071,9310,7506,True,outdoor,camera,290,,2024-05-18T08:00:56Z,2026-09-09T04:20:20Z,candidate-public-outdoor,unknown,https://www.openstreetmap.org/node/11915139693,https://www.thetraffic.in/data/surveillance_cameras.v1.json,ODbL-1.0
node/11915141169,,12.9807471,77.611071,9310,7506,True,outdoor,camera,110,,2024-05-18T08:01:17Z,2026-09-09T04:20:20Z,candidate-public-outdoor,unknown,https://www.openstreetmap.org/node/11915141169,https://www.thetraffic.in/data/surveillance_cameras.v1.json,ODbL-1.0
node/11478214527,,12.9793979,77.602392,9320,7829,True,public,camera,193,,2024-01-02T06:42:26Z,2026-09-09T04:20:20Z,candidate-public-outdoor,unknown,https://www.openstreetmap.org/node/11478214527,https://www.thetraffic.in/data/surveillance_cameras.v1.json,ODbL-1.0
node/11478214528,,12.9793991,77.602401,9320,7828,True,public,camera,,,2024-01-02T06:42:26Z,2026-09-09T04:20:20Z,candidate-public-outdoor,unknown,https://www.openstreetmap.org/node/11478214528,https://www.thetraffic.in/data/surveillance_cameras.v1.json,ODbL-1.0
node/8240881803,,13.0008637,77.5360161,9330,10478,True,public,camera,50,,2020-12-18T16:26:57Z,2026-09-09T04:20:20Z,candidate-public-outdoor,unknown,https://www.openstreetmap.org/node/8240881803,https://www.thetraffic.in/data/surveillance_cameras.v1.json,ODbL-1.0
node/8240881802,,13.000849,77.5360003,9332,10480,True,public,camera,200,,2020-12-18T16:26:57Z,2026-09-09T04:20:20Z,candidate-public-outdoor,unknown,https://www.openstreetmap.org/node/8240881802,https://www.thetraffic.in/data/surveillance_cameras.v1.json,ODbL-1.0
node/9872645113,,12.9901848,77.5508407,9338,9846,True,public,camera,,2022-07-05,2022-07-07T15:48:38Z,2026-09-09T04:20:20Z,candidate-public-outdoor,unknown,https://www.openstreetmap.org/node/9872645113,https://www.thetraffic.in/data/surveillance_cameras.v1.json,ODbL-1.0
node/9872645101,,12.9874929,77.5559818,9339,9635,True,public,camera,,2022-07-05,2022-07-07T15:48:38Z,2026-09-09T04:20:20Z,candidate-public-outdoor,unknown,https://www.openstreetmap.org/node/9872645101,https://www.thetraffic.in/data/surveillance_cameras.v1.json,ODbL-1.0
node/9872645112,,12.9901835,77.5508273,9339,9847,True,public,camera,260,2022-07-05,2022-07-07T15:48:38Z,2026-09-09T04:20:20Z,candidate-public-outdoor,unknown,https://www.openstreetmap.org/node/9872645112,https://www.thetraffic.in/data/surveillance_cameras.v1.json,ODbL-1.0
node/6633083926,,12.9788339,77.5943165,9340,8145,True,public,camera,,,2025-03-16T05:05:22Z,2026-09-09T04:20:20Z,candidate-public-outdoor,unknown,https://www.openstreetmap.org/node/6633083926,https://www.thetraffic.in/data/surveillance_cameras.v1.json,ODbL-1.0
node/9872645100,,12.9874778,77.5559798,9340,9636,True,public,camera,180,2022-07-05,2022-07-07T15:48:38Z,2026-09-09T04:20:20Z,candidate-public-outdoor,unknown,https://www.openstreetmap.org/node/9872645100,https://www.thetraffic.in/data/surveillance_cameras.v1.json,ODbL-1.0
node/10129524860,,12.9796696,77.5819483,9340,8612,True,public,camera,,2022-10-23,2022-10-26T05:35:37Z,2026-09-09T04:20:20Z,candidate-public-outdoor,unknown,https://www.openstreetmap.org/node/10129524860,https://www.thetraffic.in/data/surveillance_cameras.v1.json,ODbL-1.0
node/6925818799,,12.9791998,77.6022623,9341,7854,True,public,camera,,,2019-10-29T00:54:59Z,2026-09-09T04:20:20Z,candidate-public-outdoor,unknown,https://www.openstreetmap.org/node/6925818799,https://www.thetraffic.in/data/surveillance_cameras.v1.json,ODbL-1.0
node/11102405711,,12.9796284,77.5817873,9347,8624,True,public,camera,300,,2023-08-09T17:10:39Z,2026-09-09T04:20:20Z,candidate-public-outdoor,unknown,https://www.openstreetmap.org/node/11102405711,https://www.thetraffic.in/data/surveillance_cameras.v1.json,ODbL-1.0
node/11102405712,,12.9796206,77.5817994,9347,8624,True,public,camera,120,,2023-08-09T17:10:39Z,2026-09-09T04:20:20Z,candidate-public-outdoor,unknown,https://www.openstreetmap.org/node/11102405712,https://www.thetraffic.in/data/surveillance_cameras.v1.json,ODbL-1.0
node/11478272172,,12.9791355,77.6026167,9352,7851,True,public,camera,109,,2024-01-02T06:48:01Z,2026-09-09T04:20:20Z,candidate-public-outdoor,unknown,https://www.openstreetmap.org/node/11478272172,https://www.thetraffic.in/data/surveillance_cameras.v1.json,ODbL-1.0
node/10279677052,,12.9826023,77.5681143,9354,9161,True,public,camera,0,,2022-12-22T08:19:14Z,2026-09-09T04:20:20Z,candidate-public-outdoor,unknown,https://www.openstreetmap.org/node/10279677052,https://www.thetraffic.in/data/surveillance_cameras.v1.json,ODbL-1.0
node/7192998933,,12.9787655,77.5976295,9355,8037,True,public,camera,,,2020-02-09T18:26:59Z,2026-09-09T04:20:20Z,candidate-public-outdoor,unknown,https://www.openstreetmap.org/node/7192998933,https://www.thetraffic.in/data/surveillance_cameras.v1.json,ODbL-1.0
node/10279677053,,12.9825902,77.5681086,9355,9162,True,public,camera,270,,2022-12-22T08:19:14Z,2026-09-09T04:20:20Z,candidate-public-outdoor,unknown,https://www.openstreetmap.org/node/10279677053,https://www.thetraffic.in/data/surveillance_cameras.v1.json,ODbL-1.0
node/12525844610,,12.9794516,77.5818805,9365,8636,True,public,camera,,,2025-01-23T07:54:36Z,2026-09-09T04:20:20Z,candidate-public-outdoor,unknown,https://www.openstreetmap.org/node/12525844610,https://www.thetraffic.in/data/surveillance_cameras.v1.json,ODbL-1.0
node/12137668899,,12.9789694,77.5850778,9375,8524,True,public,camera,20,,2024-08-26T12:33:25Z,2026-09-09T04:20:20Z,candidate-public-outdoor,unknown,https://www.openstreetmap.org/node/12137668899,https://www.thetraffic.in/data/surveillance_cameras.v1.json,ODbL-1.0
node/12137668897,,12.9789608,77.585071,9377,8526,True,public,camera,,,2024-08-26T12:33:25Z,2026-09-09T04:20:20Z,candidate-public-outdoor,unknown,https://www.openstreetmap.org/node/12137668897,https://www.thetraffic.in/data/surveillance_cameras.v1.json,ODbL-1.0
node/12137668898,,12.9789562,77.5850655,9377,8526,True,public,camera,200,,2024-08-26T12:33:25Z,2026-09-09T04:20:20Z,candidate-public-outdoor,unknown,https://www.openstreetmap.org/node/12137668898,https://www.thetraffic.in/data/surveillance_cameras.v1.json,ODbL-1.0
node/12429035782,,12.9805848,77.5748455,9380,8919,True,traffic,camera,,,2024-12-18T03:59:54Z,2026-09-09T04:20:20Z,candidate-public-outdoor,unknown,https://www.openstreetmap.org/node/12429035782,https://www.thetraffic.in/data/surveillance_cameras.v1.json,ODbL-1.0
node/6897236883,,12.9792856,77.6070522,9395,7734,True,public,camera,,,2019-10-19T03:57:07Z,2026-09-09T04:20:20Z,candidate-public-outdoor,unknown,https://www.openstreetmap.org/node/6897236883,https://www.thetraffic.in/data/surveillance_cameras.v1.json,ODbL-1.0
node/6897192833,,12.9792488,77.607104,9400,7737,True,public,camera,,,2022-06-08T16:21:56Z,2026-09-09T04:20:20Z,candidate-public-outdoor,unknown,https://www.openstreetmap.org/node/6897192833,https://www.thetraffic.in/data/surveillance_cameras.v1.json,ODbL-1.0
node/10006855510,,12.9875066,77.5543222,9418,9764,True,public,camera,,,2022-09-07T16:23:37Z,2026-09-09T04:20:20Z,candidate-public-outdoor,unknown,https://www.openstreetmap.org/node/10006855510,https://www.thetraffic.in/data/surveillance_cameras.v1.json,ODbL-1.0
node/6565706719,,12.9807816,77.6159023,9424,7453,True,public,camera,45,2024-12-10,2024-12-17T14:11:45Z,2026-09-09T04:20:20Z,candidate-public-outdoor,unknown,https://www.openstreetmap.org/node/6565706719,https://www.thetraffic.in/data/surveillance_cameras.v1.json,ODbL-1.0
node/13729643872,,12.9982054,77.5377953,9425,10463,True,public,camera,350,,2026-04-14T09:59:36Z,2026-09-09T04:20:20Z,candidate-public-outdoor,unknown,https://www.openstreetmap.org/node/13729643872,https://www.thetraffic.in/data/surveillance_cameras.v1.json,ODbL-1.0
node/13729643871,,12.9982053,77.5377692,9426,10466,True,public,camera,275,,2026-04-14T09:59:36Z,2026-09-09T04:20:20Z,candidate-public-outdoor,unknown,https://www.openstreetmap.org/node/13729643871,https://www.thetraffic.in/data/surveillance_cameras.v1.json,ODbL-1.0
node/13729609618,,12.997838,77.5378587,9451,10479,True,public,camera,156,,2026-04-14T09:56:31Z,2026-09-09T04:20:20Z,candidate-public-outdoor,unknown,https://www.openstreetmap.org/node/13729609618,https://www.thetraffic.in/data/surveillance_cameras.v1.json,ODbL-1.0
node/13729609619,,12.9978568,77.5378336,9451,10480,True,public,camera,264,,2026-04-14T09:56:31Z,2026-09-09T04:20:20Z,candidate-public-outdoor,unknown,https://www.openstreetmap.org/node/13729609619,https://www.thetraffic.in/data/surveillance_cameras.v1.json,ODbL-1.0
node/10279677046,,12.9804511,77.5724408,9455,9077,True,public,camera,0,,2022-12-22T08:19:14Z,2026-09-09T04:20:20Z,candidate-public-outdoor,unknown,https://www.openstreetmap.org/node/10279677046,https://www.thetraffic.in/data/surveillance_cameras.v1.json,ODbL-1.0
node/10279677047,,12.9804442,77.5724422,9456,9078,True,public,camera,90,,2022-12-22T08:19:14Z,2026-09-09T04:20:20Z,candidate-public-outdoor,unknown,https://www.openstreetmap.org/node/10279677047,https://www.thetraffic.in/data/surveillance_cameras.v1.json,ODbL-1.0
node/10279677048,,12.9804449,77.5724372,9456,9078,True,public,camera,,,2022-12-22T08:19:14Z,2026-09-09T04:20:20Z,candidate-public-outdoor,unknown,https://www.openstreetmap.org/node/10279677048,https://www.thetraffic.in/data/surveillance_cameras.v1.json,ODbL-1.0
node/9870839667,,12.9821003,77.5666107,9457,9305,True,outdoor,camera,280,2022-07-05,2025-08-07T15:23:33Z,2026-09-09T04:20:20Z,candidate-public-outdoor,unknown,https://www.openstreetmap.org/node/9870839667,https://www.thetraffic.in/data/surveillance_cameras.v1.json,ODbL-1.0
node/10279677054,,12.9820748,77.5666365,9459,9305,True,public,camera,0,,2022-12-22T08:19:14Z,2026-09-09T04:20:20Z,candidate-public-outdoor,unknown,https://www.openstreetmap.org/node/10279677054,https://www.thetraffic.in/data/surveillance_cameras.v1.json,ODbL-1.0
node/10279677055,,12.9820627,77.5666308,9460,9307,True,public,camera,270,,2022-12-22T08:19:14Z,2026-09-09T04:20:20Z,candidate-public-outdoor,unknown,https://www.openstreetmap.org/node/10279677055,https://www.thetraffic.in/data/surveillance_cameras.v1.json,ODbL-1.0
node/10279677056,,12.9820562,77.5666322,9461,9307,True,public,camera,270,,2022-12-22T08:19:14Z,2026-09-09T04:20:20Z,candidate-public-outdoor,unknown,https://www.openstreetmap.org/node/10279677056,https://www.thetraffic.in/data/surveillance_cameras.v1.json,ODbL-1.0
node/6924200130,,12.9805468,77.6163952,9463,7477,True,public,camera,,,2019-10-29T00:41:27Z,2026-09-09T04:20:20Z,candidate-public-outdoor,unknown,https://www.openstreetmap.org/node/6924200130,https://www.thetraffic.in/data/surveillance_cameras.v1.json,ODbL-1.0
node/12150936428,,12.9777724,77.5909668,9464,8385,True,traffic,camera,40,,2024-09-02T05:41:48Z,2026-09-09T04:20:20Z,candidate-public-outdoor,unknown,https://www.openstreetmap.org/node/12150936428,https://www.thetraffic.in/data/surveillance_cameras.v1.json,ODbL-1.0
node/12150936429,,12.9777527,77.5909687,9466,8387,True,traffic,camera,,,2024-09-02T05:41:48Z,2026-09-09T04:20:20Z,candidate-public-outdoor,unknown,https://www.openstreetmap.org/node/12150936429,https://www.thetraffic.in/data/surveillance_cameras.v1.json,ODbL-1.0
node/7274637376,Dome,12.9803249,77.5724605,9468,9087,True,public,camera,,,2023-07-24T20:19:18Z,2026-09-09T04:20:20Z,candidate-public-outdoor,unknown,https://www.openstreetmap.org/node/7274637376,https://www.thetraffic.in/data/surveillance_cameras.v1.json,ODbL-1.0
node/7274642940,,12.9803047,77.5724748,9470,9088,True,public,camera,220,,2020-03-08T16:55:28Z,2026-09-09T04:20:20Z,candidate-public-outdoor,unknown,https://www.openstreetmap.org/node/7274642940,https://www.thetraffic.in/data/surveillance_cameras.v1.json,ODbL-1.0
node/9870744983,,12.978171,77.5842762,9473,8643,True,public,camera,,2022-07-06,2022-07-06T17:45:53Z,2026-09-09T04:20:20Z,candidate-public-outdoor,unknown,https://www.openstreetmap.org/node/9870744983,https://www.thetraffic.in/data/surveillance_cameras.v1.json,ODbL-1.0
node/9632587576,,12.9858974,77.5564488,9476,9723,True,public,camera,90,,2022-04-03T06:26:57Z,2026-09-09T04:20:20Z,candidate-public-outdoor,unknown,https://www.openstreetmap.org/node/9632587576,https://www.thetraffic.in/data/surveillance_cameras.v1.json,ODbL-1.0
node/9632587577,,12.9858979,77.5564458,9476,9723,True,public,camera,0,,2022-04-03T06:26:57Z,2026-09-09T04:20:20Z,candidate-public-outdoor,unknown,https://www.openstreetmap.org/node/9632587577,https://www.thetraffic.in/data/surveillance_cameras.v1.json,ODbL-1.0
node/6761460456,,12.9775968,77.5941589,9477,8280,True,public,camera,,2024-12-10,2024-12-10T07:41:24Z,2026-09-09T04:20:20Z,candidate-public-outdoor,unknown,https://www.openstreetmap.org/node/6761460456,https://www.thetraffic.in/data/surveillance_cameras.v1.json,ODbL-1.0
node/9632587575,,12.9858956,77.5564449,9477,9723,True,public,camera,180,,2022-04-03T06:26:57Z,2026-09-09T04:20:20Z,candidate-public-outdoor,unknown,https://www.openstreetmap.org/node/9632587575,https://www.thetraffic.in/data/surveillance_cameras.v1.json,ODbL-1.0
node/12137671617,,12.9785107,77.5811033,9480,8769,True,public,camera,200,,2024-08-26T12:33:25Z,2026-09-09T04:20:20Z,candidate-public-outdoor,unknown,https://www.openstreetmap.org/node/12137671617,https://www.thetraffic.in/data/surveillance_cameras.v1.json,ODbL-1.0
node/12137671618,,12.9785164,77.5811086,9480,8768,True,public,camera,20,,2024-08-26T12:33:25Z,2026-09-09T04:20:20Z,candidate-public-outdoor,unknown,https://www.openstreetmap.org/node/12137671618,https://www.thetraffic.in/data/surveillance_cameras.v1.json,ODbL-1.0
node/7276466242,,12.9821148,77.5658626,9481,9354,True,public,camera,,,2020-03-08T12:19:10Z,2026-09-09T04:20:20Z,candidate-public-outdoor,unknown,https://www.openstreetmap.org/node/7276466242,https://www.thetraffic.in/data/surveillance_cameras.v1.json,ODbL-1.0
node/10279677058,,12.9823741,77.5646976,9496,9412,True,public,camera,270,,2022-12-22T08:19:14Z,2026-09-09T04:20:20Z,candidate-public-outdoor,unknown,https://www.openstreetmap.org/node/10279677058,https://www.thetraffic.in/data/surveillance_cameras.v1.json,ODbL-1.0
node/7193004115,,12.9775496,77.5989907,9497,8124,True,public,camera,0,,2020-02-09T18:29:05Z,2026-09-09T04:20:20Z,candidate-public-outdoor,unknown,https://www.openstreetmap.org/node/7193004115,https://www.thetraffic.in/data/surveillance_cameras.v1.json,ODbL-1.0
node/10279677057,,12.9823656,77.5646963,9497,9412,True,public,camera,270,,2022-12-22T08:19:14Z,2026-09-09T04:20:20Z,candidate-public-outdoor,unknown,https://www.openstreetmap.org/node/10279677057,https://www.thetraffic.in/data/surveillance_cameras.v1.json,ODbL-1.0
node/665072280,,12.9779004,77.584168,9504,8675,True,public,camera,318,,2025-01-23T07:54:36Z,2026-09-09T04:20:20Z,candidate-public-outdoor,unknown,https://www.openstreetmap.org/node/665072280,https://www.thetraffic.in/data/surveillance_cameras.v1.json,ODbL-1.0
node/10279677049,,12.9802851,77.5711953,9507,9169,True,public,camera,215,,2022-12-22T08:19:14Z,2026-09-09T04:20:20Z,candidate-public-outdoor,unknown,https://www.openstreetmap.org/node/10279677049,https://www.thetraffic.in/data/surveillance_cameras.v1.json,ODbL-1.0
node/10279677050,,12.9802828,77.571202,9507,9169,True,public,camera,135,,2022-12-22T08:19:14Z,2026-09-09T04:20:20Z,candidate-public-outdoor,unknown,https://www.openstreetmap.org/node/10279677050,https://www.thetraffic.in/data/surveillance_cameras.v1.json,ODbL-1.0
node/10279677051,,12.9802913,77.5711953,9507,9169,True,public,camera,315,,2022-12-22T08:19:14Z,2026-09-09T04:20:20Z,candidate-public-outdoor,unknown,https://www.openstreetmap.org/node/10279677051,https://www.thetraffic.in/data/surveillance_cameras.v1.json,ODbL-1.0
node/12525844612,,12.9778787,77.5841783,9507,8676,True,public,camera,159,,2025-01-23T07:54:36Z,2026-09-09T04:20:20Z,candidate-public-outdoor,unknown,https://www.openstreetmap.org/node/12525844612,https://www.thetraffic.in/data/surveillance_cameras.v1.json,ODbL-1.0
node/7843601346,,12.977343,77.5911572,9511,8422,True,,,,,2020-08-25T14:18:22Z,2026-09-09T04:20:20Z,excluded-non-camera,unknown,https://www.openstreetmap.org/node/7843601346,https://www.thetraffic.in/data/surveillance_cameras.v1.json,ODbL-1.0
node/12523073753,,12.9802681,77.5709854,9515,9184,True,public,camera,340,,2025-01-22T15:46:54Z,2026-09-09T04:20:20Z,candidate-public-outdoor,unknown,https://www.openstreetmap.org/node/12523073753,https://www.thetraffic.in/data/surveillance_cameras.v1.json,ODbL-1.0
node/9796145334,,12.9794729,77.6140228,9517,7613,True,public,camera,20,,2022-06-05T08:43:14Z,2026-09-09T04:20:20Z,candidate-public-outdoor,unknown,https://www.openstreetmap.org/node/9796145334,https://www.thetraffic.in/data/surveillance_cameras.v1.json,ODbL-1.0
node/7274678572,Dome,12.9801124,77.5711677,9527,9187,True,public,camera,,,2020-03-08T16:55:28Z,2026-09-09T04:20:20Z,candidate-public-outdoor,unknown,https://www.openstreetmap.org/node/7274678572,https://www.thetraffic.in/data/surveillance_cameras.v1.json,ODbL-1.0
node/7843595171,,12.9771564,77.5912996,9531,8435,True,,,,,2020-08-25T14:18:23Z,2026-09-09T04:20:20Z,excluded-non-camera,unknown,https://www.openstreetmap.org/node/7843595171,https://www.thetraffic.in/data/surveillance_cameras.v1.json,ODbL-1.0
node/6466823642,,12.9818215,77.6229337,9534,7332,True,public,camera,,,2019-07-18T11:28:51Z,2026-09-09T04:20:20Z,candidate-public-outdoor,unknown,https://www.openstreetmap.org/node/6466823642,https://www.thetraffic.in/data/surveillance_cameras.v1.json,ODbL-1.0
node/12669394540,,12.9770892,77.5933474,9534,8363,True,public,camera,,,2025-03-16T04:53:29Z,2026-09-09T04:20:20Z,candidate-public-outdoor,unknown,https://www.openstreetmap.org/node/12669394540,https://www.thetraffic.in/data/surveillance_cameras.v1.json,ODbL-1.0
node/7274685971,,12.9799128,77.5711727,9548,9205,True,public,camera,90,,2020-03-08T16:55:28Z,2026-09-09T04:20:20Z,candidate-public-outdoor,unknown,https://www.openstreetmap.org/node/7274685971,https://www.thetraffic.in/data/surveillance_cameras.v1.json,ODbL-1.0
node/6617281484,,12.9816453,77.6228859,9551,7352,True,outdoor,camera,,,2019-07-18T11:28:51Z,2026-09-09T04:20:20Z,candidate-public-outdoor,unknown,https://www.openstreetmap.org/node/6617281484,https://www.thetraffic.in/data/surveillance_cameras.v1.json,ODbL-1.0
node/6634089916,,12.9769209,77.5957438,9554,8295,True,public,camera,,,2019-07-21T07:58:41Z,2026-09-09T04:20:20Z,candidate-public-outdoor,unknown,https://www.openstreetmap.org/node/6634089916,https://www.thetraffic.in/data/surveillance_cameras.v1.json,ODbL-1.0
node/6634084074,,12.9768543,77.5964902,9563,8277,True,public,camera,,,2019-07-21T07:58:41Z,2026-09-09T04:20:20Z,candidate-public-outdoor,unknown,https://www.openstreetmap.org/node/6634084074,https://www.thetraffic.in/data/surveillance_cameras.v1.json,ODbL-1.0
node/6854476971,,12.9820014,77.6243295,9566,7320,True,public,camera,,2022-08-01,2022-08-02T03:21:01Z,2026-09-09T04:20:20Z,candidate-public-outdoor,unknown,https://www.openstreetmap.org/node/6854476971,https://www.thetraffic.in/data/surveillance_cameras.v1.json,ODbL-1.0
node/11677179252,,12.9787656,77.5750775,9571,9076,True,,camera,,,2024-02-29T16:11:38Z,2026-09-09T04:20:20Z,review-access-unknown,unknown,https://www.openstreetmap.org/node/11677179252,https://www.thetraffic.in/data/surveillance_cameras.v1.json,ODbL-1.0
node/6634090773,,12.9768283,77.5984799,9574,8216,True,public,camera,,,2019-07-21T07:57:24Z,2026-09-09T04:20:20Z,candidate-public-outdoor,unknown,https://www.openstreetmap.org/node/6634090773,https://www.thetraffic.in/data/surveillance_cameras.v1.json,ODbL-1.0
node/6634090789,,12.9768254,77.5984517,9575,8217,True,public,camera,,,2019-07-21T07:57:24Z,2026-09-09T04:20:20Z,candidate-public-outdoor,unknown,https://www.openstreetmap.org/node/6634090789,https://www.thetraffic.in/data/surveillance_cameras.v1.json,ODbL-1.0
node/10834070252,,12.9828569,77.5612108,9579,9616,True,public,camera,280,,2023-04-23T15:25:40Z,2026-09-09T04:20:20Z,candidate-public-outdoor,unknown,https://www.openstreetmap.org/node/10834070252,https://www.thetraffic.in/data/surveillance_cameras.v1.json,ODbL-1.0
node/10834070253,,12.9828569,77.5612181,9579,9615,True,public,camera,90,,2023-04-23T15:25:40Z,2026-09-09T04:20:20Z,candidate-public-outdoor,unknown,https://www.openstreetmap.org/node/10834070253,https://www.thetraffic.in/data/surveillance_cameras.v1.json,ODbL-1.0
node/6897559156,,12.9820994,77.6249921,9580,7315,True,outdoor,camera,180,2022-09-12,2022-09-12T14:29:04Z,2026-09-09T04:20:20Z,candidate-public-outdoor,unknown,https://www.openstreetmap.org/node/6897559156,https://www.thetraffic.in/data/surveillance_cameras.v1.json,ODbL-1.0
node/6897562993,,12.9820971,77.6249756,9580,7315,True,outdoor,camera,,2022-08-01,2022-08-02T03:21:02Z,2026-09-09T04:20:20Z,candidate-public-outdoor,unknown,https://www.openstreetmap.org/node/6897562993,https://www.thetraffic.in/data/surveillance_cameras.v1.json,ODbL-1.0
node/10129524874,,12.9877063,77.5507406,9583,10035,True,public,camera,100,2022-10-23,2022-10-26T05:35:37Z,2026-09-09T04:20:20Z,candidate-public-outdoor,unknown,https://www.openstreetmap.org/node/10129524874,https://www.thetraffic.in/data/surveillance_cameras.v1.json,ODbL-1.0
node/10129524877,,12.9877133,77.5507284,9583,10035,True,public,camera,,2022-10-23,2022-10-26T05:35:37Z,2026-09-09T04:20:20Z,candidate-public-outdoor,unknown,https://www.openstreetmap.org/node/10129524877,https://www.thetraffic.in/data/surveillance_cameras.v1.json,ODbL-1.0
node/10129524875,,12.9877035,77.5507197,9584,10037,True,public,camera,160,2022-10-23,2022-10-26T05:35:37Z,2026-09-09T04:20:20Z,candidate-public-outdoor,unknown,https://www.openstreetmap.org/node/10129524875,https://www.thetraffic.in/data/surveillance_cameras.v1.json,ODbL-1.0
node/10129524876,,12.9877091,77.5507046,9584,10038,True,public,camera,220,2022-10-23,2022-10-26T05:35:37Z,2026-09-09T04:20:20Z,candidate-public-outdoor,unknown,https://www.openstreetmap.org/node/10129524876,https://www.thetraffic.in/data/surveillance_cameras.v1.json,ODbL-1.0
node/9103464456,,12.9765495,77.5924002,9595,8455,True,public,camera,,,2021-09-18T11:17:37Z,2026-09-09T04:20:20Z,candidate-public-outdoor,unknown,https://www.openstreetmap.org/node/9103464456,https://www.thetraffic.in/data/surveillance_cameras.v1.json,ODbL-1.0
node/9540143832,,12.9765715,77.590831,9598,8514,True,public,camera,,,2022-02-27T06:03:22Z,2026-09-09T04:20:20Z,candidate-public-outdoor,unknown,https://www.openstreetmap.org/node/9540143832,https://www.thetraffic.in/data/surveillance_cameras.v1.json,ODbL-1.0
node/10834070255,,12.9838214,77.5580494,9614,9768,True,public,camera,0,,2023-04-23T15:25:40Z,2026-09-09T04:20:20Z,candidate-public-outdoor,unknown,https://www.openstreetmap.org/node/10834070255,https://www.thetraffic.in/data/surveillance_cameras.v1.json,ODbL-1.0
node/10834070254,,12.9838054,77.5580357,9616,9770,True,public,camera,270,,2023-04-23T15:25:40Z,2026-09-09T04:20:20Z,candidate-public-outdoor,unknown,https://www.openstreetmap.org/node/10834070254,https://www.thetraffic.in/data/surveillance_cameras.v1.json,ODbL-1.0
node/6897230587,,12.9766618,77.6017362,9617,8141,True,public,camera,,,2019-10-19T04:03:17Z,2026-09-09T04:20:20Z,candidate-public-outdoor,unknown,https://www.openstreetmap.org/node/6897230587,https://www.thetraffic.in/data/surveillance_cameras.v1.json,ODbL-1.0
node/9142312527,,12.9763469,77.5932866,9617,8443,True,public,camera,,,2021-10-03T14:24:11Z,2026-09-09T04:20:20Z,candidate-public-outdoor,unknown,https://www.openstreetmap.org/node/9142312527,https://www.thetraffic.in/data/surveillance_cameras.v1.json,ODbL-1.0
node/6533238559,,12.9764872,77.5994312,9618,8224,True,public,camera,,,2019-06-08T08:40:52Z,2026-09-09T04:20:20Z,candidate-public-outdoor,unknown,https://www.openstreetmap.org/node/6533238559,https://www.thetraffic.in/data/surveillance_cameras.v1.json,ODbL-1.0
node/7236205662,,12.9876582,77.5500776,9623,10092,True,public,camera,70,,2020-02-23T05:53:00Z,2026-09-09T04:20:20Z,candidate-public-outdoor,unknown,https://www.openstreetmap.org/node/7236205662,https://www.thetraffic.in/data/surveillance_cameras.v1.json,ODbL-1.0
node/9162183605,,12.9762842,77.5946036,9623,8402,True,public,camera,,,2021-10-10T11:19:59Z,2026-09-09T04:20:20Z,candidate-public-outdoor,unknown,https://www.openstreetmap.org/node/9162183605,https://www.thetraffic.in/data/surveillance_cameras.v1.json,ODbL-1.0
node/7236205663,,12.9876477,77.5500622,9624,10094,True,public,camera,250,,2020-02-23T05:53:00Z,2026-09-09T04:20:20Z,candidate-public-outdoor,unknown,https://www.openstreetmap.org/node/7236205663,https://www.thetraffic.in/data/surveillance_cameras.v1.json,ODbL-1.0
node/12077999241,,12.9766181,77.6024624,9629,8127,True,public,camera,284,,2024-07-28T06:42:15Z,2026-09-09T04:20:20Z,candidate-public-outdoor,unknown,https://www.openstreetmap.org/node/12077999241,https://www.thetraffic.in/data/surveillance_cameras.v1.json,ODbL-1.0
node/6633127687,,12.9762054,77.5946109,9632,8410,True,public,camera,,2023-10-12,2023-10-12T05:37:22Z,2026-09-09T04:20:20Z,candidate-public-outdoor,unknown,https://www.openstreetmap.org/node/6633127687,https://www.thetraffic.in/data/surveillance_cameras.v1.json,ODbL-1.0
node/12336013828,,12.9773208,77.6086975,9639,7920,True,outdoor,camera,,,2024-11-13T02:54:56Z,2026-09-09T04:20:20Z,candidate-public-outdoor,unknown,https://www.openstreetmap.org/node/12336013828,https://www.thetraffic.in/data/surveillance_cameras.v1.json,ODbL-1.0
node/9142142911,,12.9761875,77.5905776,9641,8564,True,public,camera,,,2021-10-03T14:24:11Z,2026-09-09T04:20:20Z,candidate-public-outdoor,unknown,https://www.openstreetmap.org/node/9142142911,https://www.thetraffic.in/data/surveillance_cameras.v1.json,ODbL-1.0
node/11356383317,,12.9764574,77.6018737,9641,8160,True,public,camera,340,,2023-11-16T17:06:35Z,2026-09-09T04:20:20Z,candidate-public-outdoor,unknown,https://www.openstreetmap.org/node/11356383317,https://www.thetraffic.in/data/surveillance_cameras.v1.json,ODbL-1.0
node/11356383319,,12.9764561,77.6018871,9641,8159,True,public,camera,70,,2023-11-16T17:06:35Z,2026-09-09T04:20:20Z,candidate-public-outdoor,unknown,https://www.openstreetmap.org/node/11356383319,https://www.thetraffic.in/data/surveillance_cameras.v1.json,ODbL-1.0
node/11356383318,,12.9764489,77.6018684,9642,8161,True,public,camera,250,,2023-11-16T17:06:35Z,2026-09-09T04:20:20Z,candidate-public-outdoor,unknown,https://www.openstreetmap.org/node/11356383318,https://www.thetraffic.in/data/surveillance_cameras.v1.json,ODbL-1.0
node/11356383320,,12.9764512,77.6018781,9642,8160,True,public,camera,,,2023-11-16T17:06:35Z,2026-09-09T04:20:20Z,candidate-public-outdoor,unknown,https://www.openstreetmap.org/node/11356383320,https://www.thetraffic.in/data/surveillance_cameras.v1.json,ODbL-1.0
node/11289218773,,12.9772553,77.608529,9643,7930,True,,camera,110,,2023-10-25T17:02:21Z,2026-09-09T04:20:20Z,review-access-unknown,unknown,https://www.openstreetmap.org/node/11289218773,https://www.thetraffic.in/data/surveillance_cameras.v1.json,ODbL-1.0
node/12118317413,,12.9765057,77.602915,9646,8128,True,public,camera,102,,2024-08-18T11:43:12Z,2026-09-09T04:20:20Z,candidate-public-outdoor,unknown,https://www.openstreetmap.org/node/12118317413,https://www.thetraffic.in/data/surveillance_cameras.v1.json,ODbL-1.0
node/12118317414,,12.9765019,77.6028994,9646,8129,True,public,camera,285,,2024-08-18T11:43:12Z,2026-09-09T04:20:20Z,candidate-public-outdoor,unknown,https://www.openstreetmap.org/node/12118317414,https://www.thetraffic.in/data/surveillance_cameras.v1.json,ODbL-1.0
node/12117978755,,12.9764137,77.6033282,9661,8128,True,public,camera,104,,2024-08-18T06:21:17Z,2026-09-09T04:20:20Z,candidate-public-outdoor,unknown,https://www.openstreetmap.org/node/12117978755,https://www.thetraffic.in/data/surveillance_cameras.v1.json,ODbL-1.0
node/12118317412,,12.9763709,77.6035642,9668,8127,True,public,camera,103,,2024-08-18T11:43:12Z,2026-09-09T04:20:20Z,candidate-public-outdoor,unknown,https://www.openstreetmap.org/node/12118317412,https://www.thetraffic.in/data/surveillance_cameras.v1.json,ODbL-1.0
node/7193003414,,12.9758374,77.5949416,9673,8437,True,public,camera,,,2020-02-09T18:33:07Z,2026-09-09T04:20:20Z,candidate-public-outdoor,unknown,https://www.openstreetmap.org/node/7193003414,https://www.thetraffic.in/data/surveillance_cameras.v1.json,ODbL-1.0
node/11683098375,,12.9761039,77.5870189,9674,8723,True,,camera,,,2024-03-02T02:00:28Z,2026-09-09T04:20:20Z,review-access-unknown,unknown,https://www.openstreetmap.org/node/11683098375,https://www.thetraffic.in/data/surveillance_cameras.v1.json,ODbL-1.0
node/7274667462,,12.978916,77.5702614,9681,9352,True,public,camera,,,2020-03-08T17:02:47Z,2026-09-09T04:20:20Z,candidate-public-outdoor,unknown,https://www.openstreetmap.org/node/7274667462,https://www.thetraffic.in/data/surveillance_cameras.v1.json,ODbL-1.0
node/6832770779,,12.9761967,77.6030897,9682,8157,True,public,camera,120,,2019-09-29T13:01:33Z,2026-09-09T04:20:20Z,candidate-public-outdoor,unknown,https://www.openstreetmap.org/node/6832770779,https://www.thetraffic.in/data/surveillance_cameras.v1.json,ODbL-1.0
node/12137671659,,12.9768414,77.5798926,9684,8994,True,public,camera,30,,2024-08-26T12:33:25Z,2026-09-09T04:20:20Z,candidate-public-outdoor,unknown,https://www.openstreetmap.org/node/12137671659,https://www.thetraffic.in/data/surveillance_cameras.v1.json,ODbL-1.0
node/12137671660,,12.9768351,77.5798891,9685,8995,True,public,camera,160,,2024-08-26T12:33:25Z,2026-09-09T04:20:20Z,candidate-public-outdoor,unknown,https://www.openstreetmap.org/node/12137671660,https://www.thetraffic.in/data/surveillance_cameras.v1.json,ODbL-1.0
node/12137671661,,12.9768311,77.5798847,9685,8996,True,public,camera,,,2024-08-26T12:33:25Z,2026-09-09T04:20:20Z,candidate-public-outdoor,unknown,https://www.openstreetmap.org/node/12137671661,https://www.thetraffic.in/data/surveillance_cameras.v1.json,ODbL-1.0
node/9870744985,,12.9759536,77.5874152,9687,8721,True,public,camera,,2022-07-06,2022-07-06T17:45:53Z,2026-09-09T04:20:20Z,candidate-public-outdoor,unknown,https://www.openstreetmap.org/node/9870744985,https://www.thetraffic.in/data/surveillance_cameras.v1.json,ODbL-1.0
node/12061097969,,12.9759706,77.5870043,9688,8737,True,outdoor,camera,303,,2024-07-18T11:40:47Z,2026-09-09T04:20:20Z,candidate-public-outdoor,unknown,https://www.openstreetmap.org/node/12061097969,https://www.thetraffic.in/data/surveillance_cameras.v1.json,ODbL-1.0
node/12061097970,,12.9759706,77.5870043,9688,8737,True,outdoor,camera,,,2024-07-18T11:40:47Z,2026-09-09T04:20:20Z,candidate-public-outdoor,unknown,https://www.openstreetmap.org/node/12061097970,https://www.thetraffic.in/data/surveillance_cameras.v1.json,ODbL-1.0
node/7274601858,Dome,12.9786779,77.570836,9690,9338,True,public,camera,,,2020-03-08T17:02:47Z,2026-09-09T04:20:20Z,candidate-public-outdoor,unknown,https://www.openstreetmap.org/node/7274601858,https://www.thetraffic.in/data/surveillance_cameras.v1.json,ODbL-1.0
node/7274657661,Dome,12.9788845,77.5698702,9696,9379,True,public,camera,,,2020-03-08T17:02:47Z,2026-09-09T04:20:20Z,candidate-public-outdoor,unknown,https://www.openstreetmap.org/node/7274657661,https://www.thetraffic.in/data/surveillance_cameras.v1.json,ODbL-1.0
node/12118317411,,12.9761828,77.6042455,9697,8132,True,public,camera,104,,2024-08-18T11:43:12Z,2026-09-09T04:20:20Z,candidate-public-outdoor,unknown,https://www.openstreetmap.org/node/12118317411,https://www.thetraffic.in/data/surveillance_cameras.v1.json,ODbL-1.0
node/9142142912,,12.9756778,77.5901672,9700,8633,True,public,camera,,,2021-10-03T14:24:11Z,2026-09-09T04:20:20Z,candidate-public-outdoor,unknown,https://www.openstreetmap.org/node/9142142912,https://www.thetraffic.in/data/surveillance_cameras.v1.json,ODbL-1.0
node/6857697344,,12.9758515,77.6015956,9705,8232,True,public,camera,,,2019-10-07T13:28:48Z,2026-09-09T04:20:20Z,candidate-public-outdoor,unknown,https://www.openstreetmap.org/node/6857697344,https://www.thetraffic.in/data/surveillance_cameras.v1.json,ODbL-1.0
node/12117972573,,12.9761325,77.6044967,9706,8132,True,public,camera,244,,2024-08-18T06:05:10Z,2026-09-09T04:20:20Z,candidate-public-outdoor,unknown,https://www.openstreetmap.org/node/12117972573,https://www.thetraffic.in/data/surveillance_cameras.v1.json,ODbL-1.0
node/6633126524,,12.975522,77.5940226,9708,8502,True,public,camera,,,2019-07-21T07:54:52Z,2026-09-09T04:20:20Z,candidate-public-outdoor,unknown,https://www.openstreetmap.org/node/6633126524,https://www.thetraffic.in/data/surveillance_cameras.v1.json,ODbL-1.0
node/9142312518,,12.9754805,77.5916478,9716,8595,True,public,camera,,,2021-10-03T14:24:11Z,2026-09-09T04:20:20Z,candidate-public-outdoor,unknown,https://www.openstreetmap.org/node/9142312518,https://www.thetraffic.in/data/surveillance_cameras.v1.json,ODbL-1.0
node/7193003241,,12.9754305,77.5953696,9719,8465,True,outdoor,camera,,,2020-02-09T18:33:50Z,2026-09-09T04:20:20Z,candidate-public-outdoor,unknown,https://www.openstreetmap.org/node/7193003241,https://www.thetraffic.in/data/surveillance_cameras.v1.json,ODbL-1.0
node/7276466238,,12.9784232,77.5707772,9719,9365,True,public,camera,,,2020-03-08T12:19:10Z,2026-09-09T04:20:20Z,candidate-public-outdoor,unknown,https://www.openstreetmap.org/node/7276466238,https://www.thetraffic.in/data/surveillance_cameras.v1.json,ODbL-1.0
node/10833880660,,12.9775826,77.5740498,9724,9247,True,public,camera,315,,2023-04-23T13:27:49Z,2026-09-09T04:20:20Z,candidate-public-outdoor,unknown,https://www.openstreetmap.org/node/10833880660,https://www.thetraffic.in/data/surveillance_cameras.v1.json,ODbL-1.0
node/10833880659,,12.9775662,77.5740673,9726,9247,True,public,camera,,,2023-04-23T13:27:49Z,2026-09-09T04:20:20Z,candidate-public-outdoor,unknown,https://www.openstreetmap.org/node/10833880659,https://www.thetraffic.in/data/surveillance_cameras.v1.json,ODbL-1.0
node/11102274270,,12.9860626,77.5509929,9729,10137,True,public,camera,350,,2023-08-09T16:48:52Z,2026-09-09T04:20:20Z,candidate-public-outdoor,unknown,https://www.openstreetmap.org/node/11102274270,https://www.thetraffic.in/data/surveillance_cameras.v1.json,ODbL-1.0
node/11102274268,,12.9860541,77.5509889,9730,10138,True,public,camera,260,,2023-08-09T16:48:52Z,2026-09-09T04:20:20Z,candidate-public-outdoor,unknown,https://www.openstreetmap.org/node/11102274268,https://www.thetraffic.in/data/surveillance_cameras.v1.json,ODbL-1.0
node/11102274269,,12.9860508,77.5510023,9730,10137,True,public,camera,170,,2023-08-09T16:48:52Z,2026-09-09T04:20:20Z,candidate-public-outdoor,unknown,https://www.openstreetmap.org/node/11102274269,https://www.thetraffic.in/data/surveillance_cameras.v1.json,ODbL-1.0
node/6897221194,,12.9756837,77.6025571,9733,8226,True,outdoor,camera,240,,2019-10-19T04:02:22Z,2026-09-09T04:20:20Z,candidate-public-outdoor,unknown,https://www.openstreetmap.org/node/6897221194,https://www.thetraffic.in/data/surveillance_cameras.v1.json,ODbL-1.0
node/6703558480,,12.9755738,77.6025371,9745,8238,True,public,camera,,,2019-08-23T09:19:05Z,2026-09-09T04:20:20Z,candidate-public-outdoor,unknown,https://www.openstreetmap.org/node/6703558480,https://www.thetraffic.in/data/surveillance_cameras.v1.json,ODbL-1.0
node/6703574108,,12.9755713,77.6025279,9745,8239,True,public,camera,,,2019-08-23T09:19:05Z,2026-09-09T04:20:20Z,candidate-public-outdoor,unknown,https://www.openstreetmap.org/node/6703574108,https://www.thetraffic.in/data/surveillance_cameras.v1.json,ODbL-1.0
node/6832833337,,12.9758585,77.6055514,9750,8139,True,public,camera,270,,2019-09-29T12:56:54Z,2026-09-09T04:20:20Z,candidate-public-outdoor,unknown,https://www.openstreetmap.org/node/6832833337,https://www.thetraffic.in/data/surveillance_cameras.v1.json,ODbL-1.0
node/6832834913,,12.975852,77.6055714,9751,8139,True,public,camera,120,,2019-09-29T12:56:54Z,2026-09-09T04:20:20Z,candidate-public-outdoor,unknown,https://www.openstreetmap.org/node/6832834913,https://www.thetraffic.in/data/surveillance_cameras.v1.json,ODbL-1.0
node/7236205651,,12.9842964,77.5540392,9751,10034,True,public,camera,,,2024-07-20T06:20:40Z,2026-09-09T04:20:20Z,candidate-public-outdoor,unknown,https://www.openstreetmap.org/node/7236205651,https://www.thetraffic.in/data/surveillance_cameras.v1.json,ODbL-1.0
node/9162246225,,12.9751273,77.5921122,9754,8614,True,public,camera,,,2021-10-10T11:19:59Z,2026-09-09T04:20:20Z,candidate-public-outdoor,unknown,https://www.openstreetmap.org/node/9162246225,https://www.thetraffic.in/data/surveillance_cameras.v1.json,ODbL-1.0
node/10609291705,,12.975455,77.6026578,9760,8248,True,public,camera,,2023-02-05,2023-02-06T01:22:14Z,2026-09-09T04:20:20Z,candidate-public-outdoor,unknown,https://www.openstreetmap.org/node/10609291705,https://www.thetraffic.in/data/surveillance_cameras.v1.json,ODbL-1.0
node/10609291805,,12.975455,77.6026578,9760,8248,True,public,camera,,2023-02-05,2023-02-06T01:22:16Z,2026-09-09T04:20:20Z,candidate-public-outdoor,unknown,https://www.openstreetmap.org/node/10609291805,https://www.thetraffic.in/data/surveillance_cameras.v1.json,ODbL-1.0
node/6685717666,,12.9750379,77.5928187,9763,8597,True,public,camera,,,2019-08-07T08:01:42Z,2026-09-09T04:20:20Z,candidate-public-outdoor,unknown,https://www.openstreetmap.org/node/6685717666,https://www.thetraffic.in/data/surveillance_cameras.v1.json,ODbL-1.0
node/6685716056,,12.9750252,77.5928133,9764,8599,True,public,camera,,,2020-02-09T18:32:28Z,2026-09-09T04:20:20Z,candidate-public-outdoor,unknown,https://www.openstreetmap.org/node/6685716056,https://www.thetraffic.in/data/surveillance_cameras.v1.json,ODbL-1.0
node/7223735364,,12.9750167,77.5935496,9764,8572,True,public,camera,,,2020-02-19T00:43:41Z,2026-09-09T04:20:20Z,candidate-public-outdoor,unknown,https://www.openstreetmap.org/node/7223735364,https://www.thetraffic.in/data/surveillance_cameras.v1.json,ODbL-1.0
node/6832810570,,12.975791,77.6061934,9766,8133,True,public,camera,,,2019-09-29T12:56:54Z,2026-09-09T04:20:20Z,candidate-public-outdoor,unknown,https://www.openstreetmap.org/node/6832810570,https://www.thetraffic.in/data/surveillance_cameras.v1.json,ODbL-1.0
node/9162183612,,12.9749966,77.5938692,9766,8563,True,public,camera,45,,2021-10-10T11:19:59Z,2026-09-09T04:20:20Z,candidate-public-outdoor,unknown,https://www.openstreetmap.org/node/9162183612,https://www.thetraffic.in/data/surveillance_cameras.v1.json,ODbL-1.0
node/9162183613,,12.974995,77.5938667,9766,8563,True,public,camera,320,,2021-10-10T11:19:59Z,2026-09-09T04:20:20Z,candidate-public-outdoor,unknown,https://www.openstreetmap.org/node/9162183613,https://www.thetraffic.in/data/surveillance_cameras.v1.json,ODbL-1.0
node/7274678211,,12.9782254,77.569861,9767,9440,True,public,camera,,,2020-03-08T18:51:41Z,2026-09-09T04:20:20Z,candidate-public-outdoor,unknown,https://www.openstreetmap.org/node/7274678211,https://www.thetraffic.in/data/surveillance_cameras.v1.json,ODbL-1.0
node/6832789031,,12.9757491,77.6060235,9769,8141,True,public,camera,270,,2019-09-29T12:56:54Z,2026-09-09T04:20:20Z,candidate-public-outdoor,unknown,https://www.openstreetmap.org/node/6832789031,https://www.thetraffic.in/data/surveillance_cameras.v1.json,ODbL-1.0
node/6832796328,,12.9757282,77.606275,9774,8138,True,public,camera,120,,2019-09-29T12:56:54Z,2026-09-09T04:20:20Z,candidate-public-outdoor,unknown,https://www.openstreetmap.org/node/6832796328,https://www.thetraffic.in/data/surveillance_cameras.v1.json,ODbL-1.0
node/6991283996,,12.9748367,77.5928518,9785,8617,True,public,camera,,,2019-12-13T01:14:00Z,2026-09-09T04:20:20Z,candidate-public-outdoor,unknown,https://www.openstreetmap.org/node/6991283996,https://www.thetraffic.in/data/surveillance_cameras.v1.json,ODbL-1.0
node/6832829481,,12.9755109,77.6059797,9794,8168,True,public,camera,120,,2019-09-29T12:57:52Z,2026-09-09T04:20:20Z,candidate-public-outdoor,unknown,https://www.openstreetmap.org/node/6832829481,https://www.thetraffic.in/data/surveillance_cameras.v1.json,ODbL-1.0
node/10262331810,,12.9752442,77.6040584,9798,8238,True,traffic,camera,,2022-12-14,2022-12-14T12:03:57Z,2026-09-09T04:20:20Z,candidate-public-outdoor,unknown,https://www.openstreetmap.org/node/10262331810,https://www.thetraffic.in/data/surveillance_cameras.v1.json,ODbL-1.0
node/9161059616,,12.9747068,77.5933711,9799,8611,True,public,camera,10,,2021-10-09T18:21:18Z,2026-09-09T04:20:20Z,candidate-public-outdoor,unknown,https://www.openstreetmap.org/node/9161059616,https://www.thetraffic.in/data/surveillance_cameras.v1.json,ODbL-1.0
node/9161059615,,12.9746846,77.5933658,9801,8614,True,public,camera,150,,2021-10-09T18:21:18Z,2026-09-09T04:20:20Z,candidate-public-outdoor,unknown,https://www.openstreetmap.org/node/9161059615,https://www.thetraffic.in/data/surveillance_cameras.v1.json,ODbL-1.0
node/7192996813,,12.9746925,77.5910366,9806,8701,True,public,camera,,,2020-02-09T18:30:02Z,2026-09-09T04:20:20Z,candidate-public-outdoor,unknown,https://www.openstreetmap.org/node/7192996813,https://www.thetraffic.in/data/surveillance_cameras.v1.json,ODbL-1.0
node/6857705174,,12.9752921,77.605183,9807,8208,True,outdoor,camera,180,,2019-10-07T13:25:46Z,2026-09-09T04:20:20Z,candidate-public-outdoor,unknown,https://www.openstreetmap.org/node/6857705174,https://www.thetraffic.in/data/surveillance_cameras.v1.json,ODbL-1.0
node/7274667919,,12.9778311,77.5695753,9817,9493,True,public,camera,90,,2020-03-08T17:02:47Z,2026-09-09T04:20:20Z,candidate-public-outdoor,unknown,https://www.openstreetmap.org/node/7274667919,https://www.thetraffic.in/data/surveillance_cameras.v1.json,ODbL-1.0
node/6857697041,,12.9751307,77.6047706,9820,8235,True,outdoor,camera,260,,2019-10-07T13:29:53Z,2026-09-09T04:20:20Z,candidate-public-outdoor,unknown,https://www.openstreetmap.org/node/6857697041,https://www.thetraffic.in/data/surveillance_cameras.v1.json,ODbL-1.0
node/6832825149,,12.9754148,77.6071946,9823,8155,True,public,camera,270,,2019-09-29T12:56:54Z,2026-09-09T04:20:20Z,candidate-public-outdoor,unknown,https://www.openstreetmap.org/node/6832825149,https://www.thetraffic.in/data/surveillance_cameras.v1.json,ODbL-1.0
node/6832819329,,12.9754102,77.6072036,9824,8155,True,public,camera,120,,2019-09-29T12:56:54Z,2026-09-09T04:20:20Z,candidate-public-outdoor,unknown,https://www.openstreetmap.org/node/6832819329,https://www.thetraffic.in/data/surveillance_cameras.v1.json,ODbL-1.0
node/7274678212,,12.9777692,77.5695812,9824,9499,True,public,camera,90,,2020-03-08T17:02:47Z,2026-09-09T04:20:20Z,candidate-public-outdoor,unknown,https://www.openstreetmap.org/node/7274678212,https://www.thetraffic.in/data/surveillance_cameras.v1.json,ODbL-1.0
node/7276466237,,12.9773954,77.5709817,9824,9447,True,public,camera,,,2020-03-08T18:47:29Z,2026-09-09T04:20:20Z,candidate-public-outdoor,unknown,https://www.openstreetmap.org/node/7276466237,https://www.thetraffic.in/data/surveillance_cameras.v1.json,ODbL-1.0
node/7274678131,,12.977414,77.5707744,9828,9458,True,public,camera,,,2020-03-08T18:47:29Z,2026-09-09T04:20:20Z,candidate-public-outdoor,unknown,https://www.openstreetmap.org/node/7274678131,https://www.thetraffic.in/data/surveillance_cameras.v1.json,ODbL-1.0
node/7274655159,,12.9777115,77.5695925,9829,9503,True,public,camera,1,,2020-03-08T18:50:05Z,2026-09-09T04:20:20Z,candidate-public-outdoor,unknown,https://www.openstreetmap.org/node/7274655159,https://www.thetraffic.in/data/surveillance_cameras.v1.json,ODbL-1.0
node/7274647335,,12.9777223,77.569546,9830,9505,True,public,camera,1,,2020-03-08T18:50:22Z,2026-09-09T04:20:20Z,candidate-public-outdoor,unknown,https://www.openstreetmap.org/node/7274647335,https://www.thetraffic.in/data/surveillance_cameras.v1.json,ODbL-1.0
node/7274685970,,12.9774323,77.5705,9833,9473,True,public,camera,90,,2020-03-08T17:02:47Z,2026-09-09T04:20:20Z,candidate-public-outdoor,unknown,https://www.openstreetmap.org/node/7274685970,https://www.thetraffic.in/data/surveillance_cameras.v1.json,ODbL-1.0
node/13459600467,,12.9752513,77.6066624,9833,8183,True,indoor/outdoor,camera,135,,2026-01-16T06:13:01Z,2026-09-09T04:20:20Z,review-access-unknown,unknown,https://www.openstreetmap.org/node/13459600467,https://www.thetraffic.in/data/surveillance_cameras.v1.json,ODbL-1.0
node/7274641138,,12.9772411,77.5712295,9834,9446,True,public,camera,,,2020-03-08T18:47:29Z,2026-09-09T04:20:20Z,candidate-public-outdoor,unknown,https://www.openstreetmap.org/node/7274641138,https://www.thetraffic.in/data/surveillance_cameras.v1.json,ODbL-1.0
node/7274641137,,12.9775668,77.5699428,9835,9495,True,public,camera,,,2020-03-08T17:02:47Z,2026-09-09T04:20:20Z,candidate-public-outdoor,unknown,https://www.openstreetmap.org/node/7274641137,https://www.thetraffic.in/data/surveillance_cameras.v1.json,ODbL-1.0
node/7274671347,,12.9774675,77.5703025,9835,9482,True,public,camera,,,2020-03-08T17:02:47Z,2026-09-09T04:20:20Z,candidate-public-outdoor,unknown,https://www.openstreetmap.org/node/7274671347,https://www.thetraffic.in/data/surveillance_cameras.v1.json,ODbL-1.0
node/13459600468,,12.9752295,77.6067566,9837,8184,True,indoor/outdoor,camera,236,,2026-01-16T06:13:01Z,2026-09-09T04:20:20Z,review-access-unknown,unknown,https://www.openstreetmap.org/node/13459600468,https://www.thetraffic.in/data/surveillance_cameras.v1.json,ODbL-1.0
node/7274655160,Platform,12.9770409,77.5715713,9846,9444,True,public,camera,,,2020-03-08T18:47:29Z,2026-09-09T04:20:20Z,candidate-public-outdoor,unknown,https://www.openstreetmap.org/node/7274655160,https://www.thetraffic.in/data/surveillance_cameras.v1.json,ODbL-1.0
node/11214889010,,12.9752851,77.607796,9847,8159,True,public,camera,280,,2023-09-24T04:32:45Z,2026-09-09T04:20:20Z,candidate-public-outdoor,unknown,https://www.openstreetmap.org/node/11214889010,https://www.thetraffic.in/data/surveillance_cameras.v1.json,ODbL-1.0
node/13459600469,,12.9750831,77.6067323,9852,8200,True,indoor/outdoor,camera,327,,2026-01-16T06:13:01Z,2026-09-09T04:20:20Z,review-access-unknown,unknown,https://www.openstreetmap.org/node/13459600469,https://www.thetraffic.in/data/surveillance_cameras.v1.json,ODbL-1.0
node/13459600471,,12.97508,77.6067056,9852,8201,True,indoor/outdoor,camera,,,2026-01-16T06:13:01Z,2026-09-09T04:20:20Z,review-access-unknown,unknown,https://www.openstreetmap.org/node/13459600471,https://www.thetraffic.in/data/surveillance_cameras.v1.json,ODbL-1.0
node/13459600470,,12.9750729,77.6067326,9853,8201,True,indoor/outdoor,camera,244,,2026-01-16T06:13:01Z,2026-09-09T04:20:20Z,review-access-unknown,unknown,https://www.openstreetmap.org/node/13459600470,https://www.thetraffic.in/data/surveillance_cameras.v1.json,ODbL-1.0
node/6857700208,,12.9747765,77.6053673,9867,8261,True,outdoor,camera,100,,2019-10-07T13:30:59Z,2026-09-09T04:20:20Z,candidate-public-outdoor,unknown,https://www.openstreetmap.org/node/6857700208,https://www.thetraffic.in/data/surveillance_cameras.v1.json,ODbL-1.0
node/7843612137,3 cameras,13.002725,77.6610961,9867,6700,True,,,,,2020-08-25T14:18:29Z,2026-09-09T04:20:20Z,excluded-non-camera,unknown,https://www.openstreetmap.org/node/7843612137,https://www.thetraffic.in/data/surveillance_cameras.v1.json,ODbL-1.0
node/11909253733,,12.9763336,77.614628,9872,7956,True,public,camera,109,,2024-12-26T09:00:27Z,2026-09-09T04:20:20Z,candidate-public-outdoor,unknown,https://www.openstreetmap.org/node/11909253733,https://www.thetraffic.in/data/surveillance_cameras.v1.json,ODbL-1.0
node/6650958607,,12.975038,77.6078703,9875,8184,True,public,camera,,2023-10-12,2023-10-12T05:19:33Z,2026-09-09T04:20:20Z,candidate-public-outdoor,unknown,https://www.openstreetmap.org/node/6650958607,https://www.thetraffic.in/data/surveillance_cameras.v1.json,ODbL-1.0
node/6857680234,,12.9747214,77.6059745,9881,8254,True,public,camera,110,2021-12-05,2021-12-05T15:31:07Z,2026-09-09T04:20:20Z,candidate-public-outdoor,unknown,https://www.openstreetmap.org/node/6857680234,https://www.thetraffic.in/data/surveillance_cameras.v1.json,ODbL-1.0
node/6904574007,,12.976269,77.6147574,9882,7962,True,public,camera,13,2022-08-01,2024-05-16T08:07:09Z,2026-09-09T04:20:20Z,candidate-public-outdoor,unknown,https://www.openstreetmap.org/node/6904574007,https://www.thetraffic.in/data/surveillance_cameras.v1.json,ODbL-1.0
node/11083563005,,12.9749944,77.6079794,9882,8187,True,,camera,,2023-08-02,2023-08-02T12:22:29Z,2026-09-09T04:20:20Z,review-access-unknown,unknown,https://www.openstreetmap.org/node/11083563005,https://www.thetraffic.in/data/surveillance_cameras.v1.json,ODbL-1.0
node/11083563006,,12.9749832,77.6079661,9883,8189,True,,camera,,2023-08-02,2023-08-02T12:22:30Z,2026-09-09T04:20:20Z,review-access-unknown,unknown,https://www.openstreetmap.org/node/11083563006,https://www.thetraffic.in/data/surveillance_cameras.v1.json,ODbL-1.0
node/11594831483,,12.9750035,77.6081816,9884,8183,True,public,camera,105,,2024-07-31T03:49:35Z,2026-09-09T04:20:20Z,candidate-public-outdoor,unknown,https://www.openstreetmap.org/node/11594831483,https://www.thetraffic.in/data/surveillance_cameras.v1.json,ODbL-1.0
node/11594831484,,12.975003,77.6082437,9885,8182,True,public,camera,103,,2024-02-07T13:14:32Z,2026-09-09T04:20:20Z,candidate-public-outdoor,unknown,https://www.openstreetmap.org/node/11594831484,https://www.thetraffic.in/data/surveillance_cameras.v1.json,ODbL-1.0
node/12084294674,,12.9749885,77.6081765,9886,8185,True,public,camera,285,,2024-07-31T03:49:35Z,2026-09-09T04:20:20Z,candidate-public-outdoor,unknown,https://www.openstreetmap.org/node/12084294674,https://www.thetraffic.in/data/surveillance_cameras.v1.json,ODbL-1.0
node/6854536740,,12.9816292,77.6315081,9897,7453,True,public,camera,,2024-12-10,2024-12-17T14:11:43Z,2026-09-09T04:20:20Z,candidate-public-outdoor,unknown,https://www.openstreetmap.org/node/6854536740,https://www.thetraffic.in/data/surveillance_cameras.v1.json,ODbL-1.0
node/9142142907,,12.9738404,77.5884533,9914,8893,True,public,camera,,,2021-10-03T14:24:11Z,2026-09-09T04:20:20Z,candidate-public-outdoor,unknown,https://www.openstreetmap.org/node/9142142907,https://www.thetraffic.in/data/surveillance_cameras.v1.json,ODbL-1.0
node/11909358673,,12.9758868,77.614671,9921,8005,True,public,camera,202,,2024-05-16T08:29:42Z,2026-09-09T04:20:20Z,candidate-public-outdoor,unknown,https://www.openstreetmap.org/node/11909358673,https://www.thetraffic.in/data/surveillance_cameras.v1.json,ODbL-1.0
node/6761540036,,12.9735904,77.5973772,9929,8595,True,outdoor,camera,,,2023-11-16T17:06:35Z,2026-09-09T04:20:20Z,candidate-public-outdoor,unknown,https://www.openstreetmap.org/node/6761540036,https://www.thetraffic.in/data/surveillance_cameras.v1.json,ODbL-1.0
node/6761539849,,12.973585,77.5973893,9930,8595,True,outdoor,camera,,,2023-11-16T17:06:35Z,2026-09-09T04:20:20Z,candidate-public-outdoor,unknown,https://www.openstreetmap.org/node/6761539849,https://www.thetraffic.in/data/surveillance_cameras.v1.json,ODbL-1.0
node/6924178243,,12.9747163,77.6093021,9935,8197,True,public,camera,90,,2019-10-29T00:42:33Z,2026-09-09T04:20:20Z,candidate-public-outdoor,unknown,https://www.openstreetmap.org/node/6924178243,https://www.thetraffic.in/data/surveillance_cameras.v1.json,ODbL-1.0
node/9142142908,,12.9736234,77.5887564,9936,8903,True,public,camera,,,2021-10-03T14:24:11Z,2026-09-09T04:20:20Z,candidate-public-outdoor,unknown,https://www.openstreetmap.org/node/9142142908,https://www.thetraffic.in/data/surveillance_cameras.v1.json,ODbL-1.0
node/7274647696,Stairs climb facing,12.9762884,77.5710765,9940,9543,True,public,camera,0,,2020-03-08T18:47:29Z,2026-09-09T04:20:20Z,candidate-public-outdoor,unknown,https://www.openstreetmap.org/node/7274647696,https://www.thetraffic.in/data/surveillance_cameras.v1.json,ODbL-1.0
node/10006930139,,12.9751286,77.5758429,9950,9377,True,public,camera,45,,2022-09-07T16:23:37Z,2026-09-09T04:20:20Z,candidate-public-outdoor,unknown,https://www.openstreetmap.org/node/10006930139,https://www.thetraffic.in/data/surveillance_cameras.v1.json,ODbL-1.0
node/10006930138,,12.9751227,77.5758389,9951,9378,True,public,camera,225,,2022-09-07T16:23:37Z,2026-09-09T04:20:20Z,candidate-public-outdoor,unknown,https://www.openstreetmap.org/node/10006930138,https://www.thetraffic.in/data/surveillance_cameras.v1.json,ODbL-1.0
node/6832814219,,12.9743184,77.6077027,9952,8266,True,public,camera,,2025-11-03,2025-11-04T19:23:02Z,2026-09-09T04:20:20Z,candidate-public-outdoor,unknown,https://www.openstreetmap.org/node/6832814219,https://www.thetraffic.in/data/surveillance_cameras.v1.json,ODbL-1.0
node/7274674709,Stairs climb facing,12.9762388,77.5708302,9952,9563,True,public,camera,180,,2020-03-08T18:47:29Z,2026-09-09T04:20:20Z,candidate-public-outdoor,unknown,https://www.openstreetmap.org/node/7274674709,https://www.thetraffic.in/data/surveillance_cameras.v1.json,ODbL-1.0
node/11083562906,,12.9743134,77.6077088,9952,8267,True,,camera,,2023-08-02,2023-08-02T12:22:33Z,2026-09-09T04:20:20Z,review-access-unknown,unknown,https://www.openstreetmap.org/node/11083562906,https://www.thetraffic.in/data/surveillance_cameras.v1.json,ODbL-1.0
node/11083563105,,12.9743134,77.6077088,9952,8267,True,,camera,,2023-08-02,2023-08-02T12:22:31Z,2026-09-09T04:20:20Z,review-access-unknown,unknown,https://www.openstreetmap.org/node/11083563105,https://www.thetraffic.in/data/surveillance_cameras.v1.json,ODbL-1.0
node/11083563405,,12.9743134,77.6077088,9952,8267,True,,camera,,2023-08-02,2023-08-02T12:22:31Z,2026-09-09T04:20:20Z,review-access-unknown,unknown,https://www.openstreetmap.org/node/11083563405,https://www.thetraffic.in/data/surveillance_cameras.v1.json,ODbL-1.0
node/6897565425,,13.0036965,77.6631518,9960,6772,True,public,camera,,,2019-10-19T08:24:36Z,2026-09-09T04:20:20Z,candidate-public-outdoor,unknown,https://www.openstreetmap.org/node/6897565425,https://www.thetraffic.in/data/surveillance_cameras.v1.json,ODbL-1.0
node/7156536797,,12.9847146,77.5489028,9970,10405,True,public,camera,10,,2020-01-24T13:33:40Z,2026-09-09T04:20:20Z,candidate-public-outdoor,unknown,https://www.openstreetmap.org/node/7156536797,https://www.thetraffic.in/data/surveillance_cameras.v1.json,ODbL-1.0
node/7156536796,,12.9846832,77.5489014,9973,10408,True,public,camera,180,,2020-01-24T13:33:40Z,2026-09-09T04:20:20Z,candidate-public-outdoor,unknown,https://www.openstreetmap.org/node/7156536796,https://www.thetraffic.in/data/surveillance_cameras.v1.json,ODbL-1.0
node/6924225148,,12.9753022,77.6144661,9980,8072,True,public,camera,,2022-08-01,2022-08-02T03:20:51Z,2026-09-09T04:20:20Z,candidate-public-outdoor,unknown,https://www.openstreetmap.org/node/6924225148,https://www.thetraffic.in/data/surveillance_cameras.v1.json,ODbL-1.0
node/11951381258,,12.9745091,77.6110962,9992,8194,True,public,camera,182,,2024-06-02T06:45:13Z,2026-09-09T04:20:20Z,candidate-public-outdoor,unknown,https://www.openstreetmap.org/node/11951381258,https://www.thetraffic.in/data/surveillance_cameras.v1.json,ODbL-1.0
node/6832821415,,12.9744932,77.6111814,9995,8195,True,public,camera,,,2019-09-29T12:48:44Z,2026-09-09T04:20:20Z,candidate-public-outdoor,unknown,https://www.openstreetmap.org/node/6832821415,https://www.thetraffic.in/data/surveillance_cameras.v1.json,ODbL-1.0
node/6897252507,,12.9735296,77.6048876,9998,8407,True,outdoor,camera,120,,2019-10-19T04:01:07Z,2026-09-09T04:20:20Z,candidate-public-outdoor,unknown,https://www.openstreetmap.org/node/6897252507,https://www.thetraffic.in/data/surveillance_cameras.v1.json,ODbL-1.0
node/6991291226,,12.972893,77.5929243,10001,8818,True,public,camera,,,2019-12-13T01:14:55Z,2026-09-09T04:20:20Z,candidate-public-outdoor,unknown,https://www.openstreetmap.org/node/6991291226,https://www.thetraffic.in/data/surveillance_cameras.v1.json,ODbL-1.0
node/6685724529,,12.973016,77.599764,10005,8587,True,outdoor,camera,180,,2019-08-07T08:00:23Z,2026-09-09T04:20:20Z,candidate-public-outdoor,unknown,https://www.openstreetmap.org/node/6685724529,https://www.thetraffic.in/data/surveillance_cameras.v1.json,ODbL-1.0
node/5740384471,Pole 4,12.9743705,77.6110349,10006,8210,True,traffic,camera,180,,2026-01-12T06:00:38Z,2026-09-09T04:20:20Z,candidate-public-outdoor,unknown,https://www.openstreetmap.org/node/5740384471,https://www.thetraffic.in/data/surveillance_cameras.v1.json,ODbL-1.0
node/7133725101,,12.97505,77.6144094,10006,8100,True,public,camera,0,,2020-01-20T06:39:29Z,2026-09-09T04:20:20Z,candidate-public-outdoor,unknown,https://www.openstreetmap.org/node/7133725101,https://www.thetraffic.in/data/surveillance_cameras.v1.json,ODbL-1.0
node/7133731138,,12.9750178,77.6143895,10009,8104,True,public,camera,180,,2020-01-20T06:39:29Z,2026-09-09T04:20:20Z,candidate-public-outdoor,unknown,https://www.openstreetmap.org/node/7133731138,https://www.thetraffic.in/data/surveillance_cameras.v1.json,ODbL-1.0
node/9142142894,,12.9728877,77.5900626,10010,8926,True,public,camera,,,2021-10-03T14:24:11Z,2026-09-09T04:20:20Z,candidate-public-outdoor,unknown,https://www.openstreetmap.org/node/9142142894,https://www.thetraffic.in/data/surveillance_cameras.v1.json,ODbL-1.0
node/11083562905,,12.9742861,77.6111554,10017,8218,True,,camera,,2023-08-02,2023-08-02T12:22:28Z,2026-09-09T04:20:20Z,review-access-unknown,unknown,https://www.openstreetmap.org/node/11083562905,https://www.thetraffic.in/data/surveillance_cameras.v1.json,ODbL-1.0
node/6991263413,,12.9726099,77.5911178,10037,8914,True,public,camera,,,2019-12-13T01:16:43Z,2026-09-09T04:20:20Z,candidate-public-outdoor,unknown,https://www.openstreetmap.org/node/6991263413,https://www.thetraffic.in/data/surveillance_cameras.v1.json,ODbL-1.0
node/11914972125,,12.9784991,77.6273,10043,7736,True,outdoor,camera,283,,2024-05-18T06:17:08Z,2026-09-09T04:20:20Z,candidate-public-outdoor,unknown,https://www.openstreetmap.org/node/11914972125,https://www.thetraffic.in/data/surveillance_cameras.v1.json,ODbL-1.0
node/9936668903,,12.9833444,77.5498315,10055,10435,True,public,camera,90,2022-08-07,2022-08-07T06:44:52Z,2026-09-09T04:20:20Z,candidate-public-outdoor,unknown,https://www.openstreetmap.org/node/9936668903,https://www.thetraffic.in/data/surveillance_cameras.v1.json,ODbL-1.0
node/6743843731,,12.9828817,77.6374807,10056,7453,True,public,camera,,2022-09-25,2022-10-02T08:36:42Z,2026-09-09T04:20:20Z,candidate-public-outdoor,unknown,https://www.openstreetmap.org/node/6743843731,https://www.thetraffic.in/data/surveillance_cameras.v1.json,ODbL-1.0
node/9936668901,,12.9833414,77.549816,10056,10437,True,public,camera,270,2022-08-07,2022-08-07T06:44:52Z,2026-09-09T04:20:20Z,candidate-public-outdoor,unknown,https://www.openstreetmap.org/node/9936668901,https://www.thetraffic.in/data/surveillance_cameras.v1.json,ODbL-1.0
node/9936668902,,12.9833359,77.5498208,10056,10437,True,public,camera,180,2022-08-07,2022-08-07T06:44:52Z,2026-09-09T04:20:20Z,candidate-public-outdoor,unknown,https://www.openstreetmap.org/node/9936668902,https://www.thetraffic.in/data/surveillance_cameras.v1.json,ODbL-1.0
node/8989627053,,12.9728092,77.6032235,10058,8522,True,public,camera,277,,2024-06-02T10:12:57Z,2026-09-09T04:20:20Z,candidate-public-outdoor,unknown,https://www.openstreetmap.org/node/8989627053,https://www.thetraffic.in/data/surveillance_cameras.v1.json,ODbL-1.0
node/11951612839,,12.9728138,77.6032223,10058,8521,True,public,camera,351,,2024-06-02T10:12:57Z,2026-09-09T04:20:20Z,candidate-public-outdoor,unknown,https://www.openstreetmap.org/node/11951612839,https://www.thetraffic.in/data/surveillance_cameras.v1.json,ODbL-1.0
node/7276466236,,12.9742919,77.5750329,10059,9502,True,public,camera,,,2020-03-08T12:19:10Z,2026-09-09T04:20:20Z,candidate-public-outdoor,unknown,https://www.openstreetmap.org/node/7276466236,https://www.thetraffic.in/data/surveillance_cameras.v1.json,ODbL-1.0
node/9967147417,,13.0385324,77.5046162,10061,12534,True,public,camera,,,2022-08-21T06:25:52Z,2026-09-09T04:20:20Z,candidate-public-outdoor,unknown,https://www.openstreetmap.org/node/9967147417,https://www.thetraffic.in/data/surveillance_cameras.v1.json,ODbL-1.0
node/10758400605,,13.0034371,77.6641812,10063,6870,True,public,camera,,2023-03-24,2023-03-24T08:27:07Z,2026-09-09T04:20:20Z,candidate-public-outdoor,unknown,https://www.openstreetmap.org/node/10758400605,https://www.thetraffic.in/data/surveillance_cameras.v1.json,ODbL-1.0
node/10758400606,,13.0034371,77.6641812,10063,6870,True,public,camera,,2023-03-24,2023-03-24T08:27:09Z,2026-09-09T04:20:20Z,candidate-public-outdoor,unknown,https://www.openstreetmap.org/node/10758400606,https://www.thetraffic.in/data/surveillance_cameras.v1.json,ODbL-1.0
node/12525844636,,12.9722968,77.5938815,10067,8847,True,public,camera,39,,2025-01-23T07:54:36Z,2026-09-09T04:20:20Z,candidate-public-outdoor,unknown,https://www.openstreetmap.org/node/12525844636,https://www.thetraffic.in/data/surveillance_cameras.v1.json,ODbL-1.0
node/12137671672,,12.9730282,77.581639,10076,9282,True,public,camera,,,2024-08-26T12:33:25Z,2026-09-09T04:20:20Z,candidate-public-outdoor,unknown,https://www.openstreetmap.org/node/12137671672,https://www.thetraffic.in/data/surveillance_cameras.v1.json,ODbL-1.0
node/12137671671,,12.9730221,77.5816295,10077,9283,True,public,camera,225,,2024-08-26T12:33:25Z,2026-09-09T04:20:20Z,candidate-public-outdoor,unknown,https://www.openstreetmap.org/node/12137671671,https://www.thetraffic.in/data/surveillance_cameras.v1.json,ODbL-1.0
node/12525844635,,12.972166,77.5941679,10081,8851,True,public,camera,,,2025-01-23T07:54:36Z,2026-09-09T04:20:20Z,candidate-public-outdoor,unknown,https://www.openstreetmap.org/node/12525844635,https://www.thetraffic.in/data/surveillance_cameras.v1.json,ODbL-1.0
node/6503984329,,12.97579,77.6202192,10084,7996,True,,,,,2019-05-27T13:34:18Z,2026-09-09T04:20:20Z,excluded-non-camera,unknown,https://www.openstreetmap.org/node/6503984329,https://www.thetraffic.in/data/surveillance_cameras.v1.json,ODbL-1.0
node/11420547571,,12.9807239,77.6336316,10085,7593,True,outdoor,camera,101,,2023-12-15T15:46:23Z,2026-09-09T04:20:20Z,candidate-public-outdoor,unknown,https://www.openstreetmap.org/node/11420547571,https://www.thetraffic.in/data/surveillance_cameras.v1.json,ODbL-1.0
node/9214580907,,12.9735267,77.6109222,10096,8305,True,public,camera,0,,2021-10-31T16:36:30Z,2026-09-09T04:20:20Z,candidate-public-outdoor,unknown,https://www.openstreetmap.org/node/9214580907,https://www.thetraffic.in/data/surveillance_cameras.v1.json,ODbL-1.0
node/10272932170,,12.9722891,77.6010738,10096,8630,True,outdoor,camera,120,,2022-12-19T10:01:55Z,2026-09-09T04:20:20Z,candidate-public-outdoor,unknown,https://www.openstreetmap.org/node/10272932170,https://www.thetraffic.in/data/surveillance_cameras.v1.json,ODbL-1.0
node/10272932171,,12.9722898,77.6010637,10096,8631,True,outdoor,camera,210,,2022-12-19T10:01:55Z,2026-09-09T04:20:20Z,candidate-public-outdoor,unknown,https://www.openstreetmap.org/node/10272932171,https://www.thetraffic.in/data/surveillance_cameras.v1.json,ODbL-1.0
node/9214580906,,12.9735163,77.6109228,10097,8306,True,public,camera,180,2026-03-01,2026-03-01T03:06:41Z,2026-09-09T04:20:20Z,candidate-public-outdoor,unknown,https://www.openstreetmap.org/node/9214580906,https://www.thetraffic.in/data/surveillance_cameras.v1.json,ODbL-1.0
node/6894685190,,12.975549,77.620283,10111,8023,True,public,camera,,,2019-10-18T05:51:12Z,2026-09-09T04:20:20Z,candidate-public-outdoor,unknown,https://www.openstreetmap.org/node/6894685190,https://www.thetraffic.in/data/surveillance_cameras.v1.json,ODbL-1.0
node/6991284581,,12.9719002,77.5924446,10112,8939,True,public,camera,,2024-12-24,2024-12-24T09:13:11Z,2026-09-09T04:20:20Z,candidate-public-outdoor,unknown,https://www.openstreetmap.org/node/6991284581,https://www.thetraffic.in/data/surveillance_cameras.v1.json,ODbL-1.0
node/12137671673,,12.9727108,77.581538,10112,9318,True,public,camera,,,2024-08-26T12:33:25Z,2026-09-09T04:20:20Z,candidate-public-outdoor,unknown,https://www.openstreetmap.org/node/12137671673,https://www.thetraffic.in/data/surveillance_cameras.v1.json,ODbL-1.0
node/11420436722,,12.9822563,77.6376333,10125,7525,True,outdoor,camera,284,,2023-12-15T15:16:37Z,2026-09-09T04:20:20Z,candidate-public-outdoor,unknown,https://www.openstreetmap.org/node/11420436722,https://www.thetraffic.in/data/surveillance_cameras.v1.json,ODbL-1.0
node/11420471308,,12.9822563,77.6376333,10125,7525,True,outdoor,camera,142,,2023-12-15T15:15:50Z,2026-09-09T04:20:20Z,candidate-public-outdoor,unknown,https://www.openstreetmap.org/node/11420471308,https://www.thetraffic.in/data/surveillance_cameras.v1.json,ODbL-1.0
node/11420475305,,12.9822563,77.6376333,10125,7525,True,outdoor,camera,82,,2023-12-15T15:16:12Z,2026-09-09T04:20:20Z,candidate-public-outdoor,unknown,https://www.openstreetmap.org/node/11420475305,https://www.thetraffic.in/data/surveillance_cameras.v1.json,ODbL-1.0
node/5740384470,Pole 5,12.9737679,77.6138022,10131,8247,True,public,camera,180,,2020-07-09T04:31:19Z,2026-09-09T04:20:20Z,candidate-public-outdoor,unknown,https://www.openstreetmap.org/node/5740384470,https://www.thetraffic.in/data/surveillance_cameras.v1.json,ODbL-1.0
node/7292436152,,12.9746115,77.5706021,10134,9727,True,public,camera,0,,2023-07-24T07:10:44Z,2026-09-09T04:20:20Z,candidate-public-outdoor,unknown,https://www.openstreetmap.org/node/7292436152,https://www.thetraffic.in/data/surveillance_cameras.v1.json,ODbL-1.0
node/9747784617,,12.9737616,77.6139426,10134,8247,True,public,camera,,2022-05-17,2022-05-17T02:34:56Z,2026-09-09T04:20:20Z,candidate-public-outdoor,unknown,https://www.openstreetmap.org/node/9747784617,https://www.thetraffic.in/data/surveillance_cameras.v1.json,ODbL-1.0
node/7292436144,,12.9743383,77.5714387,10141,9703,True,public,camera,90,,2020-03-13T16:45:24Z,2026-09-09T04:20:20Z,candidate-public-outdoor,unknown,https://www.openstreetmap.org/node/7292436144,https://www.thetraffic.in/data/surveillance_cameras.v1.json,ODbL-1.0
node/11912025606,,12.9724748,77.6072946,10148,8476,True,outdoor,camera,,,2024-05-17T09:37:21Z,2026-09-09T04:20:20Z,candidate-public-outdoor,unknown,https://www.openstreetmap.org/node/11912025606,https://www.thetraffic.in/data/surveillance_cameras.v1.json,ODbL-1.0
node/11912025607,,12.9724762,77.6073069,10148,8475,True,outdoor,camera,35,,2024-05-17T09:37:21Z,2026-09-09T04:20:20Z,candidate-public-outdoor,unknown,https://www.openstreetmap.org/node/11912025607,https://www.thetraffic.in/data/surveillance_cameras.v1.json,ODbL-1.0
node/7276466235,,12.9715141,77.5870384,10182,9191,True,public,camera,,,2020-03-08T12:19:10Z,2026-09-09T04:20:20Z,candidate-public-outdoor,unknown,https://www.openstreetmap.org/node/7276466235,https://www.thetraffic.in/data/surveillance_cameras.v1.json,ODbL-1.0
node/10608275705,,12.9717963,77.60445,10184,8605,True,public,camera,,2023-02-05,2023-02-05T15:02:07Z,2026-09-09T04:20:20Z,candidate-public-outdoor,unknown,https://www.openstreetmap.org/node/10608275705,https://www.thetraffic.in/data/surveillance_cameras.v1.json,ODbL-1.0
node/11951612838,,12.9717702,77.6043818,10186,8609,True,public,camera,70,,2024-06-02T10:12:57Z,2026-09-09T04:20:20Z,candidate-public-outdoor,unknown,https://www.openstreetmap.org/node/11951612838,https://www.thetraffic.in/data/surveillance_cameras.v1.json,ODbL-1.0
node/6451941089,,12.9747424,77.6200275,10190,8112,True,public,camera,,2022-09-25,2022-10-02T08:36:41Z,2026-09-09T04:20:20Z,candidate-public-outdoor,unknown,https://www.openstreetmap.org/node/6451941089,https://www.thetraffic.in/data/surveillance_cameras.v1.json,ODbL-1.0
node/6507548685,,12.9712442,77.5976968,10191,8836,True,public,camera,,,2019-05-29T04:30:27Z,2026-09-09T04:20:20Z,candidate-public-outdoor,unknown,https://www.openstreetmap.org/node/6507548685,https://www.thetraffic.in/data/surveillance_cameras.v1.json,ODbL-1.0
node/6507548686,,12.9712472,77.5977061,10191,8836,True,public,camera,,2023-10-02,2024-11-08T03:38:54Z,2026-09-09T04:20:20Z,candidate-public-outdoor,unknown,https://www.openstreetmap.org/node/6507548686,https://www.thetraffic.in/data/surveillance_cameras.v1.json,ODbL-1.0
node/6618959850,,12.974728,77.6200106,10191,8114,True,outdoor,camera,,2022-09-25,2022-10-02T08:36:42Z,2026-09-09T04:20:20Z,candidate-public-outdoor,unknown,https://www.openstreetmap.org/node/6618959850,https://www.thetraffic.in/data/surveillance_cameras.v1.json,ODbL-1.0
node/6894652685,,12.9747087,77.6199889,10192,8116,True,public,camera,90,2022-09-25,2022-10-02T08:36:41Z,2026-09-09T04:20:20Z,candidate-public-outdoor,unknown,https://www.openstreetmap.org/node/6894652685,https://www.thetraffic.in/data/surveillance_cameras.v1.json,ODbL-1.0
node/6897559157,,12.9857681,77.6450257,10192,7403,True,public,camera,,2023-11-07,2023-11-07T15:53:01Z,2026-09-09T04:20:20Z,candidate-public-outdoor,unknown,https://www.openstreetmap.org/node/6897559157,https://www.thetraffic.in/data/surveillance_cameras.v1.json,ODbL-1.0
node/7004048327,,12.9711758,77.5967646,10195,8871,True,outdoor,camera,0,,2024-01-10T16:01:47Z,2026-09-09T04:20:20Z,candidate-public-outdoor,unknown,https://www.openstreetmap.org/node/7004048327,https://www.thetraffic.in/data/surveillance_cameras.v1.json,ODbL-1.0
node/7004051475,,12.9711757,77.5968221,10195,8870,True,outdoor,camera,0,,2024-01-10T16:01:47Z,2026-09-09T04:20:20Z,candidate-public-outdoor,unknown,https://www.openstreetmap.org/node/7004051475,https://www.thetraffic.in/data/surveillance_cameras.v1.json,ODbL-1.0
node/11981110978,,13.0476349,77.5012728,10195,12854,True,public,camera,,,2024-06-14T15:15:23Z,2026-09-09T04:20:20Z,candidate-public-outdoor,unknown,https://www.openstreetmap.org/node/11981110978,https://www.thetraffic.in/data/surveillance_cameras.v1.json,ODbL-1.0
node/7003989497,,12.9711662,77.5967717,10196,8872,True,outdoor,camera,90,,2024-01-10T16:01:47Z,2026-09-09T04:20:20Z,candidate-public-outdoor,unknown,https://www.openstreetmap.org/node/7003989497,https://www.thetraffic.in/data/surveillance_cameras.v1.json,ODbL-1.0
node/7004037518,,12.9711677,77.5968106,10196,8871,True,outdoor,camera,270,,2024-01-10T16:01:47Z,2026-09-09T04:20:20Z,candidate-public-outdoor,unknown,https://www.openstreetmap.org/node/7004037518,https://www.thetraffic.in/data/surveillance_cameras.v1.json,ODbL-1.0
node/7004037793,,12.9711669,77.5968198,10196,8871,True,outdoor,camera,90,,2024-01-10T16:01:47Z,2026-09-09T04:20:20Z,candidate-public-outdoor,unknown,https://www.openstreetmap.org/node/7004037793,https://www.thetraffic.in/data/surveillance_cameras.v1.json,ODbL-1.0
node/7004045087,,12.9711661,77.5967619,10196,8873,True,outdoor,camera,270,,2024-01-10T16:01:47Z,2026-09-09T04:20:20Z,candidate-public-outdoor,unknown,https://www.openstreetmap.org/node/7004045087,https://www.thetraffic.in/data/surveillance_cameras.v1.json,ODbL-1.0
node/11981110977,,13.0476434,77.5012641,10196,12855,True,public,camera,20,,2024-06-14T15:15:23Z,2026-09-09T04:20:20Z,candidate-public-outdoor,unknown,https://www.openstreetmap.org/node/11981110977,https://www.thetraffic.in/data/surveillance_cameras.v1.json,ODbL-1.0
node/11981110976,,13.0476303,77.5012567,10197,12856,True,public,camera,280,,2024-06-14T15:15:23Z,2026-09-09T04:20:20Z,candidate-public-outdoor,unknown,https://www.openstreetmap.org/node/11981110976,https://www.thetraffic.in/data/surveillance_cameras.v1.json,ODbL-1.0
node/13359197391,,12.9898484,77.5370234,10201,11048,True,outdoor,camera,284,,2025-12-07T11:25:34Z,2026-09-09T04:20:20Z,candidate-public-outdoor,unknown,https://www.openstreetmap.org/node/13359197391,https://www.thetraffic.in/data/surveillance_cameras.v1.json,ODbL-1.0
node/13359197392,,12.9898484,77.5370234,10201,11048,True,outdoor,camera,101,,2025-12-07T11:25:34Z,2026-09-09T04:20:20Z,candidate-public-outdoor,unknown,https://www.openstreetmap.org/node/13359197392,https://www.thetraffic.in/data/surveillance_cameras.v1.json,ODbL-1.0
node/9838558317,,12.9719464,77.6069888,10202,8539,True,public,camera,0,2022-06-22,2022-06-22T11:42:41Z,2026-09-09T04:20:20Z,candidate-public-outdoor,unknown,https://www.openstreetmap.org/node/9838558317,https://www.thetraffic.in/data/surveillance_cameras.v1.json,ODbL-1.0
node/9838558318,,12.9719516,77.607035,10202,8538,True,public,camera,270,2022-06-22,2022-06-22T11:42:42Z,2026-09-09T04:20:20Z,candidate-public-outdoor,unknown,https://www.openstreetmap.org/node/9838558318,https://www.thetraffic.in/data/surveillance_cameras.v1.json,ODbL-1.0
node/6553278367,,12.971918,77.6070349,10205,8541,True,public,camera,,,2020-01-20T07:15:53Z,2026-09-09T04:20:20Z,candidate-public-outdoor,unknown,https://www.openstreetmap.org/node/6553278367,https://www.thetraffic.in/data/surveillance_cameras.v1.json,ODbL-1.0
node/6777865116,,12.9748142,77.6208216,10206,8105,True,outdoor,camera,250,,2019-09-08T16:14:38Z,2026-09-09T04:20:20Z,candidate-public-outdoor,unknown,https://www.openstreetmap.org/node/6777865116,https://www.thetraffic.in/data/surveillance_cameras.v1.json,ODbL-1.0
node/7292436107,,12.9712907,77.5869767,10207,9216,True,public,camera,0,,2020-03-13T16:45:24Z,2026-09-09T04:20:20Z,candidate-public-outdoor,unknown,https://www.openstreetmap.org/node/7292436107,https://www.thetraffic.in/data/surveillance_cameras.v1.json,ODbL-1.0
node/11478272174,,12.9719162,77.6071242,10207,8540,True,public,camera,56,,2024-01-02T06:48:01Z,2026-09-09T04:20:20Z,candidate-public-outdoor,unknown,https://www.openstreetmap.org/node/11478272174,https://www.thetraffic.in/data/surveillance_cameras.v1.json,ODbL-1.0
node/6633123944,,12.9733365,77.6151086,10208,8285,True,public,camera,,2023-10-12,2023-10-12T05:11:15Z,2026-09-09T04:20:20Z,candidate-public-outdoor,unknown,https://www.openstreetmap.org/node/6633123944,https://www.thetraffic.in/data/surveillance_cameras.v1.json,ODbL-1.0
node/11478272173,,12.9718754,77.6070732,10211,8545,True,public,camera,,,2024-01-02T06:48:01Z,2026-09-09T04:20:20Z,candidate-public-outdoor,unknown,https://www.openstreetmap.org/node/11478272173,https://www.thetraffic.in/data/surveillance_cameras.v1.json,ODbL-1.0
node/13359197393,,12.9898777,77.5368318,10211,11063,True,outdoor,camera,285,,2025-12-07T11:25:34Z,2026-09-09T04:20:20Z,candidate-public-outdoor,unknown,https://www.openstreetmap.org/node/13359197393,https://www.thetraffic.in/data/surveillance_cameras.v1.json,ODbL-1.0
node/13359197394,,12.9898777,77.5368318,10211,11063,True,outdoor,camera,98,,2025-12-07T11:25:34Z,2026-09-09T04:20:20Z,candidate-public-outdoor,unknown,https://www.openstreetmap.org/node/13359197394,https://www.thetraffic.in/data/surveillance_cameras.v1.json,ODbL-1.0
node/11939183360,,12.9718529,77.6069885,10212,8549,True,public,camera,61,,2024-05-28T09:25:12Z,2026-09-09T04:20:20Z,candidate-public-outdoor,unknown,https://www.openstreetmap.org/node/11939183360,https://www.thetraffic.in/data/surveillance_cameras.v1.json,ODbL-1.0
node/11939183361,,12.9718529,77.6069885,10212,8549,True,public,camera,,,2024-05-28T09:25:12Z,2026-09-09T04:20:20Z,candidate-public-outdoor,unknown,https://www.openstreetmap.org/node/11939183361,https://www.thetraffic.in/data/surveillance_cameras.v1.json,ODbL-1.0
node/6507541930,,12.9710184,77.5975255,10215,8865,True,outdoor,camera,,,2024-08-18T16:47:25Z,2026-09-09T04:20:20Z,candidate-public-outdoor,unknown,https://www.openstreetmap.org/node/6507541930,https://www.thetraffic.in/data/surveillance_cameras.v1.json,ODbL-1.0
node/9142142902,,12.9710646,77.5889575,10219,9158,True,public,camera,,,2021-10-03T14:24:11Z,2026-09-09T04:20:20Z,candidate-public-outdoor,unknown,https://www.openstreetmap.org/node/9142142902,https://www.thetraffic.in/data/surveillance_cameras.v1.json,ODbL-1.0
node/10006930140,,12.9712015,77.5835599,10252,9375,True,public,camera,,,2022-09-07T16:23:37Z,2026-09-09T04:20:20Z,candidate-public-outdoor,unknown,https://www.openstreetmap.org/node/10006930140,https://www.thetraffic.in/data/surveillance_cameras.v1.json,ODbL-1.0
node/10129602800,,12.9706464,77.5920206,10252,9086,True,public,camera,,2022-10-23,2022-10-26T06:18:46Z,2026-09-09T04:20:20Z,candidate-public-outdoor,unknown,https://www.openstreetmap.org/node/10129602800,https://www.thetraffic.in/data/surveillance_cameras.v1.json,ODbL-1.0
node/10006930141,,12.971191,77.5835747,10253,9375,True,public,camera,135,,2022-09-07T16:23:37Z,2026-09-09T04:20:20Z,candidate-public-outdoor,unknown,https://www.openstreetmap.org/node/10006930141,https://www.thetraffic.in/data/surveillance_cameras.v1.json,ODbL-1.0
node/11499938299,,12.9755144,77.6246853,10259,8043,True,outdoor,camera,184,,2024-01-08T12:17:32Z,2026-09-09T04:20:20Z,candidate-public-outdoor,unknown,https://www.openstreetmap.org/node/11499938299,https://www.thetraffic.in/data/surveillance_cameras.v1.json,ODbL-1.0
node/11499963230,,12.9755128,77.6246837,10259,8043,True,outdoor,camera,139,,2024-01-08T12:17:58Z,2026-09-09T04:20:20Z,candidate-public-outdoor,unknown,https://www.openstreetmap.org/node/11499963230,https://www.thetraffic.in/data/surveillance_cameras.v1.json,ODbL-1.0
node/11499975293,,12.9755098,77.624685,10259,8043,True,outdoor,camera,277,,2024-01-08T12:18:21Z,2026-09-09T04:20:20Z,candidate-public-outdoor,unknown,https://www.openstreetmap.org/node/11499975293,https://www.thetraffic.in/data/surveillance_cameras.v1.json,ODbL-1.0
node/6991253653,,12.9705556,77.5921246,10262,9092,True,public,camera,45,,2019-12-13T01:19:58Z,2026-09-09T04:20:20Z,candidate-public-outdoor,unknown,https://www.openstreetmap.org/node/6991253653,https://www.thetraffic.in/data/surveillance_cameras.v1.json,ODbL-1.0
node/6991275373,,12.9705289,77.5920933,10265,9096,True,public,camera,200,,2019-12-13T01:19:58Z,2026-09-09T04:20:20Z,candidate-public-outdoor,unknown,https://www.openstreetmap.org/node/6991275373,https://www.thetraffic.in/data/surveillance_cameras.v1.json,ODbL-1.0
node/11085725805,,12.9731619,77.6166943,10267,8295,True,,camera,,2023-08-03,2023-08-03T12:57:51Z,2026-09-09T04:20:20Z,review-access-unknown,unknown,https://www.openstreetmap.org/node/11085725805,https://www.thetraffic.in/data/surveillance_cameras.v1.json,ODbL-1.0
node/13359197395,,12.9896045,77.5363215,10269,11126,True,outdoor,camera,105,,2025-12-07T11:25:34Z,2026-09-09T04:20:20Z,candidate-public-outdoor,unknown,https://www.openstreetmap.org/node/13359197395,https://www.thetraffic.in/data/surveillance_cameras.v1.json,ODbL-1.0
node/13359197396,,12.9896045,77.5363215,10269,11126,True,outdoor,camera,269,,2025-12-07T11:25:34Z,2026-09-09T04:20:20Z,candidate-public-outdoor,unknown,https://www.openstreetmap.org/node/13359197396,https://www.thetraffic.in/data/surveillance_cameras.v1.json,ODbL-1.0
node/13359197397,,12.9896045,77.5363215,10269,11126,True,outdoor,camera,210,,2025-12-07T11:25:34Z,2026-09-09T04:20:20Z,candidate-public-outdoor,unknown,https://www.openstreetmap.org/node/13359197397,https://www.thetraffic.in/data/surveillance_cameras.v1.json,ODbL-1.0
node/13359197398,,12.9896045,77.5363215,10269,11126,True,outdoor,camera,17,,2025-12-07T11:25:34Z,2026-09-09T04:20:20Z,candidate-public-outdoor,unknown,https://www.openstreetmap.org/node/13359197398,https://www.thetraffic.in/data/surveillance_cameras.v1.json,ODbL-1.0
node/6897535302,,12.986718,77.6479024,10277,7427,True,public,camera,,2022-09-03,2022-09-12T14:27:43Z,2026-09-09T04:20:20Z,candidate-public-outdoor,unknown,https://www.openstreetmap.org/node/6897535302,https://www.thetraffic.in/data/surveillance_cameras.v1.json,ODbL-1.0
node/11297733142,,12.9709443,77.6046629,10281,8694,True,,,,,2023-10-29T13:03:11Z,2026-09-09T04:20:20Z,excluded-non-camera,unknown,https://www.openstreetmap.org/node/11297733142,https://www.thetraffic.in/data/surveillance_cameras.v1.json,ODbL-1.0
node/10129602788,,12.9709103,77.6047055,10285,8696,True,public,camera,240,2022-10-23,2022-10-26T06:18:46Z,2026-09-09T04:20:20Z,candidate-public-outdoor,unknown,https://www.openstreetmap.org/node/10129602788,https://www.thetraffic.in/data/surveillance_cameras.v1.json,ODbL-1.0
node/12336007957,,12.9708567,77.60479,10292,8700,True,outdoor,camera,138,,2024-11-13T02:50:34Z,2026-09-09T04:20:20Z,candidate-public-outdoor,unknown,https://www.openstreetmap.org/node/12336007957,https://www.thetraffic.in/data/surveillance_cameras.v1.json,ODbL-1.0
node/6897237984,,12.9708437,77.6047464,10293,8703,True,public,camera,,2021-12-05,2021-12-05T15:30:53Z,2026-09-09T04:20:20Z,candidate-public-outdoor,unknown,https://www.openstreetmap.org/node/6897237984,https://www.thetraffic.in/data/surveillance_cameras.v1.json,ODbL-1.0
node/12118862840,,12.9708628,77.6049043,10293,8697,True,public,camera,180,,2024-08-18T18:54:12Z,2026-09-09T04:20:20Z,candidate-public-outdoor,unknown,https://www.openstreetmap.org/node/12118862840,https://www.thetraffic.in/data/surveillance_cameras.v1.json,ODbL-1.0
node/12525844622,,12.9710917,77.6069548,10295,8633,True,public,camera,209,,2025-01-23T07:54:36Z,2026-09-09T04:20:20Z,candidate-public-outdoor,unknown,https://www.openstreetmap.org/node/12525844622,https://www.thetraffic.in/data/surveillance_cameras.v1.json,ODbL-1.0
node/12525844628,,12.9708149,77.6048905,10298,8703,True,public,camera,164,,2025-01-23T07:54:36Z,2026-09-09T04:20:20Z,candidate-public-outdoor,unknown,https://www.openstreetmap.org/node/12525844628,https://www.thetraffic.in/data/surveillance_cameras.v1.json,ODbL-1.0
node/10279677012,,12.9701948,77.5943911,10300,9051,True,public,camera,350,,2023-12-17T10:11:58Z,2026-09-09T04:20:20Z,candidate-public-outdoor,unknown,https://www.openstreetmap.org/node/10279677012,https://www.thetraffic.in/data/surveillance_cameras.v1.json,ODbL-1.0
node/10286307775,,12.9707823,77.6047662,10300,8709,True,public,camera,160,,2022-12-25T18:47:33Z,2026-09-09T04:20:20Z,candidate-public-outdoor,unknown,https://www.openstreetmap.org/node/10286307775,https://www.thetraffic.in/data/surveillance_cameras.v1.json,ODbL-1.0
node/11914371712,,12.9760305,77.6273535,10302,8009,True,outdoor,camera,205,,2024-05-18T00:06:46Z,2026-09-09T04:20:20Z,candidate-public-outdoor,unknown,https://www.openstreetmap.org/node/11914371712,https://www.thetraffic.in/data/surveillance_cameras.v1.json,ODbL-1.0
node/11914371713,,12.9760305,77.6273535,10302,8009,True,outdoor,camera,124,,2024-05-18T00:07:04Z,2026-09-09T04:20:20Z,candidate-public-outdoor,unknown,https://www.openstreetmap.org/node/11914371713,https://www.thetraffic.in/data/surveillance_cameras.v1.json,ODbL-1.0
node/11914506595,,12.9760305,77.6273535,10302,8009,True,outdoor,camera,30,,2024-05-18T00:07:28Z,2026-09-09T04:20:20Z,candidate-public-outdoor,unknown,https://www.openstreetmap.org/node/11914506595,https://www.thetraffic.in/data/surveillance_cameras.v1.json,ODbL-1.0
node/13329921923,,12.9728508,77.6170725,10310,8328,True,public,camera,94,,2025-11-25T08:48:08Z,2026-09-09T04:20:20Z,candidate-public-outdoor,unknown,https://www.openstreetmap.org/node/13329921923,https://www.thetraffic.in/data/surveillance_cameras.v1.json,ODbL-1.0
node/13329921924,,12.9728504,77.6170685,10310,8328,True,public,camera,297,,2025-11-25T08:48:08Z,2026-09-09T04:20:20Z,candidate-public-outdoor,unknown,https://www.openstreetmap.org/node/13329921924,https://www.thetraffic.in/data/surveillance_cameras.v1.json,ODbL-1.0
node/11420455191,,12.9800952,77.6370735,10311,7743,True,outdoor,camera,286,,2023-12-15T15:11:19Z,2026-09-09T04:20:20Z,candidate-public-outdoor,unknown,https://www.openstreetmap.org/node/11420455191,https://www.thetraffic.in/data/surveillance_cameras.v1.json,ODbL-1.0
node/11420457673,,12.9800952,77.6370735,10311,7743,True,outdoor,camera,102,,2023-12-15T15:11:00Z,2026-09-09T04:20:20Z,candidate-public-outdoor,unknown,https://www.openstreetmap.org/node/11420457673,https://www.thetraffic.in/data/surveillance_cameras.v1.json,ODbL-1.0
node/11420457674,,12.9800952,77.6370735,10311,7743,True,outdoor,camera,171,,2023-12-15T15:11:36Z,2026-09-09T04:20:20Z,candidate-public-outdoor,unknown,https://www.openstreetmap.org/node/11420457674,https://www.thetraffic.in/data/surveillance_cameras.v1.json,ODbL-1.0
node/13329921921,,12.9728409,77.6170923,10312,8329,True,outdoor,camera,104,,2025-11-25T08:48:08Z,2026-09-09T04:20:20Z,candidate-public-outdoor,unknown,https://www.openstreetmap.org/node/13329921921,https://www.thetraffic.in/data/surveillance_cameras.v1.json,ODbL-1.0
node/13329921919,,12.9728236,77.6170668,10313,8331,True,outdoor,camera,12,,2025-11-25T08:48:08Z,2026-09-09T04:20:20Z,candidate-public-outdoor,unknown,https://www.openstreetmap.org/node/13329921919,https://www.thetraffic.in/data/surveillance_cameras.v1.json,ODbL-1.0
node/13329921922,,12.9728268,77.6170768,10313,8331,True,outdoor,camera,131,,2025-11-25T08:48:08Z,2026-09-09T04:20:20Z,candidate-public-outdoor,unknown,https://www.openstreetmap.org/node/13329921922,https://www.thetraffic.in/data/surveillance_cameras.v1.json,ODbL-1.0
node/6991291472,,12.9701262,77.5906405,10315,9191,True,public,camera,,,2019-12-13T01:20:52Z,2026-09-09T04:20:20Z,candidate-public-outdoor,unknown,https://www.openstreetmap.org/node/6991291472,https://www.thetraffic.in/data/surveillance_cameras.v1.json,ODbL-1.0
node/13329921920,,12.9728146,77.6171746,10317,8332,True,outdoor,camera,189,,2025-11-25T08:48:08Z,2026-09-09T04:20:20Z,candidate-public-outdoor,unknown,https://www.openstreetmap.org/node/13329921920,https://www.thetraffic.in/data/surveillance_cameras.v1.json,ODbL-1.0
node/6832836887,,12.9728836,77.6175162,10318,8323,True,public,camera,,2024-05-09,2024-05-09T14:32:57Z,2026-09-09T04:20:20Z,candidate-public-outdoor,unknown,https://www.openstreetmap.org/node/6832836887,https://www.thetraffic.in/data/surveillance_cameras.v1.json,ODbL-1.0
node/11420421994,,12.9780701,77.6330299,10326,7871,True,outdoor,camera,70,,2023-12-15T14:52:34Z,2026-09-09T04:20:20Z,candidate-public-outdoor,unknown,https://www.openstreetmap.org/node/11420421994,https://www.thetraffic.in/data/surveillance_cameras.v1.json,ODbL-1.0
node/11420426689,,12.9780701,77.6330299,10326,7871,True,outdoor,camera,198,,2023-12-15T14:51:40Z,2026-09-09T04:20:20Z,candidate-public-outdoor,unknown,https://www.openstreetmap.org/node/11420426689,https://www.thetraffic.in/data/surveillance_cameras.v1.json,ODbL-1.0
node/11420426714,,12.9780701,77.6330299,10326,7871,True,outdoor,camera,273,,2023-12-15T14:52:17Z,2026-09-09T04:20:20Z,candidate-public-outdoor,unknown,https://www.openstreetmap.org/node/11420426714,https://www.thetraffic.in/data/surveillance_cameras.v1.json,ODbL-1.0
node/9747784717,,12.9733626,77.6200295,10337,8266,True,public,camera,,2022-05-17,2022-05-17T02:34:58Z,2026-09-09T04:20:20Z,candidate-public-outdoor,unknown,https://www.openstreetmap.org/node/9747784717,https://www.thetraffic.in/data/surveillance_cameras.v1.json,ODbL-1.0
node/11085725705,,12.9733602,77.6200338,10338,8266,True,,camera,,2023-08-02,2023-08-03T12:57:50Z,2026-09-09T04:20:20Z,review-access-unknown,unknown,https://www.openstreetmap.org/node/11085725705,https://www.thetraffic.in/data/surveillance_cameras.v1.json,ODbL-1.0
node/13296679459,,12.9726787,77.6179627,10352,8344,True,public,camera,329,,2025-11-12T09:11:39Z,2026-09-09T04:20:20Z,candidate-public-outdoor,unknown,https://www.openstreetmap.org/node/13296679459,https://www.thetraffic.in/data/surveillance_cameras.v1.json,ODbL-1.0
node/13299108711,,12.9726785,77.6179646,10352,8344,True,public,camera,57,,2025-11-12T09:11:39Z,2026-09-09T04:20:20Z,candidate-public-outdoor,unknown,https://www.openstreetmap.org/node/13299108711,https://www.thetraffic.in/data/surveillance_cameras.v1.json,ODbL-1.0
node/11913605052,,12.9767609,77.6307547,10362,7974,True,outdoor,camera,113,,2024-05-17T15:26:37Z,2026-09-09T04:20:20Z,candidate-public-outdoor,unknown,https://www.openstreetmap.org/node/11913605052,https://www.thetraffic.in/data/surveillance_cameras.v1.json,ODbL-1.0
node/6618971791,,12.9730796,77.6201068,10370,8297,True,public,camera,,,2019-07-18T11:27:36Z,2026-09-09T04:20:20Z,candidate-public-outdoor,unknown,https://www.openstreetmap.org/node/6618971791,https://www.thetraffic.in/data/surveillance_cameras.v1.json,ODbL-1.0
node/10208728817,,12.9726479,77.6193852,10395,8345,True,public,camera,,2022-11-19,2022-11-22T04:12:40Z,2026-09-09T04:20:20Z,candidate-public-outdoor,unknown,https://www.openstreetmap.org/node/10208728817,https://www.thetraffic.in/data/surveillance_cameras.v1.json,ODbL-1.0
node/12452722449,,12.9727572,77.620279,10409,8333,True,,camera,,,2024-12-26T08:47:11Z,2026-09-09T04:20:20Z,review-access-unknown,unknown,https://www.openstreetmap.org/node/12452722449,https://www.thetraffic.in/data/surveillance_cameras.v1.json,ODbL-1.0
node/10208728718,,12.9725973,77.6198741,10415,8351,True,public,camera,,2022-11-19,2022-11-22T04:12:39Z,2026-09-09T04:20:20Z,candidate-public-outdoor,unknown,https://www.openstreetmap.org/node/10208728718,https://www.thetraffic.in/data/surveillance_cameras.v1.json,ODbL-1.0
node/11085726005,,12.9724983,77.6195251,10415,8362,True,,camera,,2023-08-03,2023-08-03T12:57:52Z,2026-09-09T04:20:20Z,review-access-unknown,unknown,https://www.openstreetmap.org/node/11085726005,https://www.thetraffic.in/data/surveillance_cameras.v1.json,ODbL-1.0
node/7843611876,Two cameras,12.9704011,77.6103025,10426,8658,True,,,,,2023-12-31T15:07:44Z,2026-09-09T04:20:20Z,excluded-non-camera,unknown,https://www.openstreetmap.org/node/7843611876,https://www.thetraffic.in/data/surveillance_cameras.v1.json,ODbL-1.0
node/7843598741,Two cameras,12.9703982,77.6103105,10427,8658,True,,,,,2020-08-25T14:18:30Z,2026-09-09T04:20:20Z,excluded-non-camera,unknown,https://www.openstreetmap.org/node/7843598741,https://www.thetraffic.in/data/surveillance_cameras.v1.json,ODbL-1.0
node/7843595172,Two cameras,12.9703788,77.6103339,10429,8660,True,,,,,2020-08-25T14:18:31Z,2026-09-09T04:20:20Z,excluded-non-camera,unknown,https://www.openstreetmap.org/node/7843595172,https://www.thetraffic.in/data/surveillance_cameras.v1.json,ODbL-1.0
node/11245005495,,12.9800086,77.6392632,10429,7812,True,public,camera,268,,2023-10-07T03:47:14Z,2026-09-09T04:20:20Z,candidate-public-outdoor,unknown,https://www.openstreetmap.org/node/11245005495,https://www.thetraffic.in/data/surveillance_cameras.v1.json,ODbL-1.0
node/11085726106,,12.9723628,77.6196268,10433,8377,True,,camera,,2023-08-03,2023-08-03T12:57:53Z,2026-09-09T04:20:20Z,review-access-unknown,unknown,https://www.openstreetmap.org/node/11085726106,https://www.thetraffic.in/data/surveillance_cameras.v1.json,ODbL-1.0
node/12525844630,,12.9692962,77.6023173,10438,8924,True,public,camera,239,,2025-01-23T07:54:36Z,2026-09-09T04:20:20Z,candidate-public-outdoor,unknown,https://www.openstreetmap.org/node/12525844630,https://www.thetraffic.in/data/surveillance_cameras.v1.json,ODbL-1.0
node/6490994520,,12.9721567,77.6194325,10449,8400,True,public,camera,,,2019-09-29T13:05:54Z,2026-09-09T04:20:20Z,candidate-public-outdoor,unknown,https://www.openstreetmap.org/node/6490994520,https://www.thetraffic.in/data/surveillance_cameras.v1.json,ODbL-1.0
node/13967838020,,12.9858858,77.5386671,10452,11170,True,public,camera,,,2026-06-26T09:13:54Z,2026-09-09T04:20:20Z,candidate-public-outdoor,unknown,https://www.openstreetmap.org/node/13967838020,https://www.thetraffic.in/data/surveillance_cameras.v1.json,ODbL-1.0
node/13967838021,,12.9858816,77.5386661,10452,11170,True,public,camera,295,,2026-06-26T09:13:30Z,2026-09-09T04:20:20Z,candidate-public-outdoor,unknown,https://www.openstreetmap.org/node/13967838021,https://www.thetraffic.in/data/surveillance_cameras.v1.json,ODbL-1.0
node/11420451156,,12.9783345,77.6367011,10468,7924,True,outdoor,camera,,,2023-12-15T15:05:54Z,2026-09-09T04:20:20Z,candidate-public-outdoor,unknown,https://www.openstreetmap.org/node/11420451156,https://www.thetraffic.in/data/surveillance_cameras.v1.json,ODbL-1.0
node/11420453212,,12.9783345,77.6367011,10468,7924,True,outdoor,camera,193,,2023-12-15T15:05:20Z,2026-09-09T04:20:20Z,candidate-public-outdoor,unknown,https://www.openstreetmap.org/node/11420453212,https://www.thetraffic.in/data/surveillance_cameras.v1.json,ODbL-1.0
node/11244994163,,12.9783328,77.6367153,10469,7924,True,public,camera,227,,2023-12-15T15:04:26Z,2026-09-09T04:20:20Z,candidate-public-outdoor,unknown,https://www.openstreetmap.org/node/11244994163,https://www.thetraffic.in/data/surveillance_cameras.v1.json,ODbL-1.0
node/11420453211,,12.9783305,77.6367156,10469,7924,True,outdoor,camera,,,2023-12-15T15:05:20Z,2026-09-09T04:20:20Z,candidate-public-outdoor,unknown,https://www.openstreetmap.org/node/11420453211,https://www.thetraffic.in/data/surveillance_cameras.v1.json,ODbL-1.0
node/6853514982,,12.9782677,77.6367035,10475,7931,True,public,camera,,,2019-10-08T11:29:15Z,2026-09-09T04:20:20Z,candidate-public-outdoor,unknown,https://www.openstreetmap.org/node/6853514982,https://www.thetraffic.in/data/surveillance_cameras.v1.json,ODbL-1.0
node/11420426619,,12.9781526,77.6366057,10482,7941,True,outdoor,camera,,,2023-12-15T15:06:18Z,2026-09-09T04:20:20Z,candidate-public-outdoor,unknown,https://www.openstreetmap.org/node/11420426619,https://www.thetraffic.in/data/surveillance_cameras.v1.json,ODbL-1.0
node/11906415920,,12.9911262,77.657155,10500,7472,True,public,camera,,,2024-05-15T07:28:06Z,2026-09-09T04:20:20Z,candidate-public-outdoor,unknown,https://www.openstreetmap.org/node/11906415920,https://www.thetraffic.in/data/surveillance_cameras.v1.json,ODbL-1.0
node/6475325036,,12.9716676,77.6196001,10506,8454,True,public,camera,,,2019-05-15T12:27:01Z,2026-09-09T04:20:20Z,candidate-public-outdoor,unknown,https://www.openstreetmap.org/node/6475325036,https://www.thetraffic.in/data/surveillance_cameras.v1.json,ODbL-1.0
node/9910066831,,12.9683345,77.594794,10507,9236,True,public,camera,,2022-07-23,2022-07-25T17:10:17Z,2026-09-09T04:20:20Z,candidate-public-outdoor,unknown,https://www.openstreetmap.org/node/9910066831,https://www.thetraffic.in/data/surveillance_cameras.v1.json,ODbL-1.0
node/13315895549,,12.971603,77.6196448,10515,8461,True,public,camera,,,2025-11-19T06:38:02Z,2026-09-09T04:20:20Z,candidate-public-outdoor,unknown,https://www.openstreetmap.org/node/13315895549,https://www.thetraffic.in/data/surveillance_cameras.v1.json,ODbL-1.0
node/9142142897,,12.9683933,77.588637,10517,9448,True,public,camera,,,2021-10-03T14:24:11Z,2026-09-09T04:20:20Z,candidate-public-outdoor,unknown,https://www.openstreetmap.org/node/9142142897,https://www.thetraffic.in/data/surveillance_cameras.v1.json,ODbL-1.0
node/10129602801,,12.9683436,77.5894256,10518,9423,True,public,camera,,2022-10-23,2022-10-26T06:18:46Z,2026-09-09T04:20:20Z,candidate-public-outdoor,unknown,https://www.openstreetmap.org/node/10129602801,https://www.thetraffic.in/data/surveillance_cameras.v1.json,ODbL-1.0
node/9142142896,,12.9682887,77.5888851,10527,9449,True,public,camera,,,2021-10-03T14:24:11Z,2026-09-09T04:20:20Z,candidate-public-outdoor,unknown,https://www.openstreetmap.org/node/9142142896,https://www.thetraffic.in/data/surveillance_cameras.v1.json,ODbL-1.0
node/11298123257,,12.9681603,77.5918118,10529,9354,True,public,camera,,,2023-10-29T15:59:27Z,2026-09-09T04:20:20Z,candidate-public-outdoor,unknown,https://www.openstreetmap.org/node/11298123257,https://www.thetraffic.in/data/surveillance_cameras.v1.json,ODbL-1.0
node/10129602789,,12.9680692,77.6002369,10558,9108,True,public,camera,10,2022-10-23,2022-10-26T06:18:46Z,2026-09-09T04:20:20Z,candidate-public-outdoor,unknown,https://www.openstreetmap.org/node/10129602789,https://www.thetraffic.in/data/surveillance_cameras.v1.json,ODbL-1.0
node/10129602791,,12.9680607,77.6002423,10559,9109,True,public,camera,60,2022-10-23,2022-10-26T06:18:46Z,2026-09-09T04:20:20Z,candidate-public-outdoor,unknown,https://www.openstreetmap.org/node/10129602791,https://www.thetraffic.in/data/surveillance_cameras.v1.json,ODbL-1.0
node/10129602790,,12.9680509,77.6002423,10560,9110,True,public,camera,150,2022-10-23,2022-10-26T06:18:46Z,2026-09-09T04:20:20Z,candidate-public-outdoor,unknown,https://www.openstreetmap.org/node/10129602790,https://www.thetraffic.in/data/surveillance_cameras.v1.json,ODbL-1.0
node/12525844633,,12.9680578,77.6005505,10561,9101,True,public,camera,52,,2025-01-23T07:54:36Z,2026-09-09T04:20:20Z,candidate-public-outdoor,unknown,https://www.openstreetmap.org/node/12525844633,https://www.thetraffic.in/data/surveillance_cameras.v1.json,ODbL-1.0
node/10129602792,,12.9679973,77.6001766,10565,9117,True,public,camera,210,2022-10-23,2022-10-26T06:18:46Z,2026-09-09T04:20:20Z,candidate-public-outdoor,unknown,https://www.openstreetmap.org/node/10129602792,https://www.thetraffic.in/data/surveillance_cameras.v1.json,ODbL-1.0
node/10129602793,,12.9679947,77.6001618,10565,9118,True,public,camera,,2022-10-23,2022-10-26T06:18:46Z,2026-09-09T04:20:20Z,candidate-public-outdoor,unknown,https://www.openstreetmap.org/node/10129602793,https://www.thetraffic.in/data/surveillance_cameras.v1.json,ODbL-1.0
node/10279677015,,12.9679417,77.5887289,10567,9491,True,public,camera,0,,2022-12-22T08:19:14Z,2026-09-09T04:20:20Z,candidate-public-outdoor,unknown,https://www.openstreetmap.org/node/10279677015,https://www.thetraffic.in/data/surveillance_cameras.v1.json,ODbL-1.0
node/10279677014,,12.9679306,77.5887275,10568,9492,True,public,camera,270,,2022-12-22T08:19:14Z,2026-09-09T04:20:20Z,candidate-public-outdoor,unknown,https://www.openstreetmap.org/node/10279677014,https://www.thetraffic.in/data/surveillance_cameras.v1.json,ODbL-1.0
node/12525844631,,12.9679232,77.6003093,10574,9122,True,public,camera,,,2025-01-23T07:54:36Z,2026-09-09T04:20:20Z,candidate-public-outdoor,unknown,https://www.openstreetmap.org/node/12525844631,https://www.thetraffic.in/data/surveillance_cameras.v1.json,ODbL-1.0
node/12118752263,,12.9676287,77.5949633,10586,9305,True,public,camera,,,2024-08-18T16:47:25Z,2026-09-09T04:20:20Z,candidate-public-outdoor,unknown,https://www.openstreetmap.org/node/12118752263,https://www.thetraffic.in/data/surveillance_cameras.v1.json,ODbL-1.0
node/6897190964,,12.9683276,77.6061166,10588,8952,True,public,camera,,2021-12-05,2022-08-05T07:49:43Z,2026-09-09T04:20:20Z,candidate-public-outdoor,unknown,https://www.openstreetmap.org/node/6897190964,https://www.thetraffic.in/data/surveillance_cameras.v1.json,ODbL-1.0
node/7133722416,,12.9678172,77.5874636,10589,9554,True,public,camera,,,2020-01-20T06:36:46Z,2026-09-09T04:20:20Z,candidate-public-outdoor,unknown,https://www.openstreetmap.org/node/7133722416,https://www.thetraffic.in/data/surveillance_cameras.v1.json,ODbL-1.0
node/11404892288,,12.9782154,77.6389379,10589,7995,True,public,camera,266,,2023-12-09T05:48:31Z,2026-09-09T04:20:20Z,candidate-public-outdoor,unknown,https://www.openstreetmap.org/node/11404892288,https://www.thetraffic.in/data/surveillance_cameras.v1.json,ODbL-1.0
node/11404909015,,12.9782154,77.6389379,10589,7995,True,public,camera,,,2023-12-09T05:49:02Z,2026-09-09T04:20:20Z,candidate-public-outdoor,unknown,https://www.openstreetmap.org/node/11404909015,https://www.thetraffic.in/data/surveillance_cameras.v1.json,ODbL-1.0
node/11244995562,,12.9782182,77.6390383,10594,7998,True,public,camera,268,,2024-08-27T17:34:34Z,2026-09-09T04:20:20Z,candidate-public-outdoor,unknown,https://www.openstreetmap.org/node/11244995562,https://www.thetraffic.in/data/surveillance_cameras.v1.json,ODbL-1.0
node/7276466232,,12.9676349,77.5889569,10599,9514,True,public,camera,,,2020-03-08T12:19:10Z,2026-09-09T04:20:20Z,candidate-public-outdoor,unknown,https://www.openstreetmap.org/node/7276466232,https://www.thetraffic.in/data/surveillance_cameras.v1.json,ODbL-1.0
node/11391495461,,12.9676011,77.5898583,10599,9484,True,public,camera,164,,2023-12-03T08:46:03Z,2026-09-09T04:20:20Z,candidate-public-outdoor,unknown,https://www.openstreetmap.org/node/11391495461,https://www.thetraffic.in/data/surveillance_cameras.v1.json,ODbL-1.0
node/11687235828,,12.9676176,77.5887683,10602,9523,True,public,camera,,,2024-03-03T06:40:20Z,2026-09-09T04:20:20Z,candidate-public-outdoor,unknown,https://www.openstreetmap.org/node/11687235828,https://www.thetraffic.in/data/surveillance_cameras.v1.json,ODbL-1.0
node/12137671685,,12.9674957,77.5884914,10618,9547,True,public,camera,330,,2024-08-26T12:33:25Z,2026-09-09T04:20:20Z,candidate-public-outdoor,unknown,https://www.openstreetmap.org/node/12137671685,https://www.thetraffic.in/data/surveillance_cameras.v1.json,ODbL-1.0
node/10833870878,,12.967419,77.5887389,10625,9545,True,public,camera,70,,2023-04-23T13:12:26Z,2026-09-09T04:20:20Z,candidate-public-outdoor,unknown,https://www.openstreetmap.org/node/10833870878,https://www.thetraffic.in/data/surveillance_cameras.v1.json,ODbL-1.0
node/8989627052,,12.9679313,77.6061901,10633,8994,True,public,camera,,,2021-08-08T10:47:59Z,2026-09-09T04:20:20Z,candidate-public-outdoor,unknown,https://www.openstreetmap.org/node/8989627052,https://www.thetraffic.in/data/surveillance_cameras.v1.json,ODbL-1.0
node/13092434365,,12.9688878,77.5750685,10647,10021,True,public,camera,27,,2025-08-23T12:44:01Z,2026-09-09T04:20:20Z,candidate-public-outdoor,unknown,https://www.openstreetmap.org/node/13092434365,https://www.thetraffic.in/data/surveillance_cameras.v1.json,ODbL-1.0
node/13092434366,,12.9688879,77.5750694,10647,10021,True,public,camera,208,,2025-08-23T12:44:01Z,2026-09-09T04:20:20Z,candidate-public-outdoor,unknown,https://www.openstreetmap.org/node/13092434366,https://www.thetraffic.in/data/surveillance_cameras.v1.json,ODbL-1.0
node/11244971500,,12.9784332,77.6405961,10651,8020,True,traffic_signals,camera,90,,2024-07-31T03:59:16Z,2026-09-09T04:20:20Z,review-access-unknown,unknown,https://www.openstreetmap.org/node/11244971500,https://www.thetraffic.in/data/surveillance_cameras.v1.json,ODbL-1.0
node/11244971501,,12.978415,77.6405773,10652,8022,True,maxspeed,camera,268,,2023-10-07T09:14:18Z,2026-09-09T04:20:20Z,review-access-unknown,unknown,https://www.openstreetmap.org/node/11244971501,https://www.thetraffic.in/data/surveillance_cameras.v1.json,ODbL-1.0
node/7276466230,,12.9670256,77.5945339,10653,9383,True,public,camera,,,2020-03-08T12:19:10Z,2026-09-09T04:20:20Z,candidate-public-outdoor,unknown,https://www.openstreetmap.org/node/7276466230,https://www.thetraffic.in/data/surveillance_cameras.v1.json,ODbL-1.0
node/11244971498,,12.9784173,77.6405966,10653,8022,True,traffic,camera,90,,2024-07-31T03:59:16Z,2026-09-09T04:20:20Z,candidate-public-outdoor,unknown,https://www.openstreetmap.org/node/11244971498,https://www.thetraffic.in/data/surveillance_cameras.v1.json,ODbL-1.0
node/11244971499,,12.9783974,77.6405973,10655,8024,True,traffic,camera,90,,2024-07-31T03:59:16Z,2026-09-09T04:20:20Z,candidate-public-outdoor,unknown,https://www.openstreetmap.org/node/11244971499,https://www.thetraffic.in/data/surveillance_cameras.v1.json,ODbL-1.0
node/7276466233,,12.9670583,77.5873308,10674,9637,True,public,camera,,2022-09-25,2022-10-02T08:36:37Z,2026-09-09T04:20:20Z,candidate-public-outdoor,unknown,https://www.openstreetmap.org/node/7276466233,https://www.thetraffic.in/data/surveillance_cameras.v1.json,ODbL-1.0
node/6789814731,,12.9782815,77.6408018,10677,8043,True,outdoor,camera,,2023-10-06,2024-07-31T03:59:16Z,2026-09-09T04:20:20Z,candidate-public-outdoor,unknown,https://www.openstreetmap.org/node/6789814731,https://www.thetraffic.in/data/surveillance_cameras.v1.json,ODbL-1.0
node/11404897128,,12.9772818,77.6389248,10681,8095,True,public,camera,192,,2023-12-09T05:41:37Z,2026-09-09T04:20:20Z,candidate-public-outdoor,unknown,https://www.openstreetmap.org/node/11404897128,https://www.thetraffic.in/data/surveillance_cameras.v1.json,ODbL-1.0
node/11404901815,,12.9772818,77.6389248,10681,8095,True,public,camera,348,,2023-12-09T05:42:16Z,2026-09-09T04:20:20Z,candidate-public-outdoor,unknown,https://www.openstreetmap.org/node/11404901815,https://www.thetraffic.in/data/surveillance_cameras.v1.json,ODbL-1.0
node/11404906275,,12.9772818,77.6389248,10681,8095,True,public,camera,99,,2023-12-09T05:41:50Z,2026-09-09T04:20:20Z,candidate-public-outdoor,unknown,https://www.openstreetmap.org/node/11404906275,https://www.thetraffic.in/data/surveillance_cameras.v1.json,ODbL-1.0
node/13104002198,,12.9782942,77.6409601,10683,8046,True,public,camera,225,,2025-08-28T16:38:26Z,2026-09-09T04:20:20Z,candidate-public-outdoor,unknown,https://www.openstreetmap.org/node/13104002198,https://www.thetraffic.in/data/surveillance_cameras.v1.json,ODbL-1.0
node/13104002199,,12.9783002,77.640961,10683,8046,True,public,camera,315,,2025-08-30T03:29:04Z,2026-09-09T04:20:20Z,candidate-public-outdoor,unknown,https://www.openstreetmap.org/node/13104002199,https://www.thetraffic.in/data/surveillance_cameras.v1.json,ODbL-1.0
node/13104002200,,12.9782995,77.6409674,10683,8046,True,public,camera,45,,2025-08-28T16:38:26Z,2026-09-09T04:20:20Z,candidate-public-outdoor,unknown,https://www.openstreetmap.org/node/13104002200,https://www.thetraffic.in/data/surveillance_cameras.v1.json,ODbL-1.0
node/10006930146,,12.9669001,77.5874475,10691,9649,True,public,camera,,,2022-09-07T16:23:37Z,2026-09-09T04:20:20Z,candidate-public-outdoor,unknown,https://www.openstreetmap.org/node/10006930146,https://www.thetraffic.in/data/surveillance_cameras.v1.json,ODbL-1.0
node/9870839708,,12.9685723,77.6142722,10706,8820,True,public,camera,,2022-07-05,2022-07-06T18:35:39Z,2026-09-09T04:20:20Z,candidate-public-outdoor,unknown,https://www.openstreetmap.org/node/9870839708,https://www.thetraffic.in/data/surveillance_cameras.v1.json,ODbL-1.0
node/10286321804,,12.9665747,77.5983634,10713,9318,True,public,camera,315,,2022-12-25T18:47:33Z,2026-09-09T04:20:20Z,candidate-public-outdoor,unknown,https://www.openstreetmap.org/node/10286321804,https://www.thetraffic.in/data/surveillance_cameras.v1.json,ODbL-1.0
node/7056057959,,12.9755586,77.6361194,10719,8211,True,outdoor,camera,170,,2019-12-14T07:12:47Z,2026-09-09T04:20:20Z,candidate-public-outdoor,unknown,https://www.openstreetmap.org/node/7056057959,https://www.thetraffic.in/data/surveillance_cameras.v1.json,ODbL-1.0
node/10833805499,,12.9684821,77.6145083,10721,8828,True,public,camera,45,,2023-04-23T12:57:30Z,2026-09-09T04:20:20Z,candidate-public-outdoor,unknown,https://www.openstreetmap.org/node/10833805499,https://www.thetraffic.in/data/surveillance_cameras.v1.json,ODbL-1.0
node/10833870877,,12.9664832,77.5878411,10734,9677,True,public,camera,45,,2023-04-23T13:12:26Z,2026-09-09T04:20:20Z,candidate-public-outdoor,unknown,https://www.openstreetmap.org/node/10833870877,https://www.thetraffic.in/data/surveillance_cameras.v1.json,ODbL-1.0
node/10833870876,,12.9664676,77.5878283,10736,9679,True,public,camera,225,,2023-04-23T13:12:26Z,2026-09-09T04:20:20Z,candidate-public-outdoor,unknown,https://www.openstreetmap.org/node/10833870876,https://www.thetraffic.in/data/surveillance_cameras.v1.json,ODbL-1.0
node/11951381259,,12.9682401,77.6146211,10750,8854,True,public,camera,127,,2024-06-02T06:45:13Z,2026-09-09T04:20:20Z,candidate-public-outdoor,unknown,https://www.openstreetmap.org/node/11951381259,https://www.thetraffic.in/data/surveillance_cameras.v1.json,ODbL-1.0
node/9981919790,,12.9767599,77.6393702,10754,8164,True,outdoor,camera,10,,2022-08-27T17:25:13Z,2026-09-09T04:20:20Z,candidate-public-outdoor,unknown,https://www.openstreetmap.org/node/9981919790,https://www.thetraffic.in/data/surveillance_cameras.v1.json,ODbL-1.0
node/11391495460,,12.9658747,77.5952643,10781,9483,True,public,camera,145,,2023-12-03T08:46:03Z,2026-09-09T04:20:20Z,candidate-public-outdoor,unknown,https://www.openstreetmap.org/node/11391495460,https://www.thetraffic.in/data/surveillance_cameras.v1.json,ODbL-1.0
node/9870744998,,12.9657684,77.5925435,10794,9581,True,public,camera,180,2022-07-05,2022-07-06T17:45:53Z,2026-09-09T04:20:20Z,candidate-public-outdoor,unknown,https://www.openstreetmap.org/node/9870744998,https://www.thetraffic.in/data/surveillance_cameras.v1.json,ODbL-1.0
node/7055996489,,12.981043,77.6479412,10804,8008,True,public,camera,60,,2019-12-14T07:10:57Z,2026-09-09T04:20:20Z,candidate-public-outdoor,unknown,https://www.openstreetmap.org/node/7055996489,https://www.thetraffic.in/data/surveillance_cameras.v1.json,ODbL-1.0
node/12137671761,,12.9659222,77.5867101,10805,9780,True,public,camera,20,,2024-08-26T12:33:25Z,2026-09-09T04:20:20Z,candidate-public-outdoor,unknown,https://www.openstreetmap.org/node/12137671761,https://www.thetraffic.in/data/surveillance_cameras.v1.json,ODbL-1.0
node/10006930170,,12.9670605,77.6111645,10808,9017,True,public,camera,45,,2022-09-07T16:23:37Z,2026-09-09T04:20:20Z,candidate-public-outdoor,unknown,https://www.openstreetmap.org/node/10006930170,https://www.thetraffic.in/data/surveillance_cameras.v1.json,ODbL-1.0
node/10006930171,,12.9670613,77.6111767,10808,9016,True,public,camera,,,2022-09-07T16:23:37Z,2026-09-09T04:20:20Z,candidate-public-outdoor,unknown,https://www.openstreetmap.org/node/10006930171,https://www.thetraffic.in/data/surveillance_cameras.v1.json,ODbL-1.0
node/10006930161,,12.9665989,77.6087201,10817,9099,True,public,camera,135,,2022-09-07T16:23:37Z,2026-09-09T04:20:20Z,candidate-public-outdoor,unknown,https://www.openstreetmap.org/node/10006930161,https://www.thetraffic.in/data/surveillance_cameras.v1.json,ODbL-1.0
node/10833805498,,12.9669857,77.6113486,10820,9023,True,public,camera,200,,2023-04-23T12:57:30Z,2026-09-09T04:20:20Z,candidate-public-outdoor,unknown,https://www.openstreetmap.org/node/10833805498,https://www.thetraffic.in/data/surveillance_cameras.v1.json,ODbL-1.0
node/11913598394,,12.9663547,77.6075207,10825,9144,True,public,camera,,,2024-05-17T15:31:13Z,2026-09-09T04:20:20Z,candidate-public-outdoor,unknown,https://www.openstreetmap.org/node/11913598394,https://www.thetraffic.in/data/surveillance_cameras.v1.json,ODbL-1.0
node/12137671767,,12.9657323,77.586788,10825,9796,True,public,camera,,,2024-08-26T12:33:25Z,2026-09-09T04:20:20Z,candidate-public-outdoor,unknown,https://www.openstreetmap.org/node/12137671767,https://www.thetraffic.in/data/surveillance_cameras.v1.json,ODbL-1.0
node/6924224187,,12.966232,77.6066881,10827,9172,True,public,camera,,2021-12-05,2021-12-05T15:30:42Z,2026-09-09T04:20:20Z,candidate-public-outdoor,unknown,https://www.openstreetmap.org/node/6924224187,https://www.thetraffic.in/data/surveillance_cameras.v1.json,ODbL-1.0
node/12137671766,,12.9657114,77.5868214,10827,9797,True,public,camera,20,,2024-08-26T12:33:25Z,2026-09-09T04:20:20Z,candidate-public-outdoor,unknown,https://www.openstreetmap.org/node/12137671766,https://www.thetraffic.in/data/surveillance_cameras.v1.json,ODbL-1.0
node/12137671765,,12.9657016,77.5868099,10829,9799,True,public,camera,200,,2024-08-26T12:33:25Z,2026-09-09T04:20:20Z,candidate-public-outdoor,unknown,https://www.openstreetmap.org/node/12137671765,https://www.thetraffic.in/data/surveillance_cameras.v1.json,ODbL-1.0
node/11493643623,,12.9777207,77.6428702,10839,8168,True,public,camera,357,,2024-01-06T04:39:48Z,2026-09-09T04:20:20Z,candidate-public-outdoor,unknown,https://www.openstreetmap.org/node/11493643623,https://www.thetraffic.in/data/surveillance_cameras.v1.json,ODbL-1.0
node/11493643624,,12.9777131,77.6428582,10839,8168,True,public,camera,268,,2024-01-06T04:39:48Z,2026-09-09T04:20:20Z,candidate-public-outdoor,unknown,https://www.openstreetmap.org/node/11493643624,https://www.thetraffic.in/data/surveillance_cameras.v1.json,ODbL-1.0
node/11493643622,,12.9777103,77.6428784,10840,8169,True,public,camera,87,,2024-01-06T04:39:48Z,2026-09-09T04:20:20Z,candidate-public-outdoor,unknown,https://www.openstreetmap.org/node/11493643622,https://www.thetraffic.in/data/surveillance_cameras.v1.json,ODbL-1.0
node/6466657185,,12.9784381,77.6442049,10841,8138,True,outdoor,camera,,,2019-05-11T15:20:52Z,2026-09-09T04:20:20Z,candidate-public-outdoor,unknown,https://www.openstreetmap.org/node/6466657185,https://www.thetraffic.in/data/surveillance_cameras.v1.json,ODbL-1.0
node/11493643621,,12.9776966,77.64287,10841,8171,True,public,camera,176,,2024-01-06T04:39:48Z,2026-09-09T04:20:20Z,candidate-public-outdoor,unknown,https://www.openstreetmap.org/node/11493643621,https://www.thetraffic.in/data/surveillance_cameras.v1.json,ODbL-1.0
node/6467481416,,12.9784382,77.6442184,10842,8138,True,outdoor,camera,,,2019-05-12T06:09:32Z,2026-09-09T04:20:20Z,candidate-public-outdoor,unknown,https://www.openstreetmap.org/node/6467481416,https://www.thetraffic.in/data/surveillance_cameras.v1.json,ODbL-1.0
node/9161008237,,12.9822568,77.5376687,10845,11506,True,public,camera,,,2021-10-09T17:48:59Z,2026-09-09T04:20:20Z,candidate-public-outdoor,unknown,https://www.openstreetmap.org/node/9161008237,https://www.thetraffic.in/data/surveillance_cameras.v1.json,ODbL-1.0
node/9161008238,,12.9822434,77.537667,10847,11507,True,public,camera,180,,2021-10-09T17:48:59Z,2026-09-09T04:20:20Z,candidate-public-outdoor,unknown,https://www.openstreetmap.org/node/9161008238,https://www.thetraffic.in/data/surveillance_cameras.v1.json,ODbL-1.0
node/6466532829,,12.9783736,77.6443255,10854,8149,True,outdoor,camera,,,2019-05-11T13:32:03Z,2026-09-09T04:20:20Z,candidate-public-outdoor,unknown,https://www.openstreetmap.org/node/6466532829,https://www.thetraffic.in/data/surveillance_cameras.v1.json,ODbL-1.0
node/12137671764,,12.9654703,77.5867622,10855,9824,True,public,camera,20,,2024-08-26T12:33:25Z,2026-09-09T04:20:20Z,candidate-public-outdoor,unknown,https://www.openstreetmap.org/node/12137671764,https://www.thetraffic.in/data/surveillance_cameras.v1.json,ODbL-1.0
node/7133734728,,12.9654549,77.5867498,10856,9826,True,public,camera,200,2023-01-27,2024-08-26T12:33:25Z,2026-09-09T04:20:20Z,candidate-public-outdoor,unknown,https://www.openstreetmap.org/node/7133734728,https://www.thetraffic.in/data/surveillance_cameras.v1.json,ODbL-1.0
node/9633893489,,12.9670551,77.6140769,10867,8989,True,public,camera,225,,2022-04-03T17:08:16Z,2026-09-09T04:20:20Z,candidate-public-outdoor,unknown,https://www.openstreetmap.org/node/9633893489,https://www.thetraffic.in/data/surveillance_cameras.v1.json,ODbL-1.0
node/9633893490,,12.9670586,77.6140851,10867,8989,True,public,camera,135,,2022-04-03T17:08:16Z,2026-09-09T04:20:20Z,candidate-public-outdoor,unknown,https://www.openstreetmap.org/node/9633893490,https://www.thetraffic.in/data/surveillance_cameras.v1.json,ODbL-1.0
node/9633893491,,12.9670616,77.614078,10867,8989,True,public,camera,45,,2022-04-03T17:08:16Z,2026-09-09T04:20:20Z,candidate-public-outdoor,unknown,https://www.openstreetmap.org/node/9633893491,https://www.thetraffic.in/data/surveillance_cameras.v1.json,ODbL-1.0
node/7293719432,,12.9653188,77.6009464,10868,9388,True,public,camera,270,2022-08-11,2022-08-23T15:13:48Z,2026-09-09T04:20:20Z,candidate-public-outdoor,unknown,https://www.openstreetmap.org/node/7293719432,https://www.thetraffic.in/data/surveillance_cameras.v1.json,ODbL-1.0
node/7293719433,,12.965322,77.6009705,10868,9387,True,public,camera,90,2022-08-11,2022-08-23T15:13:47Z,2026-09-09T04:20:20Z,candidate-public-outdoor,unknown,https://www.openstreetmap.org/node/7293719433,https://www.thetraffic.in/data/surveillance_cameras.v1.json,ODbL-1.0
node/10833870883,,12.9649509,77.597035,10888,9530,True,public,camera,20,,2023-04-23T13:12:26Z,2026-09-09T04:20:20Z,candidate-public-outdoor,unknown,https://www.openstreetmap.org/node/10833870883,https://www.thetraffic.in/data/surveillance_cameras.v1.json,ODbL-1.0
node/11497059472,,12.9786453,77.6456654,10901,8168,True,public,camera,173,,2024-01-07T16:58:24Z,2026-09-09T04:20:20Z,candidate-public-outdoor,unknown,https://www.openstreetmap.org/node/11497059472,https://www.thetraffic.in/data/surveillance_cameras.v1.json,ODbL-1.0
node/11497616820,,12.9786454,77.6456561,10901,8168,True,public,camera,260,,2024-01-07T16:58:24Z,2026-09-09T04:20:20Z,candidate-public-outdoor,unknown,https://www.openstreetmap.org/node/11497616820,https://www.thetraffic.in/data/surveillance_cameras.v1.json,ODbL-1.0
node/11497616819,,12.9786448,77.6456794,10902,8169,True,public,camera,100,,2024-01-07T16:58:24Z,2026-09-09T04:20:20Z,candidate-public-outdoor,unknown,https://www.openstreetmap.org/node/11497616819,https://www.thetraffic.in/data/surveillance_cameras.v1.json,ODbL-1.0
node/10833870884,,12.9647627,77.5972154,10909,9545,True,public,camera,80,,2023-04-23T13:12:26Z,2026-09-09T04:20:20Z,candidate-public-outdoor,unknown,https://www.openstreetmap.org/node/10833870884,https://www.thetraffic.in/data/surveillance_cameras.v1.json,ODbL-1.0
node/9930197211,,12.9663503,77.6124175,10910,9082,True,public,camera,240,2022-08-03,2023-09-14T11:14:26Z,2026-09-09T04:20:20Z,candidate-public-outdoor,unknown,https://www.openstreetmap.org/node/9930197211,https://www.thetraffic.in/data/surveillance_cameras.v1.json,ODbL-1.0
node/9930197212,,12.9663542,77.6124255,10910,9081,True,public,camera,60,2022-08-03,2023-09-14T11:14:26Z,2026-09-09T04:20:20Z,candidate-public-outdoor,unknown,https://www.openstreetmap.org/node/9930197212,https://www.thetraffic.in/data/surveillance_cameras.v1.json,ODbL-1.0
node/9739698418,,12.9658478,77.6094192,10911,9172,True,outdoor,camera,,2022-05-14,2022-05-14T14:05:22Z,2026-09-09T04:20:20Z,candidate-public-outdoor,unknown,https://www.openstreetmap.org/node/9739698418,https://www.thetraffic.in/data/surveillance_cameras.v1.json,ODbL-1.0
node/12367055370,,12.9786126,77.6458257,10913,8178,True,public,camera,262,,2024-11-23T07:15:42Z,2026-09-09T04:20:20Z,candidate-public-outdoor,unknown,https://www.openstreetmap.org/node/12367055370,https://www.thetraffic.in/data/surveillance_cameras.v1.json,ODbL-1.0
node/12367055371,,12.9786126,77.6458257,10913,8178,True,public,camera,213,,2024-11-23T07:15:42Z,2026-09-09T04:20:20Z,candidate-public-outdoor,unknown,https://www.openstreetmap.org/node/12367055371,https://www.thetraffic.in/data/surveillance_cameras.v1.json,ODbL-1.0
node/12367055372,,12.9786126,77.6458257,10913,8178,True,public,camera,90,,2024-11-23T07:15:42Z,2026-09-09T04:20:20Z,candidate-public-outdoor,unknown,https://www.openstreetmap.org/node/12367055372,https://www.thetraffic.in/data/surveillance_cameras.v1.json,ODbL-1.0
node/6915063818,,12.9665588,77.6139022,10918,9046,True,public,camera,,,2022-09-10T06:44:47Z,2026-09-09T04:20:20Z,candidate-public-outdoor,unknown,https://www.openstreetmap.org/node/6915063818,https://www.thetraffic.in/data/surveillance_cameras.v1.json,ODbL-1.0
node/10833870882,,12.964664,77.5966991,10919,9570,True,public,camera,190,,2023-04-23T13:12:26Z,2026-09-09T04:20:20Z,candidate-public-outdoor,unknown,https://www.openstreetmap.org/node/10833870882,https://www.thetraffic.in/data/surveillance_cameras.v1.json,ODbL-1.0
node/11391159327,,12.9665077,77.6136866,10919,9053,True,public,camera,101,,2023-12-03T05:54:28Z,2026-09-09T04:20:20Z,candidate-public-outdoor,unknown,https://www.openstreetmap.org/node/11391159327,https://www.thetraffic.in/data/surveillance_cameras.v1.json,ODbL-1.0
node/11583710127,,12.9962278,77.6681553,10919,7749,True,public,camera,254,,2024-02-04T07:35:58Z,2026-09-09T04:20:20Z,candidate-public-outdoor,unknown,https://www.openstreetmap.org/node/11583710127,https://www.thetraffic.in/data/surveillance_cameras.v1.json,ODbL-1.0
node/11583710126,,12.9962312,77.6681696,10920,7749,True,public,camera,64,,2024-02-04T07:35:58Z,2026-09-09T04:20:20Z,candidate-public-outdoor,unknown,https://www.openstreetmap.org/node/11583710126,https://www.thetraffic.in/data/surveillance_cameras.v1.json,ODbL-1.0
node/10833856125,,12.9664421,77.6140489,10933,9058,True,public,camera,340,,2023-04-23T12:57:30Z,2026-09-09T04:20:20Z,candidate-public-outdoor,unknown,https://www.openstreetmap.org/node/10833856125,https://www.thetraffic.in/data/surveillance_cameras.v1.json,ODbL-1.0
node/10833856124,,12.966427,77.614065,10935,9059,True,public,camera,,,2023-04-23T12:57:30Z,2026-09-09T04:20:20Z,candidate-public-outdoor,unknown,https://www.openstreetmap.org/node/10833856124,https://www.thetraffic.in/data/surveillance_cameras.v1.json,ODbL-1.0
node/10833856127,,12.9664342,77.6140892,10935,9058,True,public,camera,100,,2023-04-23T12:57:30Z,2026-09-09T04:20:20Z,candidate-public-outdoor,unknown,https://www.openstreetmap.org/node/10833856127,https://www.thetraffic.in/data/surveillance_cameras.v1.json,ODbL-1.0
node/10833856126,,12.9664094,77.6140617,10937,9061,True,public,camera,180,,2023-04-23T12:57:30Z,2026-09-09T04:20:20Z,candidate-public-outdoor,unknown,https://www.openstreetmap.org/node/10833856126,https://www.thetraffic.in/data/surveillance_cameras.v1.json,ODbL-1.0
node/12107777001,,12.9787703,77.6466276,10943,8192,True,public,camera,170,,2024-08-13T08:26:27Z,2026-09-09T04:20:20Z,candidate-public-outdoor,unknown,https://www.openstreetmap.org/node/12107777001,https://www.thetraffic.in/data/surveillance_cameras.v1.json,ODbL-1.0
node/12107777002,,12.9787663,77.6466059,10943,8191,True,public,camera,170,,2024-08-13T08:26:27Z,2026-09-09T04:20:20Z,candidate-public-outdoor,unknown,https://www.openstreetmap.org/node/12107777002,https://www.thetraffic.in/data/surveillance_cameras.v1.json,ODbL-1.0
node/12107777000,,12.9787723,77.6466451,10944,8192,True,public,camera,170,,2024-08-13T08:26:27Z,2026-09-09T04:20:20Z,candidate-public-outdoor,unknown,https://www.openstreetmap.org/node/12107777000,https://www.thetraffic.in/data/surveillance_cameras.v1.json,ODbL-1.0
node/12107777006,,12.9786293,77.646433,10946,8199,True,public,camera,90,,2024-08-13T08:26:27Z,2026-09-09T04:20:20Z,candidate-public-outdoor,unknown,https://www.openstreetmap.org/node/12107777006,https://www.thetraffic.in/data/surveillance_cameras.v1.json,ODbL-1.0
node/12107777008,,12.9786146,77.6464332,10947,8200,True,public,camera,90,,2024-08-13T08:26:27Z,2026-09-09T04:20:20Z,candidate-public-outdoor,unknown,https://www.openstreetmap.org/node/12107777008,https://www.thetraffic.in/data/surveillance_cameras.v1.json,ODbL-1.0
node/12367056395,,12.9784814,77.6462059,10947,8206,True,public,camera,,,2024-11-23T07:10:58Z,2026-09-09T04:20:20Z,candidate-public-outdoor,unknown,https://www.openstreetmap.org/node/12367056395,https://www.thetraffic.in/data/surveillance_cameras.v1.json,ODbL-1.0
node/12107777007,,12.9786001,77.646434,10949,8202,True,public,camera,90,,2024-08-13T08:26:27Z,2026-09-09T04:20:20Z,candidate-public-outdoor,unknown,https://www.openstreetmap.org/node/12107777007,https://www.thetraffic.in/data/surveillance_cameras.v1.json,ODbL-1.0
node/12367005593,,12.9787166,77.6466811,10951,8199,True,public,camera,255,,2024-11-23T07:09:35Z,2026-09-09T04:20:20Z,candidate-public-outdoor,unknown,https://www.openstreetmap.org/node/12367005593,https://www.thetraffic.in/data/surveillance_cameras.v1.json,ODbL-1.0
node/12367005594,,12.9787166,77.6466811,10951,8199,True,public,camera,331,,2024-11-23T07:09:35Z,2026-09-09T04:20:20Z,candidate-public-outdoor,unknown,https://www.openstreetmap.org/node/12367005594,https://www.thetraffic.in/data/surveillance_cameras.v1.json,ODbL-1.0
node/9922810976,,12.9642373,77.5941268,10963,9693,True,public,camera,,2022-07-31,2022-07-31T16:58:15Z,2026-09-09T04:20:20Z,candidate-public-outdoor,unknown,https://www.openstreetmap.org/node/9922810976,https://www.thetraffic.in/data/surveillance_cameras.v1.json,ODbL-1.0
node/12101725148,,12.9648135,77.6051104,10964,9355,True,public,camera,105,,2024-08-10T04:58:39Z,2026-09-09T04:20:20Z,candidate-public-outdoor,unknown,https://www.openstreetmap.org/node/12101725148,https://www.thetraffic.in/data/surveillance_cameras.v1.json,ODbL-1.0
node/12101722511,,12.9647443,77.604714,10967,9370,True,public,camera,,,2024-08-10T04:50:13Z,2026-09-09T04:20:20Z,candidate-public-outdoor,unknown,https://www.openstreetmap.org/node/12101722511,https://www.thetraffic.in/data/surveillance_cameras.v1.json,ODbL-1.0
node/7133663492,,12.996717,77.6692387,10969,7788,True,public,camera,300,,2020-01-20T06:44:21Z,2026-09-09T04:20:20Z,candidate-public-outdoor,unknown,https://www.openstreetmap.org/node/7133663492,https://www.thetraffic.in/data/surveillance_cameras.v1.json,ODbL-1.0
node/12107777003,,12.978444,77.6465776,10972,8224,True,public,camera,0,,2024-08-13T08:26:27Z,2026-09-09T04:20:20Z,candidate-public-outdoor,unknown,https://www.openstreetmap.org/node/12107777003,https://www.thetraffic.in/data/surveillance_cameras.v1.json,ODbL-1.0
node/6570620845,,12.9779148,77.6457032,10973,8246,True,outdoor,camera,270,,2019-06-25T17:04:57Z,2026-09-09T04:20:20Z,candidate-public-outdoor,unknown,https://www.openstreetmap.org/node/6570620845,https://www.thetraffic.in/data/surveillance_cameras.v1.json,ODbL-1.0
node/6570627471,,12.9779208,77.6457078,10973,8246,True,outdoor,camera,0,,2019-06-25T17:04:57Z,2026-09-09T04:20:20Z,candidate-public-outdoor,unknown,https://www.openstreetmap.org/node/6570627471,https://www.thetraffic.in/data/surveillance_cameras.v1.json,ODbL-1.0
node/12107777004,,12.978443,77.6466004,10973,8225,True,public,camera,0,,2024-08-13T08:26:27Z,2026-09-09T04:20:20Z,candidate-public-outdoor,unknown,https://www.openstreetmap.org/node/12107777004,https://www.thetraffic.in/data/surveillance_cameras.v1.json,ODbL-1.0
node/12107777005,,12.978444,77.6466262,10974,8225,True,public,camera,0,,2024-08-13T08:26:27Z,2026-09-09T04:20:20Z,candidate-public-outdoor,unknown,https://www.openstreetmap.org/node/12107777005,https://www.thetraffic.in/data/surveillance_cameras.v1.json,ODbL-1.0
node/12367005589,,12.9783584,77.6465943,10981,8233,True,public,camera,352,,2024-11-23T07:09:35Z,2026-09-09T04:20:20Z,candidate-public-outdoor,unknown,https://www.openstreetmap.org/node/12367005589,https://www.thetraffic.in/data/surveillance_cameras.v1.json,ODbL-1.0
node/12367005590,,12.9783584,77.6465943,10981,8233,True,public,camera,11,,2024-11-23T07:09:35Z,2026-09-09T04:20:20Z,candidate-public-outdoor,unknown,https://www.openstreetmap.org/node/12367005590,https://www.thetraffic.in/data/surveillance_cameras.v1.json,ODbL-1.0
node/12367005591,,12.9783584,77.6465943,10981,8233,True,public,camera,357,,2024-11-23T07:09:35Z,2026-09-09T04:20:20Z,candidate-public-outdoor,unknown,https://www.openstreetmap.org/node/12367005591,https://www.thetraffic.in/data/surveillance_cameras.v1.json,ODbL-1.0
node/12367005592,,12.9783584,77.6465943,10981,8233,True,public,camera,175,,2024-11-23T07:09:35Z,2026-09-09T04:20:20Z,candidate-public-outdoor,unknown,https://www.openstreetmap.org/node/12367005592,https://www.thetraffic.in/data/surveillance_cameras.v1.json,ODbL-1.0
node/12367005588,,12.9783509,77.6466847,10986,8237,True,public,camera,347,,2024-11-23T07:09:35Z,2026-09-09T04:20:20Z,candidate-public-outdoor,unknown,https://www.openstreetmap.org/node/12367005588,https://www.thetraffic.in/data/surveillance_cameras.v1.json,ODbL-1.0
node/12101725150,,12.9646268,77.6057752,10992,9364,True,public,camera,19,,2024-08-10T04:58:39Z,2026-09-09T04:20:20Z,candidate-public-outdoor,unknown,https://www.openstreetmap.org/node/12101725150,https://www.thetraffic.in/data/surveillance_cameras.v1.json,ODbL-1.0
node/12101725149,,12.9645859,77.6056059,10995,9371,True,public,camera,287,,2024-08-10T04:58:39Z,2026-09-09T04:20:20Z,candidate-public-outdoor,unknown,https://www.openstreetmap.org/node/12101725149,https://www.thetraffic.in/data/surveillance_cameras.v1.json,ODbL-1.0
node/10032174043,,12.9645523,77.6057629,11001,9372,True,public,camera,,,2022-09-17T18:38:12Z,2026-09-09T04:20:20Z,candidate-public-outdoor,unknown,https://www.openstreetmap.org/node/10032174043,https://www.thetraffic.in/data/surveillance_cameras.v1.json,ODbL-1.0
node/6991259837,,12.9650446,77.6098531,11006,9255,True,public,camera,,,2019-12-13T01:12:55Z,2026-09-09T04:20:20Z,candidate-public-outdoor,unknown,https://www.openstreetmap.org/node/6991259837,https://www.thetraffic.in/data/surveillance_cameras.v1.json,ODbL-1.0
node/7293719428,,12.9640341,77.6009638,11010,9527,True,public,camera,90,,2020-03-14T04:57:05Z,2026-09-09T04:20:20Z,candidate-public-outdoor,unknown,https://www.openstreetmap.org/node/7293719428,https://www.thetraffic.in/data/surveillance_cameras.v1.json,ODbL-1.0
node/7293719427,,12.9640145,77.6009631,11013,9529,True,public,camera,180,,2020-03-14T04:57:05Z,2026-09-09T04:20:20Z,candidate-public-outdoor,unknown,https://www.openstreetmap.org/node/7293719427,https://www.thetraffic.in/data/surveillance_cameras.v1.json,ODbL-1.0
node/6924200131,,12.9644652,77.6066765,11022,9366,True,public,camera,,,2019-10-29T00:44:32Z,2026-09-09T04:20:20Z,candidate-public-outdoor,unknown,https://www.openstreetmap.org/node/6924200131,https://www.thetraffic.in/data/surveillance_cameras.v1.json,ODbL-1.0
node/12101696747,,12.963939,77.6013997,11024,9528,True,public,camera,,,2024-08-10T03:35:36Z,2026-09-09T04:20:20Z,candidate-public-outdoor,unknown,https://www.openstreetmap.org/node/12101696747,https://www.thetraffic.in/data/surveillance_cameras.v1.json,ODbL-1.0
node/12137671800,,12.9639301,77.5851468,11039,10048,True,public,camera,135,,2024-08-26T12:33:25Z,2026-09-09T04:20:20Z,candidate-public-outdoor,unknown,https://www.openstreetmap.org/node/12137671800,https://www.thetraffic.in/data/surveillance_cameras.v1.json,ODbL-1.0
node/12137671801,,12.9639347,77.5851499,11039,10048,True,public,camera,45,,2024-08-26T12:33:25Z,2026-09-09T04:20:20Z,candidate-public-outdoor,unknown,https://www.openstreetmap.org/node/12137671801,https://www.thetraffic.in/data/surveillance_cameras.v1.json,ODbL-1.0
node/12137671802,,12.9639317,77.5851425,11039,10048,True,public,camera,225,,2024-08-26T12:33:25Z,2026-09-09T04:20:20Z,candidate-public-outdoor,unknown,https://www.openstreetmap.org/node/12137671802,https://www.thetraffic.in/data/surveillance_cameras.v1.json,ODbL-1.0
node/12137671803,,12.9638959,77.5850341,11044,10056,True,public,camera,225,,2024-08-26T12:33:25Z,2026-09-09T04:20:20Z,candidate-public-outdoor,unknown,https://www.openstreetmap.org/node/12137671803,https://www.thetraffic.in/data/surveillance_cameras.v1.json,ODbL-1.0
node/7133737226,,12.9638063,77.5855466,11049,10045,True,public,camera,,,2025-11-23T11:03:25Z,2026-09-09T04:20:20Z,candidate-public-outdoor,unknown,https://www.openstreetmap.org/node/7133737226,https://www.thetraffic.in/data/surveillance_cameras.v1.json,ODbL-1.0
node/11684157874,,12.966845,77.6205924,11052,8991,True,,camera,,,2024-03-02T09:07:58Z,2026-09-09T04:20:20Z,review-access-unknown,unknown,https://www.openstreetmap.org/node/11684157874,https://www.thetraffic.in/data/surveillance_cameras.v1.json,ODbL-1.0
node/10676264328,,12.9668876,77.6208666,11055,8986,True,traffic,camera,245,,2023-02-18T13:56:44Z,2026-09-09T04:20:20Z,candidate-public-outdoor,unknown,https://www.openstreetmap.org/node/10676264328,https://www.thetraffic.in/data/surveillance_cameras.v1.json,ODbL-1.0
node/13473579051,,12.9640724,77.5818263,11061,10174,True,public,camera,114,,2026-01-21T12:23:38Z,2026-09-09T04:20:20Z,candidate-public-outdoor,unknown,https://www.openstreetmap.org/node/13473579051,https://www.thetraffic.in/data/surveillance_cameras.v1.json,ODbL-1.0
node/13473579050,,12.964062,77.5817959,11063,10177,True,public,camera,270,,2026-01-21T12:23:38Z,2026-09-09T04:20:20Z,candidate-public-outdoor,unknown,https://www.openstreetmap.org/node/13473579050,https://www.thetraffic.in/data/surveillance_cameras.v1.json,ODbL-1.0
node/12102719400,,12.9667638,77.6206943,11064,9000,True,traffic,camera,250,,2024-08-10T14:23:58Z,2026-09-09T04:20:20Z,candidate-public-outdoor,unknown,https://www.openstreetmap.org/node/12102719400,https://www.thetraffic.in/data/surveillance_cameras.v1.json,ODbL-1.0
node/11416960646,,12.9637085,77.5848901,11066,10082,True,public,camera,282,,2023-12-14T11:14:38Z,2026-09-09T04:20:20Z,candidate-public-outdoor,unknown,https://www.openstreetmap.org/node/11416960646,https://www.thetraffic.in/data/surveillance_cameras.v1.json,ODbL-1.0
node/11416960647,,12.9637009,77.584905,11067,10082,True,public,camera,51,,2023-12-14T11:14:38Z,2026-09-09T04:20:20Z,candidate-public-outdoor,unknown,https://www.openstreetmap.org/node/11416960647,https://www.thetraffic.in/data/surveillance_cameras.v1.json,ODbL-1.0
node/12102791501,,12.9667348,77.6207077,11067,9003,True,traffic,camera,250,,2024-08-10T14:23:58Z,2026-09-09T04:20:20Z,candidate-public-outdoor,unknown,https://www.openstreetmap.org/node/12102791501,https://www.thetraffic.in/data/surveillance_cameras.v1.json,ODbL-1.0
node/10753282201,,12.9635172,77.6010369,11068,9582,True,public,camera,,,2023-03-22T13:31:32Z,2026-09-09T04:20:20Z,candidate-public-outdoor,unknown,https://www.openstreetmap.org/node/10753282201,https://www.thetraffic.in/data/surveillance_cameras.v1.json,ODbL-1.0
node/11416960645,,12.9636937,77.5849037,11068,10083,True,public,camera,176,,2023-12-14T11:14:38Z,2026-09-09T04:20:20Z,candidate-public-outdoor,unknown,https://www.openstreetmap.org/node/11416960645,https://www.thetraffic.in/data/surveillance_cameras.v1.json,ODbL-1.0
node/12098986756,,12.9633982,77.5891953,11069,9948,True,,camera,,,2024-08-08T15:43:53Z,2026-09-09T04:20:20Z,review-access-unknown,unknown,https://www.openstreetmap.org/node/12098986756,https://www.thetraffic.in/data/surveillance_cameras.v1.json,ODbL-1.0
node/10753282200,,12.9635028,77.6010389,11070,9583,True,public,camera,260,,2023-03-22T13:31:32Z,2026-09-09T04:20:20Z,candidate-public-outdoor,unknown,https://www.openstreetmap.org/node/10753282200,https://www.thetraffic.in/data/surveillance_cameras.v1.json,ODbL-1.0
node/7276466231,,12.9633597,77.5893002,11072,9948,True,public,camera,,,2020-03-08T12:19:10Z,2026-09-09T04:20:20Z,candidate-public-outdoor,unknown,https://www.openstreetmap.org/node/7276466231,https://www.thetraffic.in/data/surveillance_cameras.v1.json,ODbL-1.0
node/13432208589,,12.9643418,77.5790421,11072,10273,True,public,camera,,,2026-01-05T10:15:51Z,2026-09-09T04:20:20Z,candidate-public-outdoor,unknown,https://www.openstreetmap.org/node/13432208589,https://www.thetraffic.in/data/surveillance_cameras.v1.json,ODbL-1.0
node/13432208587,,12.9644968,77.5777068,11077,10321,True,public,camera,,,2026-01-05T10:15:51Z,2026-09-09T04:20:20Z,candidate-public-outdoor,unknown,https://www.openstreetmap.org/node/13432208587,https://www.thetraffic.in/data/surveillance_cameras.v1.json,ODbL-1.0
node/6853514987,,12.9716287,77.6358654,11105,8633,True,public,camera,,,2019-10-05T11:54:09Z,2026-09-09T04:20:20Z,candidate-public-outdoor,unknown,https://www.openstreetmap.org/node/6853514987,https://www.thetraffic.in/data/surveillance_cameras.v1.json,ODbL-1.0
node/11245075787,,12.9708407,77.6340946,11109,8683,True,public,camera,68,,2023-10-07T05:29:01Z,2026-09-09T04:20:20Z,candidate-public-outdoor,unknown,https://www.openstreetmap.org/node/11245075787,https://www.thetraffic.in/data/surveillance_cameras.v1.json,ODbL-1.0
node/11245075788,,12.9708306,77.6340811,11109,8683,True,public,camera,247,,2023-10-07T05:29:01Z,2026-09-09T04:20:20Z,candidate-public-outdoor,unknown,https://www.openstreetmap.org/node/11245075788,https://www.thetraffic.in/data/surveillance_cameras.v1.json,ODbL-1.0
node/10753282202,,12.9631624,77.601337,11110,9613,True,public,camera,105,,2024-08-10T04:33:26Z,2026-09-09T04:20:20Z,candidate-public-outdoor,unknown,https://www.openstreetmap.org/node/10753282202,https://www.thetraffic.in/data/surveillance_cameras.v1.json,ODbL-1.0
node/10833856107,,12.9644242,77.6120688,11114,9299,True,public,camera,300,,2023-04-23T12:57:30Z,2026-09-09T04:20:20Z,candidate-public-outdoor,unknown,https://www.openstreetmap.org/node/10833856107,https://www.thetraffic.in/data/surveillance_cameras.v1.json,ODbL-1.0
node/10833856106,,12.9644173,77.6120695,11115,9299,True,public,camera,70,,2023-04-23T12:57:30Z,2026-09-09T04:20:20Z,candidate-public-outdoor,unknown,https://www.openstreetmap.org/node/10833856106,https://www.thetraffic.in/data/surveillance_cameras.v1.json,ODbL-1.0
node/9929991512,,12.9645693,77.6132805,11122,9271,True,public,camera,280,2022-08-03,2022-08-03T17:16:47Z,2026-09-09T04:20:20Z,candidate-public-outdoor,unknown,https://www.openstreetmap.org/node/9929991512,https://www.thetraffic.in/data/surveillance_cameras.v1.json,ODbL-1.0
node/9929991513,,12.964568,77.6132986,11122,9271,True,public,camera,80,2022-08-03,2022-08-03T17:16:47Z,2026-09-09T04:20:20Z,candidate-public-outdoor,unknown,https://www.openstreetmap.org/node/9929991513,https://www.thetraffic.in/data/surveillance_cameras.v1.json,ODbL-1.0
node/11416960643,,12.9631732,77.5849906,11125,10133,True,public,camera,20,,2024-08-25T16:00:55Z,2026-09-09T04:20:20Z,candidate-public-outdoor,unknown,https://www.openstreetmap.org/node/11416960643,https://www.thetraffic.in/data/surveillance_cameras.v1.json,ODbL-1.0
node/13432208588,,12.9641657,77.5769134,11127,10392,True,public,camera,,,2026-01-05T10:15:51Z,2026-09-09T04:20:20Z,candidate-public-outdoor,unknown,https://www.openstreetmap.org/node/13432208588,https://www.thetraffic.in/data/surveillance_cameras.v1.json,ODbL-1.0
node/11416960644,,12.9631423,77.5849729,11128,10137,True,public,camera,214,,2024-08-25T16:00:55Z,2026-09-09T04:20:20Z,candidate-public-outdoor,unknown,https://www.openstreetmap.org/node/11416960644,https://www.thetraffic.in/data/surveillance_cameras.v1.json,ODbL-1.0
node/12101711705,,12.9629538,77.6012452,11132,9638,True,,camera,174,,2024-08-10T04:33:26Z,2026-09-09T04:20:20Z,review-access-unknown,unknown,https://www.openstreetmap.org/node/12101711705,https://www.thetraffic.in/data/surveillance_cameras.v1.json,ODbL-1.0
node/11355711182,,12.9633544,77.5823944,11133,10223,True,public,camera,78,,2023-11-16T13:56:45Z,2026-09-09T04:20:20Z,candidate-public-outdoor,unknown,https://www.openstreetmap.org/node/11355711182,https://www.thetraffic.in/data/surveillance_cameras.v1.json,ODbL-1.0
node/13432208586,,12.9641108,77.5768052,11135,10403,True,public,camera,,,2026-01-05T10:15:51Z,2026-09-09T04:20:20Z,candidate-public-outdoor,unknown,https://www.openstreetmap.org/node/13432208586,https://www.thetraffic.in/data/surveillance_cameras.v1.json,ODbL-1.0
node/11355711183,,12.9633238,77.5823778,11137,10226,True,public,camera,269,,2023-11-16T13:56:45Z,2026-09-09T04:20:20Z,candidate-public-outdoor,unknown,https://www.openstreetmap.org/node/11355711183,https://www.thetraffic.in/data/surveillance_cameras.v1.json,ODbL-1.0
node/6642471541,,12.9652796,77.6176011,11142,9168,True,public,camera,,,2019-07-24T15:36:27Z,2026-09-09T04:20:20Z,candidate-public-outdoor,unknown,https://www.openstreetmap.org/node/6642471541,https://www.thetraffic.in/data/surveillance_cameras.v1.json,ODbL-1.0
node/10221040318,,12.9653079,77.6177688,11143,9164,True,traffic,camera,,2022-11-27,2022-11-27T09:09:53Z,2026-09-09T04:20:20Z,candidate-public-outdoor,unknown,https://www.openstreetmap.org/node/10221040318,https://www.thetraffic.in/data/surveillance_cameras.v1.json,ODbL-1.0
node/11355711184,,12.963366,77.5812368,11147,10272,True,public,camera,91,,2023-11-16T13:56:45Z,2026-09-09T04:20:20Z,candidate-public-outdoor,unknown,https://www.openstreetmap.org/node/11355711184,https://www.thetraffic.in/data/surveillance_cameras.v1.json,ODbL-1.0
node/6685725727,,12.9653069,77.6179592,11148,9164,True,public,camera,,2022-08-11,2022-08-23T15:13:40Z,2026-09-09T04:20:20Z,candidate-public-outdoor,unknown,https://www.openstreetmap.org/node/6685725727,https://www.thetraffic.in/data/surveillance_cameras.v1.json,ODbL-1.0
node/11355711185,,12.9633609,77.5812096,11148,10274,True,public,camera,277,,2023-11-16T13:56:45Z,2026-09-09T04:20:20Z,candidate-public-outdoor,unknown,https://www.openstreetmap.org/node/11355711185,https://www.thetraffic.in/data/surveillance_cameras.v1.json,ODbL-1.0
node/7139631442,,12.9744664,77.5447346,11186,11519,True,public,camera,,,2020-01-17T16:20:12Z,2026-09-09T04:20:20Z,candidate-public-outdoor,unknown,https://www.openstreetmap.org/node/7139631442,https://www.thetraffic.in/data/surveillance_cameras.v1.json,ODbL-1.0
node/4315639158,,12.9699507,77.636018,11282,8819,True,public,camera,,,2025-02-01T15:42:12Z,2026-09-09T04:20:20Z,candidate-public-outdoor,unknown,https://www.openstreetmap.org/node/4315639158,https://www.thetraffic.in/data/surveillance_cameras.v1.json,ODbL-1.0
node/12367005587,,12.9750003,77.6467474,11310,8589,True,outdoor,camera,88,,2024-11-23T07:09:35Z,2026-09-09T04:20:20Z,candidate-public-outdoor,unknown,https://www.openstreetmap.org/node/12367005587,https://www.thetraffic.in/data/surveillance_cameras.v1.json,ODbL-1.0
node/12101727315,,12.9613213,77.6028054,11326,9782,True,,camera,111,,2024-08-10T05:10:47Z,2026-09-09T04:20:20Z,review-access-unknown,unknown,https://www.openstreetmap.org/node/12101727315,https://www.thetraffic.in/data/surveillance_cameras.v1.json,ODbL-1.0
node/11416992095,,12.961421,77.584135,11327,10348,True,public,camera,26,,2023-12-14T11:13:12Z,2026-09-09T04:20:20Z,candidate-public-outdoor,unknown,https://www.openstreetmap.org/node/11416992095,https://www.thetraffic.in/data/surveillance_cameras.v1.json,ODbL-1.0
node/11416992094,,12.9614092,77.5841208,11329,10350,True,public,camera,206,,2023-12-14T11:13:12Z,2026-09-09T04:20:20Z,candidate-public-outdoor,unknown,https://www.openstreetmap.org/node/11416992094,https://www.thetraffic.in/data/surveillance_cameras.v1.json,ODbL-1.0
node/11416992096,,12.9614047,77.584145,11329,10349,True,public,camera,95,,2023-12-14T11:13:12Z,2026-09-09T04:20:20Z,candidate-public-outdoor,unknown,https://www.openstreetmap.org/node/11416992096,https://www.thetraffic.in/data/surveillance_cameras.v1.json,ODbL-1.0
node/11416992097,,12.9614089,77.5841177,11329,10350,True,public,camera,276,,2023-12-14T11:13:12Z,2026-09-09T04:20:20Z,candidate-public-outdoor,unknown,https://www.openstreetmap.org/node/11416992097,https://www.thetraffic.in/data/surveillance_cameras.v1.json,ODbL-1.0
node/9288431556,,12.9705356,77.6387642,11346,8819,True,public,camera,315,,2021-11-27T16:08:23Z,2026-09-09T04:20:20Z,candidate-public-outdoor,unknown,https://www.openstreetmap.org/node/9288431556,https://www.thetraffic.in/data/surveillance_cameras.v1.json,ODbL-1.0
node/7192997407,,12.9609333,77.5883379,11347,10237,True,public,camera,,,2020-02-09T18:19:01Z,2026-09-09T04:20:20Z,candidate-public-outdoor,unknown,https://www.openstreetmap.org/node/7192997407,https://www.thetraffic.in/data/surveillance_cameras.v1.json,ODbL-1.0
node/9288431555,,12.9705317,77.6387648,11347,8819,True,public,camera,225,,2021-11-27T16:08:23Z,2026-09-09T04:20:20Z,candidate-public-outdoor,unknown,https://www.openstreetmap.org/node/9288431555,https://www.thetraffic.in/data/surveillance_cameras.v1.json,ODbL-1.0
node/9288431557,,12.9705366,77.6387702,11347,8819,True,public,camera,45,,2021-11-27T16:08:23Z,2026-09-09T04:20:20Z,candidate-public-outdoor,unknown,https://www.openstreetmap.org/node/9288431557,https://www.thetraffic.in/data/surveillance_cameras.v1.json,ODbL-1.0
node/9811396096,,12.9725701,77.6432381,11361,8727,True,public,camera,340,2022-06-11,2022-06-11T19:04:11Z,2026-09-09T04:20:20Z,candidate-public-outdoor,unknown,https://www.openstreetmap.org/node/9811396096,https://www.thetraffic.in/data/surveillance_cameras.v1.json,ODbL-1.0
node/12103003498,,12.9605918,77.5958719,11370,10031,True,public,camera,,,2024-08-10T17:59:30Z,2026-09-09T04:20:20Z,candidate-public-outdoor,unknown,https://www.openstreetmap.org/node/12103003498,https://www.thetraffic.in/data/surveillance_cameras.v1.json,ODbL-1.0
node/11493693917,,12.974103,77.6467995,11399,8685,True,public,camera,47,,2024-01-06T04:47:06Z,2026-09-09T04:20:20Z,candidate-public-outdoor,unknown,https://www.openstreetmap.org/node/11493693917,https://www.thetraffic.in/data/surveillance_cameras.v1.json,ODbL-1.0
node/11493693919,,12.9740725,77.6467781,11401,8688,True,public,camera,215,,2024-01-06T04:47:06Z,2026-09-09T04:20:20Z,candidate-public-outdoor,unknown,https://www.openstreetmap.org/node/11493693919,https://www.thetraffic.in/data/surveillance_cameras.v1.json,ODbL-1.0
node/11493693918,,12.974076,77.6468013,11402,8688,True,public,camera,135,,2024-01-06T04:47:06Z,2026-09-09T04:20:20Z,candidate-public-outdoor,unknown,https://www.openstreetmap.org/node/11493693918,https://www.thetraffic.in/data/surveillance_cameras.v1.json,ODbL-1.0
node/12366992416,,12.974076,77.6468035,11402,8688,True,outdoor,camera,263,,2024-11-23T06:45:52Z,2026-09-09T04:20:20Z,candidate-public-outdoor,unknown,https://www.openstreetmap.org/node/12366992416,https://www.thetraffic.in/data/surveillance_cameras.v1.json,ODbL-1.0
node/12366992417,,12.974076,77.6468035,11402,8688,True,outdoor,camera,6,,2024-11-23T06:45:52Z,2026-09-09T04:20:20Z,candidate-public-outdoor,unknown,https://www.openstreetmap.org/node/12366992417,https://www.thetraffic.in/data/surveillance_cameras.v1.json,ODbL-1.0
node/12366992418,,12.974076,77.6468035,11402,8688,True,outdoor,camera,169,,2024-11-23T06:45:52Z,2026-09-09T04:20:20Z,candidate-public-outdoor,unknown,https://www.openstreetmap.org/node/12366992418,https://www.thetraffic.in/data/surveillance_cameras.v1.json,ODbL-1.0
node/12102946019,,12.9604216,77.601318,11414,9912,True,,camera,300,,2024-08-10T16:52:24Z,2026-09-09T04:20:20Z,review-access-unknown,unknown,https://www.openstreetmap.org/node/12102946019,https://www.thetraffic.in/data/surveillance_cameras.v1.json,ODbL-1.0
node/9838544918,,12.9600483,77.5935968,11429,10155,True,public,camera,270,2022-06-22,2022-06-22T11:36:00Z,2026-09-09T04:20:20Z,candidate-public-outdoor,unknown,https://www.openstreetmap.org/node/9838544918,https://www.thetraffic.in/data/surveillance_cameras.v1.json,ODbL-1.0
node/11510253119,,12.970268,77.6399869,11430,8879,True,public,camera,,,2024-01-12T07:05:43Z,2026-09-09T04:20:20Z,candidate-public-outdoor,unknown,https://www.openstreetmap.org/node/11510253119,https://www.thetraffic.in/data/surveillance_cameras.v1.json,ODbL-1.0
node/11510253120,,12.9702669,77.6399852,11430,8880,True,public,camera,,,2024-01-12T07:05:43Z,2026-09-09T04:20:20Z,candidate-public-outdoor,unknown,https://www.openstreetmap.org/node/11510253120,https://www.thetraffic.in/data/surveillance_cameras.v1.json,ODbL-1.0
node/7276466229,,12.9602525,77.6015539,11434,9925,True,public,camera,,,2020-03-08T12:19:10Z,2026-09-09T04:20:20Z,candidate-public-outdoor,unknown,https://www.openstreetmap.org/node/7276466229,https://www.thetraffic.in/data/surveillance_cameras.v1.json,ODbL-1.0
node/9296258311,,12.9599832,77.5935327,11436,10164,True,public,camera,20,,2021-11-30T13:14:51Z,2026-09-09T04:20:20Z,candidate-public-outdoor,unknown,https://www.openstreetmap.org/node/9296258311,https://www.thetraffic.in/data/surveillance_cameras.v1.json,ODbL-1.0
node/11403794921,,12.9726346,77.6448618,11438,8772,True,public,camera,26,,2023-12-08T19:23:05Z,2026-09-09T04:20:20Z,candidate-public-outdoor,unknown,https://www.openstreetmap.org/node/11403794921,https://www.thetraffic.in/data/surveillance_cameras.v1.json,ODbL-1.0
node/11403808420,,12.9726293,77.6448636,11439,8773,True,public,camera,99,,2023-12-08T19:24:29Z,2026-09-09T04:20:20Z,candidate-public-outdoor,unknown,https://www.openstreetmap.org/node/11403808420,https://www.thetraffic.in/data/surveillance_cameras.v1.json,ODbL-1.0
node/11403837500,,12.9726293,77.6448636,11439,8773,True,public,camera,319,,2023-12-08T19:24:47Z,2026-09-09T04:20:20Z,candidate-public-outdoor,unknown,https://www.openstreetmap.org/node/11403837500,https://www.thetraffic.in/data/surveillance_cameras.v1.json,ODbL-1.0
node/9811396095,,12.971684,77.6432709,11450,8822,True,public,camera,0,2022-06-11,2022-06-11T19:04:11Z,2026-09-09T04:20:20Z,candidate-public-outdoor,unknown,https://www.openstreetmap.org/node/9811396095,https://www.thetraffic.in/data/surveillance_cameras.v1.json,ODbL-1.0
node/12101727986,,12.9599321,77.6019335,11473,9952,True,,camera,117,,2024-08-10T05:29:13Z,2026-09-09T04:20:20Z,review-access-unknown,unknown,https://www.openstreetmap.org/node/12101727986,https://www.thetraffic.in/data/surveillance_cameras.v1.json,ODbL-1.0
node/12135983675,,12.9601213,77.5838491,11474,10494,True,public,camera,315,,2024-08-25T16:00:55Z,2026-09-09T04:20:20Z,candidate-public-outdoor,unknown,https://www.openstreetmap.org/node/12135983675,https://www.thetraffic.in/data/surveillance_cameras.v1.json,ODbL-1.0
node/12135983676,,12.9601154,77.5838555,11475,10494,True,public,camera,135,,2024-08-25T16:00:55Z,2026-09-09T04:20:20Z,candidate-public-outdoor,unknown,https://www.openstreetmap.org/node/12135983676,https://www.thetraffic.in/data/surveillance_cameras.v1.json,ODbL-1.0
node/6832827905,,12.9624559,77.6188902,11480,9479,True,public,camera,,,2019-09-29T13:00:27Z,2026-09-09T04:20:20Z,candidate-public-outdoor,unknown,https://www.openstreetmap.org/node/6832827905,https://www.thetraffic.in/data/surveillance_cameras.v1.json,ODbL-1.0
node/12101727985,,12.9598122,77.6019814,11487,9964,True,,camera,,,2024-08-10T05:29:13Z,2026-09-09T04:20:20Z,review-access-unknown,unknown,https://www.openstreetmap.org/node/12101727985,https://www.thetraffic.in/data/surveillance_cameras.v1.json,ODbL-1.0
node/9930197170,,12.9614705,77.6148295,11492,9604,True,public,camera,,2022-08-03,2022-08-03T19:15:48Z,2026-09-09T04:20:20Z,candidate-public-outdoor,unknown,https://www.openstreetmap.org/node/9930197170,https://www.thetraffic.in/data/surveillance_cameras.v1.json,ODbL-1.0
node/9930197171,,12.9614764,77.6148529,11492,9603,True,public,camera,,2022-08-03,2022-08-03T19:15:48Z,2026-09-09T04:20:20Z,candidate-public-outdoor,unknown,https://www.openstreetmap.org/node/9930197171,https://www.thetraffic.in/data/surveillance_cameras.v1.json,ODbL-1.0
node/9811396090,,12.9731467,77.6468775,11496,8788,True,public,camera,,2022-06-11,2022-06-11T19:04:11Z,2026-09-09T04:20:20Z,candidate-public-outdoor,unknown,https://www.openstreetmap.org/node/9811396090,https://www.thetraffic.in/data/surveillance_cameras.v1.json,ODbL-1.0
node/12367010261,,12.9730814,77.6470242,11510,8801,True,outdoor,camera,344,,2024-11-23T06:40:05Z,2026-09-09T04:20:20Z,candidate-public-outdoor,unknown,https://www.openstreetmap.org/node/12367010261,https://www.thetraffic.in/data/surveillance_cameras.v1.json,ODbL-1.0
node/12367010262,,12.9730814,77.6470242,11510,8801,True,outdoor,camera,81,,2024-11-23T06:40:05Z,2026-09-09T04:20:20Z,candidate-public-outdoor,unknown,https://www.openstreetmap.org/node/12367010262,https://www.thetraffic.in/data/surveillance_cameras.v1.json,ODbL-1.0
node/9884338818,,12.9594985,77.5871448,11514,10431,True,public,camera,,2022-07-13,2022-07-13T05:33:56Z,2026-09-09T04:20:20Z,candidate-public-outdoor,unknown,https://www.openstreetmap.org/node/9884338818,https://www.thetraffic.in/data/surveillance_cameras.v1.json,ODbL-1.0
node/3529706272,,12.9670078,77.6355011,11561,9129,True,outdoor,camera,,,2019-08-25T11:50:09Z,2026-09-09T04:20:20Z,candidate-public-outdoor,unknown,https://www.openstreetmap.org/node/3529706272,https://www.thetraffic.in/data/surveillance_cameras.v1.json,ODbL-1.0
node/10032117299,,12.9591945,77.6054679,11589,9965,True,public,camera,,,2022-09-17T18:38:12Z,2026-09-09T04:20:20Z,candidate-public-outdoor,unknown,https://www.openstreetmap.org/node/10032117299,https://www.thetraffic.in/data/surveillance_cameras.v1.json,ODbL-1.0
node/6853467419,,12.9665815,77.6356497,11611,9179,True,outdoor,camera,,,2019-10-05T11:21:46Z,2026-09-09T04:20:20Z,candidate-public-outdoor,unknown,https://www.openstreetmap.org/node/6853467419,https://www.thetraffic.in/data/surveillance_cameras.v1.json,ODbL-1.0
node/11355730139,,12.9588188,77.5826434,11631,10677,True,public,camera,,,2023-11-16T13:52:46Z,2026-09-09T04:20:20Z,candidate-public-outdoor,unknown,https://www.openstreetmap.org/node/11355730139,https://www.thetraffic.in/data/surveillance_cameras.v1.json,ODbL-1.0
node/10895966358,,12.9581699,77.5928877,11638,10377,True,public,camera,20,,2023-05-14T12:54:53Z,2026-09-09T04:20:20Z,candidate-public-outdoor,unknown,https://www.openstreetmap.org/node/10895966358,https://www.thetraffic.in/data/surveillance_cameras.v1.json,ODbL-1.0
node/10895966357,,12.9581623,77.5928796,11639,10378,True,public,camera,,,2023-05-14T12:54:53Z,2026-09-09T04:20:20Z,candidate-public-outdoor,unknown,https://www.openstreetmap.org/node/10895966357,https://www.thetraffic.in/data/surveillance_cameras.v1.json,ODbL-1.0
node/10895966359,,12.9581548,77.592883,11640,10379,True,public,camera,200,,2023-05-14T12:54:53Z,2026-09-09T04:20:20Z,candidate-public-outdoor,unknown,https://www.openstreetmap.org/node/10895966359,https://www.thetraffic.in/data/surveillance_cameras.v1.json,ODbL-1.0
node/9895542731,,12.9668452,77.6369939,11641,9178,True,public,camera,,2022-07-17,2022-07-18T16:13:44Z,2026-09-09T04:20:20Z,candidate-public-outdoor,unknown,https://www.openstreetmap.org/node/9895542731,https://www.thetraffic.in/data/surveillance_cameras.v1.json,ODbL-1.0
node/12438118334,,12.9735557,77.5379276,11643,12121,True,,camera,,,2024-12-21T04:23:33Z,2026-09-09T04:20:20Z,review-access-unknown,unknown,https://www.openstreetmap.org/node/12438118334,https://www.thetraffic.in/data/surveillance_cameras.v1.json,ODbL-1.0
node/7124643394,,12.9732013,77.5384663,11646,12105,True,outdoor,camera,,,2020-01-11T16:48:41Z,2026-09-09T04:20:20Z,candidate-public-outdoor,unknown,https://www.openstreetmap.org/node/7124643394,https://www.thetraffic.in/data/surveillance_cameras.v1.json,ODbL-1.0
node/13432215717,,12.9598086,77.5745002,11650,10943,True,public,camera,120,,2026-01-05T10:07:30Z,2026-09-09T04:20:20Z,candidate-public-outdoor,unknown,https://www.openstreetmap.org/node/13432215717,https://www.thetraffic.in/data/surveillance_cameras.v1.json,ODbL-1.0
node/13432215721,,12.9598034,77.5744938,11651,10944,True,public,camera,195,,2026-01-05T10:07:30Z,2026-09-09T04:20:20Z,candidate-public-outdoor,unknown,https://www.openstreetmap.org/node/13432215721,https://www.thetraffic.in/data/surveillance_cameras.v1.json,ODbL-1.0
node/10032174029,,12.9584591,77.6037196,11652,10077,True,public,camera,290,,2026-05-07T05:30:49Z,2026-09-09T04:20:20Z,candidate-public-outdoor,unknown,https://www.openstreetmap.org/node/10032174029,https://www.thetraffic.in/data/surveillance_cameras.v1.json,ODbL-1.0
node/13432215719,,12.9597706,77.5746047,11652,10941,True,public,camera,,,2026-01-05T10:07:30Z,2026-09-09T04:20:20Z,candidate-public-outdoor,unknown,https://www.openstreetmap.org/node/13432215719,https://www.thetraffic.in/data/surveillance_cameras.v1.json,ODbL-1.0
node/10032174032,,12.9584565,77.6037454,11653,10077,True,public,camera,20,,2026-05-07T05:30:49Z,2026-09-09T04:20:20Z,candidate-public-outdoor,unknown,https://www.openstreetmap.org/node/10032174032,https://www.thetraffic.in/data/surveillance_cameras.v1.json,ODbL-1.0
node/10032174030,,12.958432,77.6037105,11655,10080,True,public,camera,200,,2026-05-07T05:30:49Z,2026-09-09T04:20:20Z,candidate-public-outdoor,unknown,https://www.openstreetmap.org/node/10032174030,https://www.thetraffic.in/data/surveillance_cameras.v1.json,ODbL-1.0
node/10032174031,,12.9584251,77.6037343,11656,10081,True,public,camera,110,,2026-05-07T05:30:49Z,2026-09-09T04:20:20Z,candidate-public-outdoor,unknown,https://www.openstreetmap.org/node/10032174031,https://www.thetraffic.in/data/surveillance_cameras.v1.json,ODbL-1.0
node/8240257728,,12.9873164,77.5192764,11670,12807,True,public,camera,,,2020-12-18T12:11:01Z,2026-09-09T04:20:20Z,candidate-public-outdoor,unknown,https://www.openstreetmap.org/node/8240257728,https://www.thetraffic.in/data/surveillance_cameras.v1.json,ODbL-1.0
node/6924226885,,12.9581091,77.6059407,11715,10077,True,public,camera,,,2019-10-29T00:45:04Z,2026-09-09T04:20:20Z,candidate-public-outdoor,unknown,https://www.openstreetmap.org/node/6924226885,https://www.thetraffic.in/data/surveillance_cameras.v1.json,ODbL-1.0
node/11178105583,,12.9604368,77.568573,11716,11186,True,public,camera,88,,2023-09-09T04:44:13Z,2026-09-09T04:20:20Z,candidate-public-outdoor,unknown,https://www.openstreetmap.org/node/11178105583,https://www.thetraffic.in/data/surveillance_cameras.v1.json,ODbL-1.0
node/11178105584,,12.9604326,77.5685414,11717,11188,True,public,camera,269,,2023-09-09T04:44:13Z,2026-09-09T04:20:20Z,candidate-public-outdoor,unknown,https://www.openstreetmap.org/node/11178105584,https://www.thetraffic.in/data/surveillance_cameras.v1.json,ODbL-1.0
node/11178105585,,12.9603899,77.5685452,11722,11192,True,public,camera,218,,2023-09-09T04:44:13Z,2026-09-09T04:20:20Z,candidate-public-outdoor,unknown,https://www.openstreetmap.org/node/11178105585,https://www.thetraffic.in/data/surveillance_cameras.v1.json,ODbL-1.0
node/9930197173,,12.9585031,77.612154,11764,9954,True,public,camera,,2022-08-03,2022-08-03T19:15:48Z,2026-09-09T04:20:20Z,candidate-public-outdoor,unknown,https://www.openstreetmap.org/node/9930197173,https://www.thetraffic.in/data/surveillance_cameras.v1.json,ODbL-1.0
node/10032117284,,12.9573968,77.6050736,11784,10169,True,public,camera,290,,2022-09-17T18:38:12Z,2026-09-09T04:20:20Z,candidate-public-outdoor,unknown,https://www.openstreetmap.org/node/10032117284,https://www.thetraffic.in/data/surveillance_cameras.v1.json,ODbL-1.0
node/10032117285,,12.9573367,77.6051179,11791,10175,True,public,camera,110,,2022-09-17T18:38:12Z,2026-09-09T04:20:20Z,candidate-public-outdoor,unknown,https://www.openstreetmap.org/node/10032117285,https://www.thetraffic.in/data/surveillance_cameras.v1.json,ODbL-1.0
node/12438176892,,12.9723939,77.537071,11801,12277,True,public,camera,,,2024-12-21T16:57:31Z,2026-09-09T04:20:20Z,candidate-public-outdoor,unknown,https://www.openstreetmap.org/node/12438176892,https://www.thetraffic.in/data/surveillance_cameras.v1.json,ODbL-1.0
node/12438176893,,12.9723905,77.5370829,11801,12276,True,public,camera,26,,2024-12-21T16:57:31Z,2026-09-09T04:20:20Z,candidate-public-outdoor,unknown,https://www.openstreetmap.org/node/12438176893,https://www.thetraffic.in/data/surveillance_cameras.v1.json,ODbL-1.0
node/12460456844,,12.9571625,77.6050202,11809,10196,True,,camera,186,,2024-12-29T08:43:41Z,2026-09-09T04:20:20Z,review-access-unknown,unknown,https://www.openstreetmap.org/node/12460456844,https://www.thetraffic.in/data/surveillance_cameras.v1.json,ODbL-1.0
node/12059111507,,12.9567924,77.5859524,11823,10758,True,,camera,188,,2024-07-17T12:15:21Z,2026-09-09T04:20:20Z,review-access-unknown,unknown,https://www.openstreetmap.org/node/12059111507,https://www.thetraffic.in/data/surveillance_cameras.v1.json,ODbL-1.0
node/12059111508,,12.9567349,77.5859405,11830,10764,True,,camera,,,2024-07-17T12:15:21Z,2026-09-09T04:20:20Z,review-access-unknown,unknown,https://www.openstreetmap.org/node/12059111508,https://www.thetraffic.in/data/surveillance_cameras.v1.json,ODbL-1.0
node/11178091276,,12.9581304,77.5695423,11942,11358,True,public,camera,1,,2023-09-09T04:24:50Z,2026-09-09T04:20:20Z,candidate-public-outdoor,unknown,https://www.openstreetmap.org/node/11178091276,https://www.thetraffic.in/data/surveillance_cameras.v1.json,ODbL-1.0
node/11178091277,,12.958105,77.5695406,11944,11360,True,public,camera,180,,2023-09-09T04:24:50Z,2026-09-09T04:20:20Z,candidate-public-outdoor,unknown,https://www.openstreetmap.org/node/11178091277,https://www.thetraffic.in/data/surveillance_cameras.v1.json,ODbL-1.0
node/12367516762,,12.9706135,77.6507818,11952,9200,True,public,camera,290,,2024-11-23T11:59:45Z,2026-09-09T04:20:20Z,candidate-public-outdoor,unknown,https://www.openstreetmap.org/node/12367516762,https://www.thetraffic.in/data/surveillance_cameras.v1.json,ODbL-1.0
node/12367516761,,12.9706117,77.650782,11953,9200,True,public,camera,190,,2024-11-23T11:59:45Z,2026-09-09T04:20:20Z,candidate-public-outdoor,unknown,https://www.openstreetmap.org/node/12367516761,https://www.thetraffic.in/data/surveillance_cameras.v1.json,ODbL-1.0
node/9838544917,,12.9552545,77.5918935,11964,10719,True,public,camera,0,2022-06-22,2022-06-22T11:35:59Z,2026-09-09T04:20:20Z,candidate-public-outdoor,unknown,https://www.openstreetmap.org/node/9838544917,https://www.thetraffic.in/data/surveillance_cameras.v1.json,ODbL-1.0
node/6497017206,,12.9688225,77.6481309,11981,9287,True,,,,,2019-05-24T06:44:19Z,2026-09-09T04:20:20Z,excluded-non-camera,unknown,https://www.openstreetmap.org/node/6497017206,https://www.thetraffic.in/data/surveillance_cameras.v1.json,ODbL-1.0
node/11295826655,,12.9550839,77.592635,11981,10715,True,public,camera,,,2023-10-28T16:14:04Z,2026-09-09T04:20:20Z,candidate-public-outdoor,unknown,https://www.openstreetmap.org/node/11295826655,https://www.thetraffic.in/data/surveillance_cameras.v1.json,ODbL-1.0
node/11178249814,,12.9579642,77.5685521,11984,11426,True,public,camera,,,2023-09-09T06:59:36Z,2026-09-09T04:20:20Z,candidate-public-outdoor,unknown,https://www.openstreetmap.org/node/11178249814,https://www.thetraffic.in/data/surveillance_cameras.v1.json,ODbL-1.0
node/12366550424,,12.9691817,77.6488785,11986,9276,True,public,camera,207,,2024-11-23T05:05:13Z,2026-09-09T04:20:20Z,candidate-public-outdoor,unknown,https://www.openstreetmap.org/node/12366550424,https://www.thetraffic.in/data/surveillance_cameras.v1.json,ODbL-1.0
node/11404845331,,12.9721036,77.6542122,12008,9189,True,public,camera,353,,2023-12-09T04:51:19Z,2026-09-09T04:20:20Z,candidate-public-outdoor,unknown,https://www.openstreetmap.org/node/11404845331,https://www.thetraffic.in/data/surveillance_cameras.v1.json,ODbL-1.0
node/11404853733,,12.9721036,77.6542122,12008,9189,True,public,camera,277,,2023-12-09T04:50:27Z,2026-09-09T04:20:20Z,candidate-public-outdoor,unknown,https://www.openstreetmap.org/node/11404853733,https://www.thetraffic.in/data/surveillance_cameras.v1.json,ODbL-1.0
node/11404863269,,12.9721036,77.6542122,12008,9189,True,public,camera,354,,2023-12-09T04:50:43Z,2026-09-09T04:20:20Z,candidate-public-outdoor,unknown,https://www.openstreetmap.org/node/11404863269,https://www.thetraffic.in/data/surveillance_cameras.v1.json,ODbL-1.0
node/12075520393,,12.9547099,77.592976,12023,10744,True,public,camera,,,2024-07-26T15:51:13Z,2026-09-09T04:20:20Z,candidate-public-outdoor,unknown,https://www.openstreetmap.org/node/12075520393,https://www.thetraffic.in/data/surveillance_cameras.v1.json,ODbL-1.0
node/12059145815,,12.957279,77.5696543,12031,11435,True,,camera,,,2024-07-17T12:29:20Z,2026-09-09T04:20:20Z,review-access-unknown,unknown,https://www.openstreetmap.org/node/12059145815,https://www.thetraffic.in/data/surveillance_cameras.v1.json,ODbL-1.0
node/11296585666,,12.9552785,77.579934,12057,11153,True,public,camera,280,,2023-10-29T03:46:15Z,2026-09-09T04:20:20Z,candidate-public-outdoor,unknown,https://www.openstreetmap.org/node/11296585666,https://www.thetraffic.in/data/surveillance_cameras.v1.json,ODbL-1.0
node/10032117283,,12.9549423,77.605323,12058,10435,True,public,camera,280,,2022-09-17T18:38:12Z,2026-09-09T04:20:20Z,candidate-public-outdoor,unknown,https://www.openstreetmap.org/node/10032117283,https://www.thetraffic.in/data/surveillance_cameras.v1.json,ODbL-1.0
node/12059144377,,12.9572347,77.5685189,12064,11499,True,,camera,357,,2024-07-17T12:30:56Z,2026-09-09T04:20:20Z,review-access-unknown,unknown,https://www.openstreetmap.org/node/12059144377,https://www.thetraffic.in/data/surveillance_cameras.v1.json,ODbL-1.0
node/12059144378,,12.9572347,77.5685189,12064,11499,True,,camera,,,2024-07-17T12:30:56Z,2026-09-09T04:20:20Z,review-access-unknown,unknown,https://www.openstreetmap.org/node/12059144378,https://www.thetraffic.in/data/surveillance_cameras.v1.json,ODbL-1.0
node/12059144379,,12.957236,77.568518,12064,11499,True,,camera,177,,2024-07-17T12:30:56Z,2026-09-09T04:20:20Z,review-access-unknown,unknown,https://www.openstreetmap.org/node/12059144379,https://www.thetraffic.in/data/surveillance_cameras.v1.json,ODbL-1.0
node/12059144380,,12.957224,77.5685009,12065,11501,True,,camera,89,,2024-07-17T12:30:56Z,2026-09-09T04:20:20Z,review-access-unknown,unknown,https://www.openstreetmap.org/node/12059144380,https://www.thetraffic.in/data/surveillance_cameras.v1.json,ODbL-1.0
node/12059144381,,12.957224,77.5685009,12065,11501,True,,camera,268,,2024-07-17T12:30:56Z,2026-09-09T04:20:20Z,review-access-unknown,unknown,https://www.openstreetmap.org/node/12059144381,https://www.thetraffic.in/data/surveillance_cameras.v1.json,ODbL-1.0
node/6925820387,,12.9548509,77.6053297,12068,10445,True,public,camera,,2021-12-05,2021-12-05T15:30:16Z,2026-09-09T04:20:20Z,candidate-public-outdoor,unknown,https://www.openstreetmap.org/node/6925820387,https://www.thetraffic.in/data/surveillance_cameras.v1.json,ODbL-1.0
node/11355730138,,12.955139,77.5799565,12072,11166,True,public,camera,,,2023-11-16T13:52:46Z,2026-09-09T04:20:20Z,candidate-public-outdoor,unknown,https://www.openstreetmap.org/node/11355730138,https://www.thetraffic.in/data/surveillance_cameras.v1.json,ODbL-1.0
node/11178098250,,12.957012,77.5689738,12077,11497,True,outdoor,camera,120,,2023-09-09T04:15:05Z,2026-09-09T04:20:20Z,candidate-public-outdoor,unknown,https://www.openstreetmap.org/node/11178098250,https://www.thetraffic.in/data/surveillance_cameras.v1.json,ODbL-1.0
node/11222315977,,12.9541922,77.5901919,12087,10885,True,public,camera,,,2023-09-27T15:45:47Z,2026-09-09T04:20:20Z,candidate-public-outdoor,unknown,https://www.openstreetmap.org/node/11222315977,https://www.thetraffic.in/data/surveillance_cameras.v1.json,ODbL-1.0
node/11222315978,,12.9541922,77.5901919,12087,10885,True,public,camera,20,,2023-09-27T15:47:39Z,2026-09-09T04:20:20Z,candidate-public-outdoor,unknown,https://www.openstreetmap.org/node/11222315978,https://www.thetraffic.in/data/surveillance_cameras.v1.json,ODbL-1.0
node/11222315979,,12.9541922,77.5901919,12087,10885,True,public,camera,102,,2023-09-27T15:45:47Z,2026-09-09T04:20:20Z,candidate-public-outdoor,unknown,https://www.openstreetmap.org/node/11222315979,https://www.thetraffic.in/data/surveillance_cameras.v1.json,ODbL-1.0
node/11222315980,,12.9541922,77.5901919,12087,10885,True,public,camera,300,,2023-09-27T15:47:09Z,2026-09-09T04:20:20Z,candidate-public-outdoor,unknown,https://www.openstreetmap.org/node/11222315980,https://www.thetraffic.in/data/surveillance_cameras.v1.json,ODbL-1.0
node/11298193748,,12.9540542,77.5913178,12099,10865,True,outdoor,camera,,,2023-10-29T17:03:42Z,2026-09-09T04:20:20Z,candidate-public-outdoor,unknown,https://www.openstreetmap.org/node/11298193748,https://www.thetraffic.in/data/surveillance_cameras.v1.json,ODbL-1.0
node/6796186150,,12.9540923,77.5851646,12129,11069,True,public,camera,,,2019-09-17T07:30:01Z,2026-09-09T04:20:20Z,candidate-public-outdoor,unknown,https://www.openstreetmap.org/node/6796186150,https://www.thetraffic.in/data/surveillance_cameras.v1.json,ODbL-1.0
node/11355730135,,12.9541323,77.5847507,12129,11080,True,public,camera,100,,2023-11-16T13:52:46Z,2026-09-09T04:20:20Z,candidate-public-outdoor,unknown,https://www.openstreetmap.org/node/11355730135,https://www.thetraffic.in/data/surveillance_cameras.v1.json,ODbL-1.0
node/11355730136,,12.9541278,77.584746,12129,11081,True,public,camera,,,2023-11-16T13:52:46Z,2026-09-09T04:20:20Z,candidate-public-outdoor,unknown,https://www.openstreetmap.org/node/11355730136,https://www.thetraffic.in/data/surveillance_cameras.v1.json,ODbL-1.0
node/11493783926,,12.9623056,77.6375751,12130,9685,True,public,camera,97,,2024-01-06T06:46:34Z,2026-09-09T04:20:20Z,candidate-public-outdoor,unknown,https://www.openstreetmap.org/node/11493783926,https://www.thetraffic.in/data/surveillance_cameras.v1.json,ODbL-1.0
node/13432215716,,12.9568278,77.5673811,12137,11598,True,public,ALPR,184,,2026-01-05T10:07:30Z,2026-09-09T04:20:20Z,candidate-public-outdoor,unknown,https://www.openstreetmap.org/node/13432215716,https://www.thetraffic.in/data/surveillance_cameras.v1.json,ODbL-1.0
node/13432215718,,12.9568279,77.5673788,12137,11598,True,public,ALPR,4,,2026-01-05T10:07:30Z,2026-09-09T04:20:20Z,candidate-public-outdoor,unknown,https://www.openstreetmap.org/node/13432215718,https://www.thetraffic.in/data/surveillance_cameras.v1.json,ODbL-1.0
node/13913767431,,12.9615096,77.6358812,12142,9738,True,public,camera,,,2026-06-06T05:07:08Z,2026-09-09T04:20:20Z,candidate-public-outdoor,unknown,https://www.openstreetmap.org/node/13913767431,https://www.thetraffic.in/data/surveillance_cameras.v1.json,ODbL-1.0
node/11050629650,,12.9613745,77.6358197,12153,9752,True,public,camera,,,2023-07-17T08:59:05Z,2026-09-09T04:20:20Z,candidate-public-outdoor,unknown,https://www.openstreetmap.org/node/11050629650,https://www.thetraffic.in/data/surveillance_cameras.v1.json,ODbL-1.0
node/11050629651,,12.9613749,77.6358241,12153,9752,True,public,camera,150,,2023-07-17T08:59:05Z,2026-09-09T04:20:20Z,candidate-public-outdoor,unknown,https://www.openstreetmap.org/node/11050629651,https://www.thetraffic.in/data/surveillance_cameras.v1.json,ODbL-1.0
node/11295921633,,12.9535274,77.5926096,12155,10882,True,public,camera,,,2023-10-28T17:00:51Z,2026-09-09T04:20:20Z,candidate-public-outdoor,unknown,https://www.openstreetmap.org/node/11295921633,https://www.thetraffic.in/data/surveillance_cameras.v1.json,ODbL-1.0
node/11178125280,,12.9569854,77.5654988,12170,11685,True,public,camera,,,2023-09-09T04:33:06Z,2026-09-09T04:20:20Z,candidate-public-outdoor,unknown,https://www.openstreetmap.org/node/11178125280,https://www.thetraffic.in/data/surveillance_cameras.v1.json,ODbL-1.0
node/6743885535,,12.9544288,77.5784739,12171,11302,True,outdoor,camera,,,2019-08-25T11:50:28Z,2026-09-09T04:20:20Z,candidate-public-outdoor,unknown,https://www.openstreetmap.org/node/6743885535,https://www.thetraffic.in/data/surveillance_cameras.v1.json,ODbL-1.0
node/10606237006,,12.9565816,77.6211012,12171,10132,True,public,camera,,2023-02-04,2023-02-04T15:26:24Z,2026-09-09T04:20:20Z,candidate-public-outdoor,unknown,https://www.openstreetmap.org/node/10606237006,https://www.thetraffic.in/data/surveillance_cameras.v1.json,ODbL-1.0
node/10606237105,,12.9565816,77.6211012,12171,10132,True,public,camera,,2023-02-04,2023-02-04T15:26:17Z,2026-09-09T04:20:20Z,candidate-public-outdoor,unknown,https://www.openstreetmap.org/node/10606237105,https://www.thetraffic.in/data/surveillance_cameras.v1.json,ODbL-1.0
node/9952087676,,12.9550211,77.6142156,12184,10324,True,public,camera,280,2022-08-13,2022-08-14T06:32:21Z,2026-09-09T04:20:20Z,candidate-public-outdoor,unknown,https://www.openstreetmap.org/node/9952087676,https://www.thetraffic.in/data/surveillance_cameras.v1.json,ODbL-1.0
node/9952087677,,12.9550214,77.614224,12184,10324,True,public,camera,100,2022-08-13,2022-08-14T06:32:21Z,2026-09-09T04:20:20Z,candidate-public-outdoor,unknown,https://www.openstreetmap.org/node/9952087677,https://www.thetraffic.in/data/surveillance_cameras.v1.json,ODbL-1.0
node/9952087678,,12.955024,77.6142196,12184,10323,True,public,camera,0,2022-08-13,2022-08-14T06:32:21Z,2026-09-09T04:20:20Z,candidate-public-outdoor,unknown,https://www.openstreetmap.org/node/9952087678,https://www.thetraffic.in/data/surveillance_cameras.v1.json,ODbL-1.0
node/12000109172,,12.9535085,77.5852706,12193,11126,True,public,camera,16,,2024-06-22T04:24:56Z,2026-09-09T04:20:20Z,candidate-public-outdoor,unknown,https://www.openstreetmap.org/node/12000109172,https://www.thetraffic.in/data/surveillance_cameras.v1.json,ODbL-1.0
node/13931718853,,12.9614986,77.6371622,12195,9765,True,public,camera,,,2026-06-12T16:51:21Z,2026-09-09T04:20:20Z,candidate-public-outdoor,unknown,https://www.openstreetmap.org/node/13931718853,https://www.thetraffic.in/data/surveillance_cameras.v1.json,ODbL-1.0
node/6924154360,,12.9527782,77.6053115,12297,10673,True,public,camera,,2026-02-24,2026-02-24T07:19:00Z,2026-09-09T04:20:20Z,candidate-public-outdoor,unknown,https://www.openstreetmap.org/node/6924154360,https://www.thetraffic.in/data/surveillance_cameras.v1.json,ODbL-1.0
node/11298570108,,12.9520767,77.5944458,12315,10985,True,outdoor,camera,,,2023-10-29T19:43:59Z,2026-09-09T04:20:20Z,candidate-public-outdoor,unknown,https://www.openstreetmap.org/node/11298570108,https://www.thetraffic.in/data/surveillance_cameras.v1.json,ODbL-1.0
node/11298570109,,12.9520077,77.5945389,12323,10990,True,outdoor,camera,,,2023-10-29T19:43:59Z,2026-09-09T04:20:20Z,candidate-public-outdoor,unknown,https://www.openstreetmap.org/node/11298570109,https://www.thetraffic.in/data/surveillance_cameras.v1.json,ODbL-1.0
node/13913668368,,12.9606406,77.6385543,12342,9888,True,,camera,153,,2026-06-06T05:08:14Z,2026-09-09T04:20:20Z,review-access-unknown,unknown,https://www.openstreetmap.org/node/13913668368,https://www.thetraffic.in/data/surveillance_cameras.v1.json,ODbL-1.0
node/13913668369,,12.9605742,77.6385537,12348,9895,True,,camera,148,,2026-06-06T05:08:14Z,2026-09-09T04:20:20Z,review-access-unknown,unknown,https://www.openstreetmap.org/node/13913668369,https://www.thetraffic.in/data/surveillance_cameras.v1.json,ODbL-1.0
node/13913668370,,12.9604126,77.6385532,12365,9913,True,,camera,122,,2026-06-06T05:08:14Z,2026-09-09T04:20:20Z,review-access-unknown,unknown,https://www.openstreetmap.org/node/13913668370,https://www.thetraffic.in/data/surveillance_cameras.v1.json,ODbL-1.0
node/6796244966,,12.9527709,77.577078,12376,11532,True,public,camera,,,2019-09-17T07:30:21Z,2026-09-09T04:20:20Z,candidate-public-outdoor,unknown,https://www.openstreetmap.org/node/6796244966,https://www.thetraffic.in/data/surveillance_cameras.v1.json,ODbL-1.0
node/13913668371,,12.960269,77.6385417,12379,9928,True,,camera,,,2026-06-06T04:48:21Z,2026-09-09T04:20:20Z,review-access-unknown,unknown,https://www.openstreetmap.org/node/13913668371,https://www.thetraffic.in/data/surveillance_cameras.v1.json,ODbL-1.0
node/9951289091,,12.9518683,77.6053056,12398,10773,True,public,camera,100,2022-08-13,2022-08-13T17:14:44Z,2026-09-09T04:20:20Z,candidate-public-outdoor,unknown,https://www.openstreetmap.org/node/9951289091,https://www.thetraffic.in/data/surveillance_cameras.v1.json,ODbL-1.0
node/9951289090,,12.9518578,77.6052721,12399,10775,True,public,camera,10,2022-08-13,2022-08-13T17:14:44Z,2026-09-09T04:20:20Z,candidate-public-outdoor,unknown,https://www.openstreetmap.org/node/9951289090,https://www.thetraffic.in/data/surveillance_cameras.v1.json,ODbL-1.0
node/9993208660,,12.9588867,77.6355696,12401,10019,True,public,camera,,,2022-09-01T16:43:03Z,2026-09-09T04:20:20Z,candidate-public-outdoor,unknown,https://www.openstreetmap.org/node/9993208660,https://www.thetraffic.in/data/surveillance_cameras.v1.json,ODbL-1.0
node/9951289089,,12.9518278,77.6052734,12402,10778,True,public,camera,180,2022-08-13,2022-08-13T17:14:44Z,2026-09-09T04:20:20Z,candidate-public-outdoor,unknown,https://www.openstreetmap.org/node/9951289089,https://www.thetraffic.in/data/surveillance_cameras.v1.json,ODbL-1.0
node/10032117243,,12.9512851,77.5951722,12403,11051,True,public,camera,305,,2022-09-17T18:38:12Z,2026-09-09T04:20:20Z,candidate-public-outdoor,unknown,https://www.openstreetmap.org/node/10032117243,https://www.thetraffic.in/data/surveillance_cameras.v1.json,ODbL-1.0
node/10032117241,,12.9512739,77.5951856,12405,11052,True,public,camera,120,,2022-09-17T18:38:12Z,2026-09-09T04:20:20Z,candidate-public-outdoor,unknown,https://www.openstreetmap.org/node/10032117241,https://www.thetraffic.in/data/surveillance_cameras.v1.json,ODbL-1.0
node/10032117242,,12.9512723,77.5951665,12405,11053,True,public,camera,240,,2022-09-17T18:38:12Z,2026-09-09T04:20:20Z,candidate-public-outdoor,unknown,https://www.openstreetmap.org/node/10032117242,https://www.thetraffic.in/data/surveillance_cameras.v1.json,ODbL-1.0
node/13913731901,,12.9600495,77.6388948,12417,9960,True,,camera,,,2026-06-06T04:48:21Z,2026-09-09T04:20:20Z,review-access-unknown,unknown,https://www.openstreetmap.org/node/13913731901,https://www.thetraffic.in/data/surveillance_cameras.v1.json,ODbL-1.0
node/11178064783,,12.9531876,77.5721759,12420,11714,True,public,camera,49,,2023-09-09T02:31:24Z,2026-09-09T04:20:20Z,candidate-public-outdoor,unknown,https://www.openstreetmap.org/node/11178064783,https://www.thetraffic.in/data/surveillance_cameras.v1.json,ODbL-1.0
node/13913731902,,12.9598331,77.6390186,12444,9986,True,,camera,314,,2026-06-06T04:48:21Z,2026-09-09T04:20:20Z,review-access-unknown,unknown,https://www.openstreetmap.org/node/13913731902,https://www.thetraffic.in/data/surveillance_cameras.v1.json,ODbL-1.0
node/7133638012,,12.9942527,77.6848962,12447,9211,True,outdoor,camera,90,2022-12-18,2022-12-18T18:37:09Z,2026-09-09T04:20:20Z,candidate-public-outdoor,unknown,https://www.openstreetmap.org/node/7133638012,https://www.thetraffic.in/data/surveillance_cameras.v1.json,ODbL-1.0
node/7133742390,,12.9942449,77.6849143,12449,9213,True,outdoor,camera,240,2024-12-10,2024-12-17T14:11:40Z,2026-09-09T04:20:20Z,candidate-public-outdoor,unknown,https://www.openstreetmap.org/node/7133742390,https://www.thetraffic.in/data/surveillance_cameras.v1.json,ODbL-1.0
node/13913682708,,12.9596558,77.6388291,12454,10001,True,private,camera,69,,2026-06-06T04:56:35Z,2026-09-09T04:20:20Z,excluded-private-or-indoor,unknown,https://www.openstreetmap.org/node/13913682708,https://www.thetraffic.in/data/surveillance_cameras.v1.json,ODbL-1.0
node/13913682709,,12.9593013,77.6389566,12496,10043,True,private,camera,202,,2026-06-06T04:56:35Z,2026-09-09T04:20:20Z,excluded-private-or-indoor,unknown,https://www.openstreetmap.org/node/13913682709,https://www.thetraffic.in/data/surveillance_cameras.v1.json,ODbL-1.0
node/13913736961,,12.959199,77.638771,12498,10050,True,private,camera,137,,2026-06-06T05:03:47Z,2026-09-09T04:20:20Z,excluded-private-or-indoor,unknown,https://www.openstreetmap.org/node/13913736961,https://www.thetraffic.in/data/surveillance_cameras.v1.json,ODbL-1.0
node/13913736962,,12.9591214,77.638769,12506,10058,True,private,camera,221,,2026-06-06T05:03:47Z,2026-09-09T04:20:20Z,excluded-private-or-indoor,unknown,https://www.openstreetmap.org/node/13913736962,https://www.thetraffic.in/data/surveillance_cameras.v1.json,ODbL-1.0
node/13913765342,,12.9599424,77.6410879,12522,10023,True,,camera,31,,2026-06-06T05:23:56Z,2026-09-09T04:20:20Z,review-access-unknown,unknown,https://www.openstreetmap.org/node/13913765342,https://www.thetraffic.in/data/surveillance_cameras.v1.json,ODbL-1.0
node/13913765343,,12.9599468,77.6410822,12522,10023,True,,camera,287,,2026-06-06T05:23:56Z,2026-09-09T04:20:20Z,review-access-unknown,unknown,https://www.openstreetmap.org/node/13913765343,https://www.thetraffic.in/data/surveillance_cameras.v1.json,ODbL-1.0
node/13913781019,,12.9598906,77.6410292,12525,10027,True,,camera,296,,2026-06-06T06:39:03Z,2026-09-09T04:20:20Z,review-access-unknown,unknown,https://www.openstreetmap.org/node/13913781019,https://www.thetraffic.in/data/surveillance_cameras.v1.json,ODbL-1.0
node/13913781018,,12.9598871,77.6410399,12526,10028,True,,camera,64,,2026-06-06T06:39:03Z,2026-09-09T04:20:20Z,review-access-unknown,unknown,https://www.openstreetmap.org/node/13913781018,https://www.thetraffic.in/data/surveillance_cameras.v1.json,ODbL-1.0
node/9922802694,,12.9506626,77.5833102,12527,11496,True,public,camera,30,2022-07-31,2022-07-31T16:52:43Z,2026-09-09T04:20:20Z,candidate-public-outdoor,unknown,https://www.openstreetmap.org/node/9922802694,https://www.thetraffic.in/data/surveillance_cameras.v1.json,ODbL-1.0
node/9922802695,,12.950645,77.5833061,12529,11498,True,public,camera,,2022-07-31,2022-07-31T16:52:43Z,2026-09-09T04:20:20Z,candidate-public-outdoor,unknown,https://www.openstreetmap.org/node/9922802695,https://www.thetraffic.in/data/surveillance_cameras.v1.json,ODbL-1.0
node/12000107162,,12.9506388,77.5833167,12529,11499,True,public,camera,151,,2024-06-22T04:28:26Z,2026-09-09T04:20:20Z,candidate-public-outdoor,unknown,https://www.openstreetmap.org/node/12000107162,https://www.thetraffic.in/data/surveillance_cameras.v1.json,ODbL-1.0
node/13913714927,,12.9588708,77.6391265,12547,10093,True,private,camera,169,,2026-06-06T05:08:14Z,2026-09-09T04:20:20Z,excluded-private-or-indoor,unknown,https://www.openstreetmap.org/node/13913714927,https://www.thetraffic.in/data/surveillance_cameras.v1.json,ODbL-1.0
node/13913736963,,12.9587209,77.6389894,12557,10107,True,private,camera,352,,2026-06-06T05:03:47Z,2026-09-09T04:20:20Z,excluded-private-or-indoor,unknown,https://www.openstreetmap.org/node/13913736963,https://www.thetraffic.in/data/surveillance_cameras.v1.json,ODbL-1.0
node/13913714926,,12.9587156,77.6391423,12564,10111,True,private,camera,340,,2026-06-06T05:08:14Z,2026-09-09T04:20:20Z,excluded-private-or-indoor,unknown,https://www.openstreetmap.org/node/13913714926,https://www.thetraffic.in/data/surveillance_cameras.v1.json,ODbL-1.0
node/13913714928,,12.9586989,77.6392988,12572,10116,True,private,camera,359,,2026-06-06T05:08:14Z,2026-09-09T04:20:20Z,excluded-private-or-indoor,unknown,https://www.openstreetmap.org/node/13913714928,https://www.thetraffic.in/data/surveillance_cameras.v1.json,ODbL-1.0
node/12102942757,,12.9502395,77.6050531,12575,10956,True,public,camera,,,2024-08-10T17:18:55Z,2026-09-09T04:20:20Z,candidate-public-outdoor,unknown,https://www.openstreetmap.org/node/12102942757,https://www.thetraffic.in/data/surveillance_cameras.v1.json,ODbL-1.0
node/5342611522,,12.9655057,77.5349283,12577,12975,True,,,,,2018-01-16T10:14:36Z,2026-09-09T04:20:20Z,excluded-non-camera,unknown,https://www.openstreetmap.org/node/5342611522,https://www.thetraffic.in/data/surveillance_cameras.v1.json,ODbL-1.0
node/13913766223,,12.9586594,77.639642,12590,10128,True,private,camera,74,,2026-06-06T05:12:41Z,2026-09-09T04:20:20Z,excluded-private-or-indoor,unknown,https://www.openstreetmap.org/node/13913766223,https://www.thetraffic.in/data/surveillance_cameras.v1.json,ODbL-1.0
node/9922802651,,12.9498333,77.5863766,12592,11473,True,public,camera,,2022-07-31,2022-07-31T16:52:43Z,2026-09-09T04:20:20Z,candidate-public-outdoor,unknown,https://www.openstreetmap.org/node/9922802651,https://www.thetraffic.in/data/surveillance_cameras.v1.json,ODbL-1.0
node/6871232116,,12.952388,77.6201378,12600,10598,True,public,camera,,2023-12-05,2023-12-05T10:09:15Z,2026-09-09T04:20:20Z,candidate-public-outdoor,unknown,https://www.openstreetmap.org/node/6871232116,https://www.thetraffic.in/data/surveillance_cameras.v1.json,ODbL-1.0
node/9292386651,,12.949568,77.5896343,12603,11395,True,public,camera,45,,2021-11-29T08:30:51Z,2026-09-09T04:20:20Z,candidate-public-outdoor,unknown,https://www.openstreetmap.org/node/9292386651,https://www.thetraffic.in/data/surveillance_cameras.v1.json,ODbL-1.0
node/9292386652,,12.9495693,77.5896281,12603,11395,True,public,camera,,,2021-11-29T08:30:51Z,2026-09-09T04:20:20Z,candidate-public-outdoor,unknown,https://www.openstreetmap.org/node/9292386652,https://www.thetraffic.in/data/surveillance_cameras.v1.json,ODbL-1.0
node/11385554763,,12.95236,77.6201234,12603,10601,True,public,camera,301,,2023-11-30T12:54:25Z,2026-09-09T04:20:20Z,candidate-public-outdoor,unknown,https://www.openstreetmap.org/node/11385554763,https://www.thetraffic.in/data/surveillance_cameras.v1.json,ODbL-1.0
node/11385554764,,12.9523492,77.6201383,12605,10602,True,public,camera,120,,2023-11-30T12:54:25Z,2026-09-09T04:20:20Z,candidate-public-outdoor,unknown,https://www.openstreetmap.org/node/11385554764,https://www.thetraffic.in/data/surveillance_cameras.v1.json,ODbL-1.0
node/13913764935,,12.9586233,77.6399275,12606,10139,True,private,camera,79,,2026-06-06T05:15:16Z,2026-09-09T04:20:20Z,excluded-private-or-indoor,unknown,https://www.openstreetmap.org/node/13913764935,https://www.thetraffic.in/data/surveillance_cameras.v1.json,ODbL-1.0
node/13913764938,,12.9586911,77.6402649,12614,10139,True,private,camera,174,,2026-06-06T05:15:16Z,2026-09-09T04:20:20Z,excluded-private-or-indoor,unknown,https://www.openstreetmap.org/node/13913764938,https://www.thetraffic.in/data/surveillance_cameras.v1.json,ODbL-1.0
node/5342615465,CCTV,12.9651401,77.5348464,12617,13010,True,,,,,2018-01-16T10:16:54Z,2026-09-09T04:20:20Z,excluded-non-camera,unknown,https://www.openstreetmap.org/node/5342615465,https://www.thetraffic.in/data/surveillance_cameras.v1.json,ODbL-1.0
node/13913764936,,12.9585949,77.6401926,12621,10148,True,private,camera,80,,2026-06-06T05:15:16Z,2026-09-09T04:20:20Z,excluded-private-or-indoor,unknown,https://www.openstreetmap.org/node/13913764936,https://www.thetraffic.in/data/surveillance_cameras.v1.json,ODbL-1.0
node/13913765339,,12.9587465,77.6406478,12625,10142,True,private,camera,261,,2026-06-06T05:23:56Z,2026-09-09T04:20:20Z,excluded-private-or-indoor,unknown,https://www.openstreetmap.org/node/13913765339,https://www.thetraffic.in/data/surveillance_cameras.v1.json,ODbL-1.0
node/9922802637,,12.9493875,77.5883172,12629,11456,True,public,camera,10,2022-07-31,2022-07-31T16:52:43Z,2026-09-09T04:20:20Z,candidate-public-outdoor,unknown,https://www.openstreetmap.org/node/9922802637,https://www.thetraffic.in/data/surveillance_cameras.v1.json,ODbL-1.0
node/9922802635,,12.9493778,77.5883173,12630,11457,True,public,camera,190,2022-07-31,2022-07-31T16:52:43Z,2026-09-09T04:20:20Z,candidate-public-outdoor,unknown,https://www.openstreetmap.org/node/9922802635,https://www.thetraffic.in/data/surveillance_cameras.v1.json,ODbL-1.0
node/9922802636,,12.9493827,77.5883217,12630,11456,True,public,camera,100,2022-07-31,2022-07-31T16:52:43Z,2026-09-09T04:20:20Z,candidate-public-outdoor,unknown,https://www.openstreetmap.org/node/9922802636,https://www.thetraffic.in/data/surveillance_cameras.v1.json,ODbL-1.0
node/9922802638,,12.9493826,77.5883145,12630,11456,True,public,camera,280,2022-07-31,2022-07-31T16:52:43Z,2026-09-09T04:20:20Z,candidate-public-outdoor,unknown,https://www.openstreetmap.org/node/9922802638,https://www.thetraffic.in/data/surveillance_cameras.v1.json,ODbL-1.0
node/13913764937,,12.958571,77.6403753,12631,10155,True,private,camera,76,,2026-06-06T05:15:16Z,2026-09-09T04:20:20Z,excluded-private-or-indoor,unknown,https://www.openstreetmap.org/node/13913764937,https://www.thetraffic.in/data/surveillance_cameras.v1.json,ODbL-1.0
node/13913765337,,12.958675,77.6406393,12632,10150,True,private,camera,353,,2026-06-06T05:23:56Z,2026-09-09T04:20:20Z,excluded-private-or-indoor,unknown,https://www.openstreetmap.org/node/13913765337,https://www.thetraffic.in/data/surveillance_cameras.v1.json,ODbL-1.0
node/13913765338,,12.9586588,77.6406378,12633,10151,True,private,camera,352,,2026-06-06T05:23:56Z,2026-09-09T04:20:20Z,excluded-private-or-indoor,unknown,https://www.openstreetmap.org/node/13913765338,https://www.thetraffic.in/data/surveillance_cameras.v1.json,ODbL-1.0
node/13913765341,,12.9586541,77.6409992,12649,10161,True,private,camera,252,,2026-06-06T05:23:56Z,2026-09-09T04:20:20Z,excluded-private-or-indoor,unknown,https://www.openstreetmap.org/node/13913765341,https://www.thetraffic.in/data/surveillance_cameras.v1.json,ODbL-1.0
node/11355730133,,12.9489982,77.5932283,12658,11350,True,public,camera,11,,2023-11-16T13:52:46Z,2026-09-09T04:20:20Z,candidate-public-outdoor,unknown,https://www.openstreetmap.org/node/11355730133,https://www.thetraffic.in/data/surveillance_cameras.v1.json,ODbL-1.0
node/11355730132,,12.9489849,77.5932182,12659,11352,True,public,camera,204,,2023-11-16T13:52:46Z,2026-09-09T04:20:20Z,candidate-public-outdoor,unknown,https://www.openstreetmap.org/node/11355730132,https://www.thetraffic.in/data/surveillance_cameras.v1.json,ODbL-1.0
node/11355730134,,12.9489803,77.5932282,12659,11352,True,public,camera,,,2023-11-16T13:52:46Z,2026-09-09T04:20:20Z,candidate-public-outdoor,unknown,https://www.openstreetmap.org/node/11355730134,https://www.thetraffic.in/data/surveillance_cameras.v1.json,ODbL-1.0
node/11178116147,,12.9516249,77.5690153,12660,12023,True,outdoor,camera,,,2023-09-09T04:22:01Z,2026-09-09T04:20:20Z,candidate-public-outdoor,unknown,https://www.openstreetmap.org/node/11178116147,https://www.thetraffic.in/data/surveillance_cameras.v1.json,ODbL-1.0
node/13913765340,,12.9584935,77.6408625,12660,10175,True,private,camera,293,,2026-06-06T05:23:56Z,2026-09-09T04:20:20Z,excluded-private-or-indoor,unknown,https://www.openstreetmap.org/node/13913765340,https://www.thetraffic.in/data/surveillance_cameras.v1.json,ODbL-1.0
node/9922831523,,12.9494164,77.5830004,12668,11638,True,public,camera,,2022-07-31,2022-07-31T16:52:43Z,2026-09-09T04:20:20Z,candidate-public-outdoor,unknown,https://www.openstreetmap.org/node/9922831523,https://www.thetraffic.in/data/surveillance_cameras.v1.json,ODbL-1.0
node/13073630891,,12.9494622,77.5800919,12696,11745,True,public,camera,358,,2025-08-16T15:35:30Z,2026-09-09T04:20:20Z,candidate-public-outdoor,unknown,https://www.openstreetmap.org/node/13073630891,https://www.thetraffic.in/data/surveillance_cameras.v1.json,ODbL-1.0
node/11178045020,,12.9515979,77.5675209,12699,12101,True,public,camera,132,,2023-09-09T02:51:57Z,2026-09-09T04:20:20Z,candidate-public-outdoor,unknown,https://www.openstreetmap.org/node/11178045020,https://www.thetraffic.in/data/surveillance_cameras.v1.json,ODbL-1.0
node/11178045021,,12.9515967,77.56752,12699,12101,True,public,camera,234,,2023-09-09T02:51:57Z,2026-09-09T04:20:20Z,candidate-public-outdoor,unknown,https://www.openstreetmap.org/node/11178045021,https://www.thetraffic.in/data/surveillance_cameras.v1.json,ODbL-1.0
node/10748279506,,12.9517352,77.6214956,12705,10672,True,public,camera,,2023-03-05,2023-03-20T11:50:51Z,2026-09-09T04:20:20Z,candidate-public-outdoor,unknown,https://www.openstreetmap.org/node/10748279506,https://www.thetraffic.in/data/surveillance_cameras.v1.json,ODbL-1.0
node/11178123918,,12.9515743,77.566493,12727,12156,True,public,camera,72,,2023-09-09T04:11:27Z,2026-09-09T04:20:20Z,candidate-public-outdoor,unknown,https://www.openstreetmap.org/node/11178123918,https://www.thetraffic.in/data/surveillance_cameras.v1.json,ODbL-1.0
node/11178123919,,12.951542,77.5664659,12731,12161,True,public,camera,186,,2023-09-09T04:11:27Z,2026-09-09T04:20:20Z,candidate-public-outdoor,unknown,https://www.openstreetmap.org/node/11178123919,https://www.thetraffic.in/data/surveillance_cameras.v1.json,ODbL-1.0
node/11178064778,,12.9502088,77.5722176,12745,12010,True,public,camera,359,,2023-09-09T02:31:24Z,2026-09-09T04:20:20Z,candidate-public-outdoor,unknown,https://www.openstreetmap.org/node/11178064778,https://www.thetraffic.in/data/surveillance_cameras.v1.json,ODbL-1.0
node/11178064779,,12.9501995,77.5722061,12746,12012,True,public,camera,359,,2023-09-09T02:31:24Z,2026-09-09T04:20:20Z,candidate-public-outdoor,unknown,https://www.openstreetmap.org/node/11178064779,https://www.thetraffic.in/data/surveillance_cameras.v1.json,ODbL-1.0
node/11178064780,,12.9501923,77.5722235,12746,12011,True,public,camera,179,,2023-09-09T02:31:24Z,2026-09-09T04:20:20Z,candidate-public-outdoor,unknown,https://www.openstreetmap.org/node/11178064780,https://www.thetraffic.in/data/surveillance_cameras.v1.json,ODbL-1.0
node/11178064781,,12.9501963,77.5722092,12746,12012,True,public,camera,267,,2023-09-09T02:31:24Z,2026-09-09T04:20:20Z,candidate-public-outdoor,unknown,https://www.openstreetmap.org/node/11178064781,https://www.thetraffic.in/data/surveillance_cameras.v1.json,ODbL-1.0
node/11178064782,,12.9501995,77.5722061,12746,12012,True,public,camera,267,,2023-09-09T02:31:24Z,2026-09-09T04:20:20Z,candidate-public-outdoor,unknown,https://www.openstreetmap.org/node/11178064782,https://www.thetraffic.in/data/surveillance_cameras.v1.json,ODbL-1.0
node/11178123916,,12.950728,77.5675082,12793,12187,True,public,camera,,,2023-09-09T04:11:27Z,2026-09-09T04:20:20Z,candidate-public-outdoor,unknown,https://www.openstreetmap.org/node/11178123916,https://www.thetraffic.in/data/surveillance_cameras.v1.json,ODbL-1.0
node/11355730130,,12.9477666,77.5938997,12794,11464,True,public,camera,235,,2023-11-16T13:52:46Z,2026-09-09T04:20:20Z,candidate-public-outdoor,unknown,https://www.openstreetmap.org/node/11355730130,https://www.thetraffic.in/data/surveillance_cameras.v1.json,ODbL-1.0
node/9922831539,,12.9483407,77.5808103,12811,11833,True,public,camera,,2022-07-31,2022-07-31T16:52:43Z,2026-09-09T04:20:20Z,candidate-public-outdoor,unknown,https://www.openstreetmap.org/node/9922831539,https://www.thetraffic.in/data/surveillance_cameras.v1.json,ODbL-1.0
node/9922831540,,12.9483446,77.5806051,12813,11841,True,public,camera,270,2022-07-31,2022-07-31T16:52:43Z,2026-09-09T04:20:20Z,candidate-public-outdoor,unknown,https://www.openstreetmap.org/node/9922831540,https://www.thetraffic.in/data/surveillance_cameras.v1.json,ODbL-1.0
node/11371245255,,12.9474362,77.594054,12831,11496,True,public,camera,122,,2023-11-23T14:34:58Z,2026-09-09T04:20:20Z,candidate-public-outdoor,unknown,https://www.openstreetmap.org/node/11371245255,https://www.thetraffic.in/data/surveillance_cameras.v1.json,ODbL-1.0
node/7133742230,,12.9490132,77.5742849,12836,12036,True,public,camera,,,2020-01-20T06:33:03Z,2026-09-09T04:20:20Z,candidate-public-outdoor,unknown,https://www.openstreetmap.org/node/7133742230,https://www.thetraffic.in/data/surveillance_cameras.v1.json,ODbL-1.0
node/6796212238,,12.9482221,77.5768973,12879,12004,True,public,camera,,,2019-09-17T07:30:47Z,2026-09-09T04:20:20Z,candidate-public-outdoor,unknown,https://www.openstreetmap.org/node/6796212238,https://www.thetraffic.in/data/surveillance_cameras.v1.json,ODbL-1.0
node/10606237005,,13.0208319,77.7049885,12889,9686,True,public,camera,,2023-02-04,2023-02-04T15:26:13Z,2026-09-09T04:20:20Z,candidate-public-outdoor,unknown,https://www.openstreetmap.org/node/10606237005,https://www.thetraffic.in/data/surveillance_cameras.v1.json,ODbL-1.0
node/11390037050,,12.959861,77.6488613,12896,10257,True,public,camera,93,,2025-12-21T08:38:31Z,2026-09-09T04:20:20Z,candidate-public-outdoor,unknown,https://www.openstreetmap.org/node/11390037050,https://www.thetraffic.in/data/surveillance_cameras.v1.json,ODbL-1.0
node/11390037049,,12.9598466,77.6488573,12897,10259,True,public,camera,93,,2025-12-21T08:38:31Z,2026-09-09T04:20:20Z,candidate-public-outdoor,unknown,https://www.openstreetmap.org/node/11390037049,https://www.thetraffic.in/data/surveillance_cameras.v1.json,ODbL-1.0
node/11390037048,,12.9598329,77.648856,12898,10260,True,public,camera,93,,2025-12-21T08:38:31Z,2026-09-09T04:20:20Z,candidate-public-outdoor,unknown,https://www.openstreetmap.org/node/11390037048,https://www.thetraffic.in/data/surveillance_cameras.v1.json,ODbL-1.0
node/11934895582,,12.9622858,77.5341211,12930,13291,True,outdoor,camera,,,2024-05-26T13:19:05Z,2026-09-09T04:20:20Z,candidate-public-outdoor,unknown,https://www.openstreetmap.org/node/11934895582,https://www.thetraffic.in/data/surveillance_cameras.v1.json,ODbL-1.0
node/10221035517,,12.9492212,77.6202345,12946,10950,True,traffic,camera,,2022-11-27,2022-11-27T09:03:25Z,2026-09-09T04:20:20Z,candidate-public-outdoor,unknown,https://www.openstreetmap.org/node/10221035517,https://www.thetraffic.in/data/surveillance_cameras.v1.json,ODbL-1.0
node/7232982909,,12.9491681,77.6203871,12955,10956,True,public,camera,10,,2020-02-28T10:52:22Z,2026-09-09T04:20:20Z,candidate-public-outdoor,unknown,https://www.openstreetmap.org/node/7232982909,https://www.thetraffic.in/data/surveillance_cameras.v1.json,ODbL-1.0
node/7232977408,,12.9491607,77.6203725,12956,10957,True,public,camera,180,,2020-02-28T10:52:22Z,2026-09-09T04:20:20Z,candidate-public-outdoor,unknown,https://www.openstreetmap.org/node/7232977408,https://www.thetraffic.in/data/surveillance_cameras.v1.json,ODbL-1.0
node/11178157714,,12.9490665,77.5676077,12971,12346,True,outdoor,camera,,,2023-09-09T04:41:55Z,2026-09-09T04:20:20Z,candidate-public-outdoor,unknown,https://www.openstreetmap.org/node/11178157714,https://www.thetraffic.in/data/surveillance_cameras.v1.json,ODbL-1.0
node/9838525717,,12.9461288,77.5879585,12993,11813,True,public,camera,,2022-06-22,2022-06-22T11:24:28Z,2026-09-09T04:20:20Z,candidate-public-outdoor,unknown,https://www.openstreetmap.org/node/9838525717,https://www.thetraffic.in/data/surveillance_cameras.v1.json,ODbL-1.0
node/9906246578,,12.945515,77.5861466,13073,11937,True,public,camera,315,2022-07-23,2022-07-23T17:24:35Z,2026-09-09T04:20:20Z,candidate-public-outdoor,unknown,https://www.openstreetmap.org/node/9906246578,https://www.thetraffic.in/data/surveillance_cameras.v1.json,ODbL-1.0
node/12161153134,,12.9459221,77.5801533,13087,12110,True,public,camera,7,,2024-09-07T02:19:58Z,2026-09-09T04:20:20Z,candidate-public-outdoor,unknown,https://www.openstreetmap.org/node/12161153134,https://www.thetraffic.in/data/surveillance_cameras.v1.json,ODbL-1.0
node/12246090209,,12.9963044,77.6937638,13089,9830,True,,camera,14,,2024-10-12T11:43:12Z,2026-09-09T04:20:20Z,review-access-unknown,unknown,https://www.openstreetmap.org/node/12246090209,https://www.thetraffic.in/data/surveillance_cameras.v1.json,ODbL-1.0
node/12246090211,,12.9962819,77.6937654,13090,9831,True,,camera,279,,2024-10-12T11:43:12Z,2026-09-09T04:20:20Z,review-access-unknown,unknown,https://www.openstreetmap.org/node/12246090211,https://www.thetraffic.in/data/surveillance_cameras.v1.json,ODbL-1.0
node/12246090212,,12.9962843,77.6937617,13090,9831,True,,camera,,,2024-10-12T11:43:12Z,2026-09-09T04:20:20Z,review-access-unknown,unknown,https://www.openstreetmap.org/node/12246090212,https://www.thetraffic.in/data/surveillance_cameras.v1.json,ODbL-1.0
node/12246090210,,12.9962811,77.6937733,13091,9832,True,,camera,121,,2024-10-12T11:43:12Z,2026-09-09T04:20:20Z,review-access-unknown,unknown,https://www.openstreetmap.org/node/12246090210,https://www.thetraffic.in/data/surveillance_cameras.v1.json,ODbL-1.0
node/11417003448,,12.9443812,77.5971667,13175,11750,True,public,camera,351,,2023-12-14T11:04:07Z,2026-09-09T04:20:20Z,candidate-public-outdoor,unknown,https://www.openstreetmap.org/node/11417003448,https://www.thetraffic.in/data/surveillance_cameras.v1.json,ODbL-1.0
node/11417003449,,12.9443562,77.5971854,13178,11752,True,public,camera,34,,2023-12-14T11:04:07Z,2026-09-09T04:20:20Z,candidate-public-outdoor,unknown,https://www.openstreetmap.org/node/11417003449,https://www.thetraffic.in/data/surveillance_cameras.v1.json,ODbL-1.0
node/11417003450,,12.9443426,77.5971669,13179,11754,True,public,camera,173,,2023-12-14T11:04:07Z,2026-09-09T04:20:20Z,candidate-public-outdoor,unknown,https://www.openstreetmap.org/node/11417003450,https://www.thetraffic.in/data/surveillance_cameras.v1.json,ODbL-1.0
node/11295824152,,12.9444582,77.6026802,13195,11631,True,,camera,351,,2023-10-28T16:29:22Z,2026-09-09T04:20:20Z,review-access-unknown,unknown,https://www.openstreetmap.org/node/11295824152,https://www.thetraffic.in/data/surveillance_cameras.v1.json,ODbL-1.0
node/11295824153,,12.9444301,77.6026836,13198,11634,True,,camera,171,,2023-10-28T16:29:22Z,2026-09-09T04:20:20Z,review-access-unknown,unknown,https://www.openstreetmap.org/node/11295824153,https://www.thetraffic.in/data/surveillance_cameras.v1.json,ODbL-1.0
node/11937518562,,12.9601179,77.5329489,13203,13552,True,public,camera,,,2024-05-27T16:26:59Z,2026-09-09T04:20:20Z,candidate-public-outdoor,unknown,https://www.openstreetmap.org/node/11937518562,https://www.thetraffic.in/data/surveillance_cameras.v1.json,ODbL-1.0
node/7083423317,,12.9458286,77.5719594,13229,12463,True,outdoor,camera,270,,2020-01-20T06:25:09Z,2026-09-09T04:20:20Z,candidate-public-outdoor,unknown,https://www.openstreetmap.org/node/7083423317,https://www.thetraffic.in/data/surveillance_cameras.v1.json,ODbL-1.0
node/7083431745,,12.9458216,77.5719949,13229,12462,True,outdoor,camera,180,,2020-01-20T06:25:09Z,2026-09-09T04:20:20Z,candidate-public-outdoor,unknown,https://www.openstreetmap.org/node/7083431745,https://www.thetraffic.in/data/surveillance_cameras.v1.json,ODbL-1.0
node/7083447667,,12.9458241,77.5719794,13229,12463,True,outdoor,camera,90,,2020-01-20T06:25:09Z,2026-09-09T04:20:20Z,candidate-public-outdoor,unknown,https://www.openstreetmap.org/node/7083447667,https://www.thetraffic.in/data/surveillance_cameras.v1.json,ODbL-1.0
node/11990540877,,12.9599651,77.5325112,13241,13597,True,public,camera,84,,2024-06-18T17:05:53Z,2026-09-09T04:20:20Z,candidate-public-outdoor,unknown,https://www.openstreetmap.org/node/11990540877,https://www.thetraffic.in/data/surveillance_cameras.v1.json,ODbL-1.0
node/11990540878,,12.9599651,77.5325112,13241,13597,True,public,camera,268,,2024-06-18T17:05:53Z,2026-09-09T04:20:20Z,candidate-public-outdoor,unknown,https://www.openstreetmap.org/node/11990540878,https://www.thetraffic.in/data/surveillance_cameras.v1.json,ODbL-1.0
node/13763676849,,12.9442729,77.6075687,13263,11578,True,,camera,,,2026-04-26T13:57:25Z,2026-09-09T04:20:20Z,review-access-unknown,unknown,https://www.openstreetmap.org/node/13763676849,https://www.thetraffic.in/data/surveillance_cameras.v1.json,ODbL-1.0
node/13763676851,,12.9442779,77.6075882,13263,11577,True,,camera,,,2026-04-26T13:57:25Z,2026-09-09T04:20:20Z,review-access-unknown,unknown,https://www.openstreetmap.org/node/13763676851,https://www.thetraffic.in/data/surveillance_cameras.v1.json,ODbL-1.0
node/13763676850,,12.9442686,77.6075522,13264,11579,True,,camera,,,2026-04-26T13:57:25Z,2026-09-09T04:20:20Z,review-access-unknown,unknown,https://www.openstreetmap.org/node/13763676850,https://www.thetraffic.in/data/surveillance_cameras.v1.json,ODbL-1.0
node/11385562467,,12.9459298,77.6187715,13271,11317,True,public,camera,,,2023-11-30T12:41:49Z,2026-09-09T04:20:20Z,candidate-public-outdoor,unknown,https://www.openstreetmap.org/node/11385562467,https://www.thetraffic.in/data/surveillance_cameras.v1.json,ODbL-1.0
node/6925827334,,12.9440432,77.6076329,13289,11603,True,public,camera,160,2021-12-05,2023-05-16T09:24:17Z,2026-09-09T04:20:20Z,candidate-public-outdoor,unknown,https://www.openstreetmap.org/node/6925827334,https://www.thetraffic.in/data/surveillance_cameras.v1.json,ODbL-1.0
node/6925827335,,12.9440458,77.6076449,13289,11602,True,public,camera,160,2021-12-05,2021-12-05T15:29:50Z,2026-09-09T04:20:20Z,candidate-public-outdoor,unknown,https://www.openstreetmap.org/node/6925827335,https://www.thetraffic.in/data/surveillance_cameras.v1.json,ODbL-1.0
node/6925827336,,12.9440504,77.6076543,13289,11602,True,public,camera,160,2021-12-05,2021-12-05T15:29:49Z,2026-09-09T04:20:20Z,candidate-public-outdoor,unknown,https://www.openstreetmap.org/node/6925827336,https://www.thetraffic.in/data/surveillance_cameras.v1.json,ODbL-1.0
node/9906259151,,12.9432055,77.5972778,13306,11876,True,public,camera,,2022-07-23,2022-07-23T17:16:37Z,2026-09-09T04:20:20Z,candidate-public-outdoor,unknown,https://www.openstreetmap.org/node/9906259151,https://www.thetraffic.in/data/surveillance_cameras.v1.json,ODbL-1.0
node/9906246580,,12.9435819,77.5827563,13316,12258,True,public,camera,270,2022-07-23,2022-07-23T17:24:35Z,2026-09-09T04:20:20Z,candidate-public-outdoor,unknown,https://www.openstreetmap.org/node/9906246580,https://www.thetraffic.in/data/surveillance_cameras.v1.json,ODbL-1.0
node/9838519218,,12.9435523,77.5827638,13319,12261,True,public,camera,180,2022-06-22,2022-06-22T11:24:27Z,2026-09-09T04:20:20Z,candidate-public-outdoor,unknown,https://www.openstreetmap.org/node/9838519218,https://www.thetraffic.in/data/surveillance_cameras.v1.json,ODbL-1.0
node/9838525617,,12.9435523,77.5827638,13319,12261,True,public,camera,0,2022-06-22,2022-06-22T11:24:26Z,2026-09-09T04:20:20Z,candidate-public-outdoor,unknown,https://www.openstreetmap.org/node/9838525617,https://www.thetraffic.in/data/surveillance_cameras.v1.json,ODbL-1.0
node/10293686955,,12.9437492,77.5805515,13322,12321,True,public,camera,270,,2022-12-29T17:16:57Z,2026-09-09T04:20:20Z,candidate-public-outdoor,unknown,https://www.openstreetmap.org/node/10293686955,https://www.thetraffic.in/data/surveillance_cameras.v1.json,ODbL-1.0
node/9838508917,,12.9436336,77.5814628,13324,12299,True,public,camera,,2022-06-22,2022-06-22T11:17:03Z,2026-09-09T04:20:20Z,candidate-public-outdoor,unknown,https://www.openstreetmap.org/node/9838508917,https://www.thetraffic.in/data/surveillance_cameras.v1.json,ODbL-1.0
node/9838505317,,12.9436977,77.5801373,13333,12342,True,public,camera,,2022-06-22,2022-06-22T11:16:05Z,2026-09-09T04:20:20Z,candidate-public-outdoor,unknown,https://www.openstreetmap.org/node/9838505317,https://www.thetraffic.in/data/surveillance_cameras.v1.json,ODbL-1.0
node/9967770817,,12.943651,77.6076654,13333,11646,True,public,camera,,2022-08-21,2023-05-16T09:29:00Z,2026-09-09T04:20:20Z,candidate-public-outdoor,unknown,https://www.openstreetmap.org/node/9967770817,https://www.thetraffic.in/data/surveillance_cameras.v1.json,ODbL-1.0
node/9906259152,,12.9429558,77.597316,13334,11902,True,public,camera,,2022-07-23,2022-07-23T17:16:37Z,2026-09-09T04:20:20Z,candidate-public-outdoor,unknown,https://www.openstreetmap.org/node/9906259152,https://www.thetraffic.in/data/surveillance_cameras.v1.json,ODbL-1.0
node/9838505117,,12.9436844,77.5799668,13336,12350,True,public,camera,90,2022-06-22,2022-06-22T11:16:02Z,2026-09-09T04:20:20Z,candidate-public-outdoor,unknown,https://www.openstreetmap.org/node/9838505117,https://www.thetraffic.in/data/surveillance_cameras.v1.json,ODbL-1.0
node/11295072737,,12.9429049,77.5970362,13339,11914,True,indoor,camera,,,2023-10-28T09:47:48Z,2026-09-09T04:20:20Z,excluded-private-or-indoor,unknown,https://www.openstreetmap.org/node/11295072737,https://www.thetraffic.in/data/surveillance_cameras.v1.json,ODbL-1.0
node/5367427456,Surveillance camera,12.9578343,77.5342179,13356,13642,True,,,,,2018-01-28T05:20:12Z,2026-09-09T04:20:20Z,excluded-non-camera,unknown,https://www.openstreetmap.org/node/5367427456,https://www.thetraffic.in/data/surveillance_cameras.v1.json,ODbL-1.0
node/8240257733,,12.9720761,77.5127292,13399,14339,True,public,camera,,,2020-12-18T12:11:01Z,2026-09-09T04:20:20Z,candidate-public-outdoor,unknown,https://www.openstreetmap.org/node/8240257733,https://www.thetraffic.in/data/surveillance_cameras.v1.json,ODbL-1.0
node/7156536831,,12.9566205,77.5343183,13468,13734,True,public,camera,,,2020-01-24T13:33:40Z,2026-09-09T04:20:20Z,candidate-public-outdoor,unknown,https://www.openstreetmap.org/node/7156536831,https://www.thetraffic.in/data/surveillance_cameras.v1.json,ODbL-1.0
node/11934050534,,12.9549021,77.5362086,13540,13739,True,outdoor,camera,,,2024-05-26T01:09:10Z,2026-09-09T04:20:20Z,candidate-public-outdoor,unknown,https://www.openstreetmap.org/node/11934050534,https://www.thetraffic.in/data/surveillance_cameras.v1.json,ODbL-1.0
node/13299160514,,12.959333,77.6604797,13571,10763,True,outdoor,camera,261,,2025-11-25T09:51:24Z,2026-09-09T04:20:20Z,candidate-public-outdoor,unknown,https://www.openstreetmap.org/node/13299160514,https://www.thetraffic.in/data/surveillance_cameras.v1.json,ODbL-1.0
node/13330002135,,12.9593315,77.6604763,13571,10763,True,public,camera,261,,2025-11-25T09:51:46Z,2026-09-09T04:20:20Z,candidate-public-outdoor,unknown,https://www.openstreetmap.org/node/13330002135,https://www.thetraffic.in/data/surveillance_cameras.v1.json,ODbL-1.0
node/13329986310,,12.959218,77.6604888,13582,10775,True,public,camera,173,,2025-11-25T09:51:24Z,2026-09-09T04:20:20Z,candidate-public-outdoor,unknown,https://www.openstreetmap.org/node/13329986310,https://www.thetraffic.in/data/surveillance_cameras.v1.json,ODbL-1.0
node/13329986311,,12.9592173,77.6604937,13583,10775,True,public,camera,352,,2025-11-25T09:51:24Z,2026-09-09T04:20:20Z,candidate-public-outdoor,unknown,https://www.openstreetmap.org/node/13329986311,https://www.thetraffic.in/data/surveillance_cameras.v1.json,ODbL-1.0
node/13329986312,,12.9591239,77.6605085,13592,10785,True,public,camera,82,,2025-11-25T09:51:24Z,2026-09-09T04:20:20Z,candidate-public-outdoor,unknown,https://www.openstreetmap.org/node/13329986312,https://www.thetraffic.in/data/surveillance_cameras.v1.json,ODbL-1.0
node/13329986313,,12.9591231,77.6605048,13592,10785,True,public,camera,262,,2025-11-25T09:51:24Z,2026-09-09T04:20:20Z,candidate-public-outdoor,unknown,https://www.openstreetmap.org/node/13329986313,https://www.thetraffic.in/data/surveillance_cameras.v1.json,ODbL-1.0
node/13408774267,,12.9587987,77.6602269,13607,10806,True,private,guard,,,2025-12-26T14:36:08Z,2026-09-09T04:20:20Z,excluded-private-or-indoor,unknown,https://www.openstreetmap.org/node/13408774267,https://www.thetraffic.in/data/surveillance_cameras.v1.json,ODbL-1.0
node/6924226786,,12.9412664,77.6087672,13610,11896,True,outdoor,camera,,2022-08-06,2022-08-07T08:37:08Z,2026-09-09T04:20:20Z,candidate-public-outdoor,unknown,https://www.openstreetmap.org/node/6924226786,https://www.thetraffic.in/data/surveillance_cameras.v1.json,ODbL-1.0
node/10760556158,,12.9451678,77.6289166,13616,11442,True,public,camera,0,2023-03-18,2023-03-25T06:16:32Z,2026-09-09T04:20:20Z,candidate-public-outdoor,unknown,https://www.openstreetmap.org/node/10760556158,https://www.thetraffic.in/data/surveillance_cameras.v1.json,ODbL-1.0
node/10760556160,,12.9451644,77.6289164,13617,11443,True,public,camera,270,2023-03-18,2023-03-25T06:16:32Z,2026-09-09T04:20:20Z,candidate-public-outdoor,unknown,https://www.openstreetmap.org/node/10760556160,https://www.thetraffic.in/data/surveillance_cameras.v1.json,ODbL-1.0
node/10760556156,,12.9451582,77.6289206,13618,11443,True,public,camera,,2023-03-18,2023-03-25T06:16:32Z,2026-09-09T04:20:20Z,candidate-public-outdoor,unknown,https://www.openstreetmap.org/node/10760556156,https://www.thetraffic.in/data/surveillance_cameras.v1.json,ODbL-1.0
node/10760556157,,12.9451557,77.6289154,13618,11443,True,public,camera,0,2023-03-18,2023-03-25T06:16:32Z,2026-09-09T04:20:20Z,candidate-public-outdoor,unknown,https://www.openstreetmap.org/node/10760556157,https://www.thetraffic.in/data/surveillance_cameras.v1.json,ODbL-1.0
node/10760556159,,12.9451521,77.6289158,13618,11444,True,public,camera,270,2023-03-18,2023-03-25T06:16:32Z,2026-09-09T04:20:20Z,candidate-public-outdoor,unknown,https://www.openstreetmap.org/node/10760556159,https://www.thetraffic.in/data/surveillance_cameras.v1.json,ODbL-1.0
node/13354956537,,12.9589019,77.6608541,13633,10823,True,public,camera,189,,2025-12-05T07:27:33Z,2026-09-09T04:20:20Z,candidate-public-outdoor,unknown,https://www.openstreetmap.org/node/13354956537,https://www.thetraffic.in/data/surveillance_cameras.v1.json,ODbL-1.0
node/13354956538,,12.958735,77.6608511,13649,10840,True,private,camera,38,,2025-12-05T07:27:33Z,2026-09-09T04:20:20Z,excluded-private-or-indoor,unknown,https://www.openstreetmap.org/node/13354956538,https://www.thetraffic.in/data/surveillance_cameras.v1.json,ODbL-1.0
node/12995318318,,12.9404294,77.584099,13653,12544,True,public,camera,350,,2025-07-12T05:14:32Z,2026-09-09T04:20:20Z,candidate-public-outdoor,unknown,https://www.openstreetmap.org/node/12995318318,https://www.thetraffic.in/data/surveillance_cameras.v1.json,ODbL-1.0
node/12995318317,,12.9404082,77.5840971,13655,12546,True,public,camera,194,,2025-07-12T05:14:32Z,2026-09-09T04:20:20Z,candidate-public-outdoor,unknown,https://www.openstreetmap.org/node/12995318317,https://www.thetraffic.in/data/surveillance_cameras.v1.json,ODbL-1.0
node/11295061044,,12.9399513,77.5975992,13668,12223,True,public,camera,,,2023-10-28T09:59:13Z,2026-09-09T04:20:20Z,candidate-public-outdoor,unknown,https://www.openstreetmap.org/node/11295061044,https://www.thetraffic.in/data/surveillance_cameras.v1.json,ODbL-1.0
node/9838499317,,12.9405466,77.5799428,13683,12678,True,public,camera,150,2022-06-22,2022-06-22T11:12:56Z,2026-09-09T04:20:20Z,candidate-public-outdoor,unknown,https://www.openstreetmap.org/node/9838499317,https://www.thetraffic.in/data/surveillance_cameras.v1.json,ODbL-1.0
node/9838499217,,12.9406014,77.5793126,13685,12696,True,public,camera,,2022-06-22,2022-06-22T11:12:55Z,2026-09-09T04:20:20Z,candidate-public-outdoor,unknown,https://www.openstreetmap.org/node/9838499217,https://www.thetraffic.in/data/surveillance_cameras.v1.json,ODbL-1.0
node/11295224732,,12.9397548,77.5958267,13686,12284,True,public,camera,,,2023-10-28T10:19:07Z,2026-09-09T04:20:20Z,candidate-public-outdoor,unknown,https://www.openstreetmap.org/node/11295224732,https://www.thetraffic.in/data/surveillance_cameras.v1.json,ODbL-1.0
node/11295093068,,12.9396865,77.5966831,13695,12272,True,public,camera,,,2023-10-28T10:09:07Z,2026-09-09T04:20:20Z,candidate-public-outdoor,unknown,https://www.openstreetmap.org/node/11295093068,https://www.thetraffic.in/data/surveillance_cameras.v1.json,ODbL-1.0
node/10221035420,,12.9426113,77.6225341,13718,11688,True,traffic,camera,,2022-11-27,2022-11-27T09:03:24Z,2026-09-09T04:20:20Z,candidate-public-outdoor,unknown,https://www.openstreetmap.org/node/10221035420,https://www.thetraffic.in/data/surveillance_cameras.v1.json,ODbL-1.0
node/9838495017,,12.9405384,77.5770732,13722,12789,True,public,camera,0,2022-06-22,2022-06-22T11:09:48Z,2026-09-09T04:20:20Z,candidate-public-outdoor,unknown,https://www.openstreetmap.org/node/9838495017,https://www.thetraffic.in/data/surveillance_cameras.v1.json,ODbL-1.0
node/9838495117,,12.9405384,77.5770732,13722,12789,True,public,camera,270,2022-06-22,2022-06-22T11:09:49Z,2026-09-09T04:20:20Z,candidate-public-outdoor,unknown,https://www.openstreetmap.org/node/9838495117,https://www.thetraffic.in/data/surveillance_cameras.v1.json,ODbL-1.0
node/6490994522,,12.9424075,77.6227122,13744,11712,True,,,,,2019-05-22T12:34:46Z,2026-09-09T04:20:20Z,excluded-non-camera,unknown,https://www.openstreetmap.org/node/6490994522,https://www.thetraffic.in/data/surveillance_cameras.v1.json,ODbL-1.0
node/6490994521,,12.9423798,77.6227483,13748,11715,True,,,,,2019-05-22T12:34:45Z,2026-09-09T04:20:20Z,excluded-non-camera,unknown,https://www.openstreetmap.org/node/6490994521,https://www.thetraffic.in/data/surveillance_cameras.v1.json,ODbL-1.0
node/12995318326,,12.9394954,77.5843515,13754,12634,True,public,camera,,,2025-07-12T05:14:32Z,2026-09-09T04:20:20Z,candidate-public-outdoor,unknown,https://www.openstreetmap.org/node/12995318326,https://www.thetraffic.in/data/surveillance_cameras.v1.json,ODbL-1.0
node/11901586954,,12.9563754,77.5293475,13759,14123,True,public,camera,199,,2024-05-13T16:45:49Z,2026-09-09T04:20:20Z,candidate-public-outdoor,unknown,https://www.openstreetmap.org/node/11901586954,https://www.thetraffic.in/data/surveillance_cameras.v1.json,ODbL-1.0
node/10221035417,,12.9422878,77.622876,13761,11725,True,traffic,camera,,2022-11-27,2022-11-27T09:03:21Z,2026-09-09T04:20:20Z,candidate-public-outdoor,unknown,https://www.openstreetmap.org/node/10221035417,https://www.thetraffic.in/data/surveillance_cameras.v1.json,ODbL-1.0
node/12995318327,,12.9393688,77.5845616,13767,12641,True,public,camera,,,2025-07-12T05:14:32Z,2026-09-09T04:20:20Z,candidate-public-outdoor,unknown,https://www.openstreetmap.org/node/12995318327,https://www.thetraffic.in/data/surveillance_cameras.v1.json,ODbL-1.0
node/9959236318,,12.942132,77.6230456,13782,11743,True,public,camera,,2022-08-17,2022-08-17T12:40:54Z,2026-09-09T04:20:20Z,candidate-public-outdoor,unknown,https://www.openstreetmap.org/node/9959236318,https://www.thetraffic.in/data/surveillance_cameras.v1.json,ODbL-1.0
node/9959236319,,12.942132,77.6230456,13782,11743,True,public,camera,,2022-08-17,2022-08-17T12:40:56Z,2026-09-09T04:20:20Z,candidate-public-outdoor,unknown,https://www.openstreetmap.org/node/9959236319,https://www.thetraffic.in/data/surveillance_cameras.v1.json,ODbL-1.0
node/9959237017,,12.942132,77.6230456,13782,11743,True,public,camera,,2022-08-17,2022-08-17T12:40:53Z,2026-09-09T04:20:20Z,candidate-public-outdoor,unknown,https://www.openstreetmap.org/node/9959237017,https://www.thetraffic.in/data/surveillance_cameras.v1.json,ODbL-1.0
node/7133721135,,12.9838721,77.6924122,13804,10584,True,public,camera,,2024-04-07,2024-04-29T19:22:34Z,2026-09-09T04:20:20Z,candidate-public-outdoor,unknown,https://www.openstreetmap.org/node/7133721135,https://www.thetraffic.in/data/surveillance_cameras.v1.json,ODbL-1.0
node/7156536843,,12.9513481,77.5371601,13846,13972,True,public,camera,,,2020-01-24T13:33:40Z,2026-09-09T04:20:20Z,candidate-public-outdoor,unknown,https://www.openstreetmap.org/node/7156536843,https://www.thetraffic.in/data/surveillance_cameras.v1.json,ODbL-1.0
node/13377166639,,12.9563227,77.6603067,13846,11062,True,outdoor,camera,358,,2025-12-15T03:07:54Z,2026-09-09T04:20:20Z,candidate-public-outdoor,unknown,https://www.openstreetmap.org/node/13377166639,https://www.thetraffic.in/data/surveillance_cameras.v1.json,ODbL-1.0
node/10823514226,,12.9399588,77.5729763,13852,13016,True,public,camera,,,2023-04-19T04:08:17Z,2026-09-09T04:20:20Z,candidate-public-outdoor,unknown,https://www.openstreetmap.org/node/10823514226,https://www.thetraffic.in/data/surveillance_cameras.v1.json,ODbL-1.0
node/10823514225,,12.9399366,77.572991,13855,13017,True,public,camera,135,,2023-04-19T04:08:17Z,2026-09-09T04:20:20Z,candidate-public-outdoor,unknown,https://www.openstreetmap.org/node/10823514225,https://www.thetraffic.in/data/surveillance_cameras.v1.json,ODbL-1.0
node/10823514264,,12.9382289,77.5787253,13954,12966,True,public,camera,135,,2023-04-19T04:08:17Z,2026-09-09T04:20:20Z,candidate-public-outdoor,unknown,https://www.openstreetmap.org/node/10823514264,https://www.thetraffic.in/data/surveillance_cameras.v1.json,ODbL-1.0
node/10823514265,,12.9382315,77.5787175,13954,12966,True,public,camera,45,,2023-04-19T04:08:17Z,2026-09-09T04:20:20Z,candidate-public-outdoor,unknown,https://www.openstreetmap.org/node/10823514265,https://www.thetraffic.in/data/surveillance_cameras.v1.json,ODbL-1.0
node/10823514262,,12.9382243,77.5787142,13955,12966,True,public,camera,305,,2023-04-19T04:08:17Z,2026-09-09T04:20:20Z,candidate-public-outdoor,unknown,https://www.openstreetmap.org/node/10823514262,https://www.thetraffic.in/data/surveillance_cameras.v1.json,ODbL-1.0
node/10823514263,,12.938224,77.5787229,13955,12966,True,public,camera,215,,2023-04-19T04:08:17Z,2026-09-09T04:20:20Z,candidate-public-outdoor,unknown,https://www.openstreetmap.org/node/10823514263,https://www.thetraffic.in/data/surveillance_cameras.v1.json,ODbL-1.0
node/10823514258,,12.938025,77.5784312,13981,12998,True,public,camera,320,,2023-04-19T04:08:17Z,2026-09-09T04:20:20Z,candidate-public-outdoor,unknown,https://www.openstreetmap.org/node/10823514258,https://www.thetraffic.in/data/surveillance_cameras.v1.json,ODbL-1.0
node/10823514260,,12.9380175,77.5784366,13981,12998,True,public,camera,45,,2023-04-19T04:08:17Z,2026-09-09T04:20:20Z,candidate-public-outdoor,unknown,https://www.openstreetmap.org/node/10823514260,https://www.thetraffic.in/data/surveillance_cameras.v1.json,ODbL-1.0
node/10823514261,,12.9380067,77.5784238,13983,13000,True,public,camera,,,2023-04-19T04:08:17Z,2026-09-09T04:20:20Z,candidate-public-outdoor,unknown,https://www.openstreetmap.org/node/10823514261,https://www.thetraffic.in/data/surveillance_cameras.v1.json,ODbL-1.0
node/10823514259,,12.9379985,77.5784181,13984,13001,True,public,camera,225,,2023-04-19T04:08:17Z,2026-09-09T04:20:20Z,candidate-public-outdoor,unknown,https://www.openstreetmap.org/node/10823514259,https://www.thetraffic.in/data/surveillance_cameras.v1.json,ODbL-1.0
node/9878775717,,12.9394523,77.6226073,14062,12040,True,,camera,,2022-07-10,2022-07-10T11:56:09Z,2026-09-09T04:20:20Z,review-access-unknown,unknown,https://www.openstreetmap.org/node/9878775717,https://www.thetraffic.in/data/surveillance_cameras.v1.json,ODbL-1.0
node/11385580182,,12.9399425,77.6254238,14080,11996,True,public,camera,319,,2023-11-30T12:41:49Z,2026-09-09T04:20:20Z,candidate-public-outdoor,unknown,https://www.openstreetmap.org/node/11385580182,https://www.thetraffic.in/data/surveillance_cameras.v1.json,ODbL-1.0
node/11385580183,,12.9399292,77.6254374,14081,11998,True,public,camera,157,,2023-11-30T12:41:49Z,2026-09-09T04:20:20Z,candidate-public-outdoor,unknown,https://www.openstreetmap.org/node/11385580183,https://www.thetraffic.in/data/surveillance_cameras.v1.json,ODbL-1.0
node/11385580179,,12.9399224,77.6254267,14082,11999,True,public,camera,,,2023-11-30T12:41:49Z,2026-09-09T04:20:20Z,candidate-public-outdoor,unknown,https://www.openstreetmap.org/node/11385580179,https://www.thetraffic.in/data/surveillance_cameras.v1.json,ODbL-1.0
node/11385580181,,12.9396611,77.6253721,14109,12027,True,outdoor,camera,206,,2023-11-30T12:41:49Z,2026-09-09T04:20:20Z,candidate-public-outdoor,unknown,https://www.openstreetmap.org/node/11385580181,https://www.thetraffic.in/data/surveillance_cameras.v1.json,ODbL-1.0
node/6875271192,,12.936675,77.5799895,14110,13082,True,public,camera,,,2019-10-13T12:11:02Z,2026-09-09T04:20:20Z,candidate-public-outdoor,unknown,https://www.openstreetmap.org/node/6875271192,https://www.thetraffic.in/data/surveillance_cameras.v1.json,ODbL-1.0
node/11942424578,,12.9536819,77.5276296,14112,14468,True,public,camera,12,,2024-05-29T15:01:12Z,2026-09-09T04:20:20Z,candidate-public-outdoor,unknown,https://www.openstreetmap.org/node/11942424578,https://www.thetraffic.in/data/surveillance_cameras.v1.json,ODbL-1.0
node/11942424579,,12.9536788,77.5276336,14112,14468,True,public,camera,100,,2024-05-29T15:01:12Z,2026-09-09T04:20:20Z,candidate-public-outdoor,unknown,https://www.openstreetmap.org/node/11942424579,https://www.thetraffic.in/data/surveillance_cameras.v1.json,ODbL-1.0
node/7260971943,,12.9396233,77.6254049,14114,12032,True,public,camera,,,2020-03-06T05:15:28Z,2026-09-09T04:20:20Z,candidate-public-outdoor,unknown,https://www.openstreetmap.org/node/7260971943,https://www.thetraffic.in/data/surveillance_cameras.v1.json,ODbL-1.0
node/10823514252,,12.9376695,77.5718001,14125,13300,True,public,camera,270,,2023-04-19T04:08:17Z,2026-09-09T04:20:20Z,candidate-public-outdoor,unknown,https://www.openstreetmap.org/node/10823514252,https://www.thetraffic.in/data/surveillance_cameras.v1.json,ODbL-1.0
node/10823514251,,12.9376623,77.5718036,14126,13300,True,public,camera,180,,2023-04-19T04:08:17Z,2026-09-09T04:20:20Z,candidate-public-outdoor,unknown,https://www.openstreetmap.org/node/10823514251,https://www.thetraffic.in/data/surveillance_cameras.v1.json,ODbL-1.0
node/12067309665,,12.9426129,77.637895,14185,11846,True,,camera,35,,2024-07-22T03:52:20Z,2026-09-09T04:20:20Z,review-access-unknown,unknown,https://www.openstreetmap.org/node/12067309665,https://www.thetraffic.in/data/surveillance_cameras.v1.json,ODbL-1.0
node/12067309666,,12.9425996,77.6379194,14187,11848,True,,camera,35,,2024-07-22T03:52:20Z,2026-09-09T04:20:20Z,review-access-unknown,unknown,https://www.openstreetmap.org/node/12067309666,https://www.thetraffic.in/data/surveillance_cameras.v1.json,ODbL-1.0
node/12067309667,,12.9425604,77.6379848,14194,11853,True,,camera,215,,2024-07-22T03:52:20Z,2026-09-09T04:20:20Z,review-access-unknown,unknown,https://www.openstreetmap.org/node/12067309667,https://www.thetraffic.in/data/surveillance_cameras.v1.json,ODbL-1.0
node/12067309668,,12.9425442,77.6380156,14196,11855,True,,camera,215,,2024-07-22T03:52:20Z,2026-09-09T04:20:20Z,review-access-unknown,unknown,https://www.openstreetmap.org/node/12067309668,https://www.thetraffic.in/data/surveillance_cameras.v1.json,ODbL-1.0
node/7223702163,,12.9386321,77.6258643,14232,12144,True,outdoor,camera,70,,2020-02-19T00:42:57Z,2026-09-09T04:20:20Z,candidate-public-outdoor,unknown,https://www.openstreetmap.org/node/7223702163,https://www.thetraffic.in/data/surveillance_cameras.v1.json,ODbL-1.0
node/11278765796,,12.9593866,77.5166351,14238,14889,True,public,camera,10,,2023-10-21T05:11:30Z,2026-09-09T04:20:20Z,candidate-public-outdoor,unknown,https://www.openstreetmap.org/node/11278765796,https://www.thetraffic.in/data/surveillance_cameras.v1.json,ODbL-1.0
node/11278765795,,12.9593834,77.5166164,14239,14891,True,public,camera,280,,2023-10-21T05:11:30Z,2026-09-09T04:20:20Z,candidate-public-outdoor,unknown,https://www.openstreetmap.org/node/11278765795,https://www.thetraffic.in/data/surveillance_cameras.v1.json,ODbL-1.0
node/11527705892,,12.9393402,77.628877,14239,12088,True,public,camera,,,2024-01-18T11:06:54Z,2026-09-09T04:20:20Z,candidate-public-outdoor,unknown,https://www.openstreetmap.org/node/11527705892,https://www.thetraffic.in/data/surveillance_cameras.v1.json,ODbL-1.0
node/7260884276,,12.9371736,77.6195384,14241,12290,True,outdoor,camera,30,,2020-03-06T05:18:46Z,2026-09-09T04:20:20Z,candidate-public-outdoor,unknown,https://www.openstreetmap.org/node/7260884276,https://www.thetraffic.in/data/surveillance_cameras.v1.json,ODbL-1.0
node/6796828874,,12.9359107,77.6152531,14298,12440,True,public,camera,260,,2019-09-17T06:41:16Z,2026-09-09T04:20:20Z,candidate-public-outdoor,unknown,https://www.openstreetmap.org/node/6796828874,https://www.thetraffic.in/data/surveillance_cameras.v1.json,ODbL-1.0
node/6796839907,,12.9358989,77.6152665,14299,12442,True,public,camera,27250,,2019-09-17T06:41:16Z,2026-09-09T04:20:20Z,candidate-public-outdoor,unknown,https://www.openstreetmap.org/node/6796839907,https://www.thetraffic.in/data/surveillance_cameras.v1.json,ODbL-1.0
node/6796858289,,12.9359033,77.6152813,14299,12441,True,public,camera,310,,2019-09-17T06:41:16Z,2026-09-09T04:20:20Z,candidate-public-outdoor,unknown,https://www.openstreetmap.org/node/6796858289,https://www.thetraffic.in/data/surveillance_cameras.v1.json,ODbL-1.0
node/6796862367,,12.9358779,77.6152991,14302,12444,True,public,camera,70,,2019-09-17T06:41:16Z,2026-09-09T04:20:20Z,candidate-public-outdoor,unknown,https://www.openstreetmap.org/node/6796862367,https://www.thetraffic.in/data/surveillance_cameras.v1.json,ODbL-1.0
node/6796810865,,12.9358673,77.615283,14303,12445,True,public,camera,130,,2019-09-17T06:41:16Z,2026-09-09T04:20:20Z,candidate-public-outdoor,unknown,https://www.openstreetmap.org/node/6796810865,https://www.thetraffic.in/data/surveillance_cameras.v1.json,ODbL-1.0
node/11736351929,,12.935425,77.6133577,14319,12504,True,public,camera,218,,2024-03-16T08:15:11Z,2026-09-09T04:20:20Z,candidate-public-outdoor,unknown,https://www.openstreetmap.org/node/11736351929,https://www.thetraffic.in/data/surveillance_cameras.v1.json,ODbL-1.0
node/11736351931,,12.9353918,77.6133048,14322,12508,True,public,camera,107,,2024-03-16T08:15:11Z,2026-09-09T04:20:20Z,candidate-public-outdoor,unknown,https://www.openstreetmap.org/node/11736351931,https://www.thetraffic.in/data/surveillance_cameras.v1.json,ODbL-1.0
node/6517488754,,12.9345018,77.6123225,14405,12614,True,outdoor,camera,,2021-12-05,2023-05-16T09:29:32Z,2026-09-09T04:20:20Z,candidate-public-outdoor,unknown,https://www.openstreetmap.org/node/6517488754,https://www.thetraffic.in/data/surveillance_cameras.v1.json,ODbL-1.0
node/6517502205,,12.9345024,77.6123307,14405,12614,True,outdoor,camera,,2021-12-05,2021-12-05T15:29:45Z,2026-09-09T04:20:20Z,candidate-public-outdoor,unknown,https://www.openstreetmap.org/node/6517502205,https://www.thetraffic.in/data/surveillance_cameras.v1.json,ODbL-1.0
node/6517516241,,12.9345083,77.612345,14405,12613,True,public,camera,,2021-12-05,2023-05-16T09:29:46Z,2026-09-09T04:20:20Z,candidate-public-outdoor,unknown,https://www.openstreetmap.org/node/6517516241,https://www.thetraffic.in/data/surveillance_cameras.v1.json,ODbL-1.0
node/6433648828,,12.9344914,77.6123667,14407,12615,True,public,camera,,2021-12-05,2023-05-16T09:29:46Z,2026-09-09T04:20:20Z,candidate-public-outdoor,unknown,https://www.openstreetmap.org/node/6433648828,https://www.thetraffic.in/data/surveillance_cameras.v1.json,ODbL-1.0
node/6991279565,,12.9344558,77.6125038,14413,12618,True,public,camera,0,,2019-12-13T01:07:14Z,2026-09-09T04:20:20Z,candidate-public-outdoor,unknown,https://www.openstreetmap.org/node/6991279565,https://www.thetraffic.in/data/surveillance_cameras.v1.json,ODbL-1.0
node/6991261563,,12.9344516,77.6125093,14414,12618,True,public,camera,160,,2019-12-13T01:07:14Z,2026-09-09T04:20:20Z,candidate-public-outdoor,unknown,https://www.openstreetmap.org/node/6991261563,https://www.thetraffic.in/data/surveillance_cameras.v1.json,ODbL-1.0
node/6991285720,,12.9344497,77.6124996,14414,12618,True,public,camera,270,,2023-05-16T09:30:22Z,2026-09-09T04:20:20Z,candidate-public-outdoor,unknown,https://www.openstreetmap.org/node/6991285720,https://www.thetraffic.in/data/surveillance_cameras.v1.json,ODbL-1.0
node/6517514425,,12.9344115,77.6124006,14416,12623,True,outdoor,camera,,2021-12-05,2023-05-16T09:30:01Z,2026-09-09T04:20:20Z,candidate-public-outdoor,unknown,https://www.openstreetmap.org/node/6517514425,https://www.thetraffic.in/data/surveillance_cameras.v1.json,ODbL-1.0
node/11295573327,,12.9344533,77.6127058,14416,12616,True,,camera,244,,2023-10-28T14:21:19Z,2026-09-09T04:20:20Z,review-access-unknown,unknown,https://www.openstreetmap.org/node/11295573327,https://www.thetraffic.in/data/surveillance_cameras.v1.json,ODbL-1.0
node/6860136361,,12.9371643,77.6269287,14419,12314,True,public,camera,,,2024-01-10T12:12:03Z,2026-09-09T04:20:20Z,candidate-public-outdoor,unknown,https://www.openstreetmap.org/node/6860136361,https://www.thetraffic.in/data/surveillance_cameras.v1.json,ODbL-1.0
node/11505691630,,12.9371154,77.6269289,14424,12319,True,public,camera,234,,2024-01-10T12:12:03Z,2026-09-09T04:20:20Z,candidate-public-outdoor,unknown,https://www.openstreetmap.org/node/11505691630,https://www.thetraffic.in/data/surveillance_cameras.v1.json,ODbL-1.0
node/11295573328,,12.9343754,77.6126884,14425,12625,True,,camera,,,2023-10-28T14:21:19Z,2026-09-09T04:20:20Z,review-access-unknown,unknown,https://www.openstreetmap.org/node/11295573328,https://www.thetraffic.in/data/surveillance_cameras.v1.json,ODbL-1.0
node/6789818465,,12.9386002,77.632515,14427,12207,True,public,camera,90,,2023-07-17T08:55:51Z,2026-09-09T04:20:20Z,candidate-public-outdoor,unknown,https://www.openstreetmap.org/node/6789818465,https://www.thetraffic.in/data/surveillance_cameras.v1.json,ODbL-1.0
node/6789818466,,12.9385959,77.6325149,14428,12208,True,public,camera,90,,2023-07-17T08:55:51Z,2026-09-09T04:20:20Z,candidate-public-outdoor,unknown,https://www.openstreetmap.org/node/6789818466,https://www.thetraffic.in/data/surveillance_cameras.v1.json,ODbL-1.0
node/6789818467,,12.9385908,77.6325149,14428,12208,True,public,camera,90,,2023-07-17T08:55:51Z,2026-09-09T04:20:20Z,candidate-public-outdoor,unknown,https://www.openstreetmap.org/node/6789818467,https://www.thetraffic.in/data/surveillance_cameras.v1.json,ODbL-1.0
node/6860201813,,12.9385842,77.6325145,14429,12209,True,public,camera,90,,2023-07-17T08:55:51Z,2026-09-09T04:20:20Z,candidate-public-outdoor,unknown,https://www.openstreetmap.org/node/6860201813,https://www.thetraffic.in/data/surveillance_cameras.v1.json,ODbL-1.0
node/6789818464,,12.9386316,77.6327083,14430,12206,True,outdoor,camera,,2024-03-02,2024-03-02T09:39:17Z,2026-09-09T04:20:20Z,candidate-public-outdoor,unknown,https://www.openstreetmap.org/node/6789818464,https://www.thetraffic.in/data/surveillance_cameras.v1.json,ODbL-1.0
node/11295623530,,12.9343259,77.6127294,14431,12630,True,,camera,65,,2023-10-28T14:29:34Z,2026-09-09T04:20:20Z,review-access-unknown,unknown,https://www.openstreetmap.org/node/11295623530,https://www.thetraffic.in/data/surveillance_cameras.v1.json,ODbL-1.0
node/9838482317,,12.9330538,77.5755323,14569,13626,True,public,camera,,2022-06-22,2022-06-22T11:04:47Z,2026-09-09T04:20:20Z,candidate-public-outdoor,unknown,https://www.openstreetmap.org/node/9838482317,https://www.thetraffic.in/data/surveillance_cameras.v1.json,ODbL-1.0
node/9959224617,,12.9348902,77.6249929,14615,12555,True,public,camera,,2022-08-17,2022-08-17T12:32:27Z,2026-09-09T04:20:20Z,candidate-public-outdoor,unknown,https://www.openstreetmap.org/node/9959224617,https://www.thetraffic.in/data/surveillance_cameras.v1.json,ODbL-1.0
node/9687910980,,12.9343248,77.6234838,14639,12612,True,,,,,2022-04-23T13:56:10Z,2026-09-09T04:20:20Z,excluded-non-camera,unknown,https://www.openstreetmap.org/node/9687910980,https://www.thetraffic.in/data/surveillance_cameras.v1.json,ODbL-1.0
node/10692699505,,12.9335106,77.6226015,14707,12700,True,public,camera,,2023-02-25,2023-02-25T10:38:44Z,2026-09-09T04:20:20Z,candidate-public-outdoor,unknown,https://www.openstreetmap.org/node/10692699505,https://www.thetraffic.in/data/surveillance_cameras.v1.json,ODbL-1.0
node/10692699506,,12.9335106,77.6226015,14707,12700,True,public,camera,,2023-02-25,2023-02-25T10:38:48Z,2026-09-09T04:20:20Z,candidate-public-outdoor,unknown,https://www.openstreetmap.org/node/10692699506,https://www.thetraffic.in/data/surveillance_cameras.v1.json,ODbL-1.0
node/9959222119,,12.9342439,77.6260045,14710,12633,True,public,camera,,2022-08-17,2022-08-17T12:30:26Z,2026-09-09T04:20:20Z,candidate-public-outdoor,unknown,https://www.openstreetmap.org/node/9959222119,https://www.thetraffic.in/data/surveillance_cameras.v1.json,ODbL-1.0
node/10683503361,,12.9353701,77.631441,14739,12552,True,public,camera,300,,2023-02-21T14:47:53Z,2026-09-09T04:20:20Z,candidate-public-outdoor,unknown,https://www.openstreetmap.org/node/10683503361,https://www.thetraffic.in/data/surveillance_cameras.v1.json,ODbL-1.0
node/10683503360,,12.9353689,77.6314556,14740,12552,True,public,camera,,,2023-02-21T14:46:09Z,2026-09-09T04:20:20Z,candidate-public-outdoor,unknown,https://www.openstreetmap.org/node/10683503360,https://www.thetraffic.in/data/surveillance_cameras.v1.json,ODbL-1.0
node/7276524025,,12.9316654,77.6139919,14743,12918,True,public,camera,,,2023-05-16T09:30:48Z,2026-09-09T04:20:20Z,candidate-public-outdoor,unknown,https://www.openstreetmap.org/node/7276524025,https://www.thetraffic.in/data/surveillance_cameras.v1.json,ODbL-1.0
node/10220943019,,12.9348325,77.6301956,14760,12599,True,public,camera,,2022-11-27,2022-11-27T07:30:21Z,2026-09-09T04:20:20Z,candidate-public-outdoor,unknown,https://www.openstreetmap.org/node/10220943019,https://www.thetraffic.in/data/surveillance_cameras.v1.json,ODbL-1.0
node/10220955117,,12.9348334,77.6301977,14760,12599,True,traffic,camera,,2022-11-27,2022-11-27T07:30:17Z,2026-09-09T04:20:20Z,candidate-public-outdoor,unknown,https://www.openstreetmap.org/node/10220955117,https://www.thetraffic.in/data/surveillance_cameras.v1.json,ODbL-1.0
node/6860181897,,12.9344519,77.629518,14782,12635,True,public,camera,,,2019-10-08T11:54:10Z,2026-09-09T04:20:20Z,candidate-public-outdoor,unknown,https://www.openstreetmap.org/node/6860181897,https://www.thetraffic.in/data/surveillance_cameras.v1.json,ODbL-1.0
node/6860142149,,12.9344375,77.6295422,14784,12637,True,public,camera,30,,2019-10-08T11:54:10Z,2026-09-09T04:20:20Z,candidate-public-outdoor,unknown,https://www.openstreetmap.org/node/6860142149,https://www.thetraffic.in/data/surveillance_cameras.v1.json,ODbL-1.0
node/6860187093,,12.9344367,77.6295386,14784,12637,True,public,camera,300,,2019-10-08T11:54:10Z,2026-09-09T04:20:20Z,candidate-public-outdoor,unknown,https://www.openstreetmap.org/node/6860187093,https://www.thetraffic.in/data/surveillance_cameras.v1.json,ODbL-1.0
node/6860187385,,12.9344331,77.6295435,14784,12637,True,public,camera,120,,2019-10-08T11:54:10Z,2026-09-09T04:20:20Z,candidate-public-outdoor,unknown,https://www.openstreetmap.org/node/6860187385,https://www.thetraffic.in/data/surveillance_cameras.v1.json,ODbL-1.0
node/9838482217,,12.9309644,77.576208,14790,13818,True,public,camera,,2022-06-22,2022-06-22T11:04:46Z,2026-09-09T04:20:20Z,candidate-public-outdoor,unknown,https://www.openstreetmap.org/node/9838482217,https://www.thetraffic.in/data/surveillance_cameras.v1.json,ODbL-1.0
node/6656374293,,12.9459844,77.6600217,14827,12115,True,public,camera,,,2019-07-29T03:08:57Z,2026-09-09T04:20:20Z,candidate-public-outdoor,unknown,https://www.openstreetmap.org/node/6656374293,https://www.thetraffic.in/data/surveillance_cameras.v1.json,ODbL-1.0
node/6932109130,,12.945711,77.5282592,14848,15076,True,public,camera,240,,2019-10-30T15:40:13Z,2026-09-09T04:20:20Z,candidate-public-outdoor,unknown,https://www.openstreetmap.org/node/6932109130,https://www.thetraffic.in/data/surveillance_cameras.v1.json,ODbL-1.0
node/6952164897,,12.9453202,77.5278776,14906,15135,True,public,camera,,,2019-11-06T16:34:15Z,2026-09-09T04:20:20Z,candidate-public-outdoor,unknown,https://www.openstreetmap.org/node/6952164897,https://www.thetraffic.in/data/surveillance_cameras.v1.json,ODbL-1.0
node/6559821676,,12.9315485,77.622494,14918,12918,True,public,camera,90,2025-09-07,2025-09-07T17:35:55Z,2026-09-09T04:20:20Z,candidate-public-outdoor,unknown,https://www.openstreetmap.org/node/6559821676,https://www.thetraffic.in/data/surveillance_cameras.v1.json,ODbL-1.0
node/6559821678,,12.931549,77.6224876,14918,12918,True,public,camera,14,2025-09-07,2025-09-07T17:35:54Z,2026-09-09T04:20:20Z,candidate-public-outdoor,unknown,https://www.openstreetmap.org/node/6559821678,https://www.thetraffic.in/data/surveillance_cameras.v1.json,ODbL-1.0
node/6559821677,,12.9315427,77.6224914,14919,12919,True,outdoor,camera,180,2025-09-07,2025-09-07T17:35:55Z,2026-09-09T04:20:20Z,candidate-public-outdoor,unknown,https://www.openstreetmap.org/node/6559821677,https://www.thetraffic.in/data/surveillance_cameras.v1.json,ODbL-1.0
node/6633127787,,12.9315296,77.6224875,14920,12920,True,public,camera,,2025-09-12,2025-09-12T13:44:02Z,2026-09-09T04:20:20Z,candidate-public-outdoor,unknown,https://www.openstreetmap.org/node/6633127787,https://www.thetraffic.in/data/surveillance_cameras.v1.json,ODbL-1.0
node/11047836505,,12.9285828,77.5843378,14965,13795,True,public,camera,90,2023-07-15,2023-07-28T13:48:10Z,2026-09-09T04:20:20Z,candidate-public-outdoor,unknown,https://www.openstreetmap.org/node/11047836505,https://www.thetraffic.in/data/surveillance_cameras.v1.json,ODbL-1.0
node/8240257753,,12.9518852,77.5157694,14973,15520,True,public,camera,180,,2022-04-23T17:05:05Z,2026-09-09T04:20:20Z,candidate-public-outdoor,unknown,https://www.openstreetmap.org/node/8240257753,https://www.thetraffic.in/data/surveillance_cameras.v1.json,ODbL-1.0
node/6746593284,,12.9448277,77.5274838,14974,15205,True,public,camera,30,,2019-10-30T15:40:13Z,2026-09-09T04:20:20Z,candidate-public-outdoor,unknown,https://www.openstreetmap.org/node/6746593284,https://www.thetraffic.in/data/surveillance_cameras.v1.json,ODbL-1.0
node/6932109131,,12.9448226,77.5274887,14975,15205,True,public,camera,150,,2019-10-30T15:40:13Z,2026-09-09T04:20:20Z,candidate-public-outdoor,unknown,https://www.openstreetmap.org/node/6932109131,https://www.thetraffic.in/data/surveillance_cameras.v1.json,ODbL-1.0
node/11047835006,,12.9284466,77.5844664,14979,13806,True,public,camera,90,2023-07-15,2023-07-28T13:47:31Z,2026-09-09T04:20:20Z,candidate-public-outdoor,unknown,https://www.openstreetmap.org/node/11047835006,https://www.thetraffic.in/data/surveillance_cameras.v1.json,ODbL-1.0
node/6650963177,,12.9286357,77.5816785,14982,13873,True,public,camera,,,2019-07-28T09:27:28Z,2026-09-09T04:20:20Z,candidate-public-outdoor,unknown,https://www.openstreetmap.org/node/6650963177,https://www.thetraffic.in/data/surveillance_cameras.v1.json,ODbL-1.0
node/6441934435,,12.9311267,77.6233088,14983,12967,True,outdoor,camera,30,,2019-06-20T08:21:24Z,2026-09-09T04:20:20Z,candidate-public-outdoor,unknown,https://www.openstreetmap.org/node/6441934435,https://www.thetraffic.in/data/surveillance_cameras.v1.json,ODbL-1.0
node/11684016158,,12.9296459,77.6152312,14985,13137,True,,camera,,,2024-03-02T09:07:58Z,2026-09-09T04:20:20Z,review-access-unknown,unknown,https://www.openstreetmap.org/node/11684016158,https://www.thetraffic.in/data/surveillance_cameras.v1.json,ODbL-1.0
node/6685733101,,12.9294123,77.6149639,15006,13164,True,public,camera,,2021-12-04,2021-12-04T11:10:00Z,2026-09-09T04:20:20Z,candidate-public-outdoor,unknown,https://www.openstreetmap.org/node/6685733101,https://www.thetraffic.in/data/surveillance_cameras.v1.json,ODbL-1.0
node/6441986482,,12.9308146,77.6230211,15010,13001,True,public,camera,,,2020-03-09T11:11:15Z,2026-09-09T04:20:20Z,candidate-public-outdoor,unknown,https://www.openstreetmap.org/node/6441986482,https://www.thetraffic.in/data/surveillance_cameras.v1.json,ODbL-1.0
node/11047814207,,12.9278604,77.5881954,15021,13762,True,outdoor,camera,90,2023-07-15,2023-07-28T13:51:28Z,2026-09-09T04:20:20Z,candidate-public-outdoor,unknown,https://www.openstreetmap.org/node/11047814207,https://www.thetraffic.in/data/surveillance_cameras.v1.json,ODbL-1.0
node/11047814208,,12.9278604,77.5881954,15021,13762,True,outdoor,camera,270,2023-07-15,2023-07-28T13:52:03Z,2026-09-09T04:20:20Z,candidate-public-outdoor,unknown,https://www.openstreetmap.org/node/11047814208,https://www.thetraffic.in/data/surveillance_cameras.v1.json,ODbL-1.0
node/6654642119,,12.9282645,77.5812282,15027,13927,True,public,camera,,,2019-07-28T09:27:28Z,2026-09-09T04:20:20Z,candidate-public-outdoor,unknown,https://www.openstreetmap.org/node/6654642119,https://www.thetraffic.in/data/surveillance_cameras.v1.json,ODbL-1.0
node/9959222117,,12.9308913,77.6241742,15028,12996,True,public,camera,,2022-08-17,2022-08-17T12:30:21Z,2026-09-09T04:20:20Z,candidate-public-outdoor,unknown,https://www.openstreetmap.org/node/9959222117,https://www.thetraffic.in/data/surveillance_cameras.v1.json,ODbL-1.0
node/11047820805,,12.9277311,77.588144,15036,13777,True,public,camera,270,2023-07-15,2023-07-28T13:53:29Z,2026-09-09T04:20:20Z,candidate-public-outdoor,unknown,https://www.openstreetmap.org/node/11047820805,https://www.thetraffic.in/data/surveillance_cameras.v1.json,ODbL-1.0
node/11047820905,,12.9277311,77.588144,15036,13777,True,public,camera,180,2023-07-15,2023-07-28T13:53:50Z,2026-09-09T04:20:20Z,candidate-public-outdoor,unknown,https://www.openstreetmap.org/node/11047820905,https://www.thetraffic.in/data/surveillance_cameras.v1.json,ODbL-1.0
node/6657098942,,12.9306053,77.6248432,15075,13031,True,public,camera,200,,2019-07-29T18:03:31Z,2026-09-09T04:20:20Z,candidate-public-outdoor,unknown,https://www.openstreetmap.org/node/6657098942,https://www.thetraffic.in/data/surveillance_cameras.v1.json,ODbL-1.0
node/6658473096,,12.9306056,77.6248441,15075,13031,True,public,camera,300,,2019-07-29T18:03:31Z,2026-09-09T04:20:20Z,candidate-public-outdoor,unknown,https://www.openstreetmap.org/node/6658473096,https://www.thetraffic.in/data/surveillance_cameras.v1.json,ODbL-1.0
node/7193001041,,12.9300206,77.6227201,15090,13088,True,public,camera,,,2020-02-07T11:50:32Z,2026-09-09T04:20:20Z,candidate-public-outdoor,unknown,https://www.openstreetmap.org/node/7193001041,https://www.thetraffic.in/data/surveillance_cameras.v1.json,ODbL-1.0
node/6952164898,,12.9439118,77.5264388,15118,15356,True,public,camera,240,,2019-11-06T16:34:15Z,2026-09-09T04:20:20Z,candidate-public-outdoor,unknown,https://www.openstreetmap.org/node/6952164898,https://www.thetraffic.in/data/surveillance_cameras.v1.json,ODbL-1.0
node/6952164899,,12.9439094,77.5264518,15118,15355,True,public,camera,150,,2019-11-06T16:34:15Z,2026-09-09T04:20:20Z,candidate-public-outdoor,unknown,https://www.openstreetmap.org/node/6952164899,https://www.thetraffic.in/data/surveillance_cameras.v1.json,ODbL-1.0
node/11799695191,,12.9276722,77.577996,15129,14099,True,public,camera,160,,2024-04-07T13:07:36Z,2026-09-09T04:20:20Z,candidate-public-outdoor,unknown,https://www.openstreetmap.org/node/11799695191,https://www.thetraffic.in/data/surveillance_cameras.v1.json,ODbL-1.0
node/9959222217,,12.9304322,77.6267949,15142,13060,True,public,camera,,2022-08-17,2022-08-17T12:30:24Z,2026-09-09T04:20:20Z,candidate-public-outdoor,unknown,https://www.openstreetmap.org/node/9959222217,https://www.thetraffic.in/data/surveillance_cameras.v1.json,ODbL-1.0
node/6813417752,,12.9432951,77.5265565,15172,15399,True,outdoor,camera,,,2019-09-21T04:23:11Z,2026-09-09T04:20:20Z,candidate-public-outdoor,unknown,https://www.openstreetmap.org/node/6813417752,https://www.thetraffic.in/data/surveillance_cameras.v1.json,ODbL-1.0
node/9959222317,,12.9306306,77.6290299,15179,13054,True,public,camera,,2022-08-17,2022-08-17T12:30:25Z,2026-09-09T04:20:20Z,candidate-public-outdoor,unknown,https://www.openstreetmap.org/node/9959222317,https://www.thetraffic.in/data/surveillance_cameras.v1.json,ODbL-1.0
node/9838468219,,12.927267,77.5770133,15187,14176,True,public,camera,,2022-06-22,2022-06-22T11:01:21Z,2026-09-09T04:20:20Z,candidate-public-outdoor,unknown,https://www.openstreetmap.org/node/9838468219,https://www.thetraffic.in/data/surveillance_cameras.v1.json,ODbL-1.0
node/6952164900,,12.9433407,77.5260369,15195,15432,True,public,camera,,,2019-11-06T16:34:15Z,2026-09-09T04:20:20Z,candidate-public-outdoor,unknown,https://www.openstreetmap.org/node/6952164900,https://www.thetraffic.in/data/surveillance_cameras.v1.json,ODbL-1.0
node/7276524024,,12.9276984,77.6160774,15213,13350,True,public,camera,,2026-02-24,2026-02-24T07:18:51Z,2026-09-09T04:20:20Z,candidate-public-outdoor,unknown,https://www.openstreetmap.org/node/7276524024,https://www.thetraffic.in/data/surveillance_cameras.v1.json,ODbL-1.0
node/11047844905,,12.9262904,77.584912,15215,14023,True,public,camera,90,2023-07-15,2023-07-28T13:49:14Z,2026-09-09T04:20:20Z,candidate-public-outdoor,unknown,https://www.openstreetmap.org/node/11047844905,https://www.thetraffic.in/data/surveillance_cameras.v1.json,ODbL-1.0
node/11047845005,,12.9262904,77.584912,15215,14023,True,public,camera,270,2023-07-15,2023-07-28T13:49:47Z,2026-09-09T04:20:20Z,candidate-public-outdoor,unknown,https://www.openstreetmap.org/node/11047845005,https://www.thetraffic.in/data/surveillance_cameras.v1.json,ODbL-1.0
node/11047845105,,12.9262904,77.584912,15215,14023,True,public,camera,,2023-07-15,2023-07-28T13:48:42Z,2026-09-09T04:20:20Z,candidate-public-outdoor,unknown,https://www.openstreetmap.org/node/11047845105,https://www.thetraffic.in/data/surveillance_cameras.v1.json,ODbL-1.0
node/12491736749,,12.9263797,77.5835981,15215,14053,True,public,camera,,,2025-01-11T04:38:52Z,2026-09-09T04:20:20Z,candidate-public-outdoor,unknown,https://www.openstreetmap.org/node/12491736749,https://www.thetraffic.in/data/surveillance_cameras.v1.json,ODbL-1.0
node/12491736745,,12.9264543,77.5817257,15223,14103,True,public,camera,3,,2025-01-11T04:38:52Z,2026-09-09T04:20:20Z,candidate-public-outdoor,unknown,https://www.openstreetmap.org/node/12491736745,https://www.thetraffic.in/data/surveillance_cameras.v1.json,ODbL-1.0
node/12491736747,,12.9264402,77.5817357,15224,14104,True,public,camera,98,,2025-01-11T04:38:52Z,2026-09-09T04:20:20Z,candidate-public-outdoor,unknown,https://www.openstreetmap.org/node/12491736747,https://www.thetraffic.in/data/surveillance_cameras.v1.json,ODbL-1.0
node/12491736746,,12.9264344,77.5817298,15225,14105,True,public,camera,176,,2025-01-11T04:38:52Z,2026-09-09T04:20:20Z,candidate-public-outdoor,unknown,https://www.openstreetmap.org/node/12491736746,https://www.thetraffic.in/data/surveillance_cameras.v1.json,ODbL-1.0
node/10882966707,,12.9300574,77.6292699,15247,13120,True,public,camera,,2023-05-10,2023-05-10T09:05:56Z,2026-09-09T04:20:20Z,candidate-public-outdoor,unknown,https://www.openstreetmap.org/node/10882966707,https://www.thetraffic.in/data/surveillance_cameras.v1.json,ODbL-1.0
node/10882968306,,12.9300574,77.6292699,15247,13120,True,public,camera,,2023-05-10,2023-05-10T09:05:55Z,2026-09-09T04:20:20Z,candidate-public-outdoor,unknown,https://www.openstreetmap.org/node/10882968306,https://www.thetraffic.in/data/surveillance_cameras.v1.json,ODbL-1.0
node/13152414828,,12.9264133,77.5762248,15291,14294,True,public,camera,203,,2025-09-18T08:29:36Z,2026-09-09T04:20:20Z,candidate-public-outdoor,unknown,https://www.openstreetmap.org/node/13152414828,https://www.thetraffic.in/data/surveillance_cameras.v1.json,ODbL-1.0
node/13564374909,,12.9277978,77.6208859,15293,13333,True,public,camera,40,,2026-02-14T14:52:19Z,2026-09-09T04:20:20Z,candidate-public-outdoor,unknown,https://www.openstreetmap.org/node/13564374909,https://www.thetraffic.in/data/surveillance_cameras.v1.json,ODbL-1.0
node/13564374910,,12.927797,77.6208814,15293,13333,True,public,camera,262,,2026-02-14T14:52:19Z,2026-09-09T04:20:20Z,candidate-public-outdoor,unknown,https://www.openstreetmap.org/node/13564374910,https://www.thetraffic.in/data/surveillance_cameras.v1.json,ODbL-1.0
node/7193001991,,12.9288759,77.6262715,15297,13230,True,public,camera,,,2020-03-09T11:11:15Z,2026-09-09T04:20:20Z,candidate-public-outdoor,unknown,https://www.openstreetmap.org/node/7193001991,https://www.thetraffic.in/data/surveillance_cameras.v1.json,ODbL-1.0
node/6935371210,,12.9424003,77.5257486,15302,15532,True,public,camera,,,2019-10-31T16:34:22Z,2026-09-09T04:20:20Z,candidate-public-outdoor,unknown,https://www.openstreetmap.org/node/6935371210,https://www.thetraffic.in/data/surveillance_cameras.v1.json,ODbL-1.0
node/10882968605,,12.9276392,77.620856,15309,13350,True,public,camera,,2023-05-10,2023-05-12T13:20:00Z,2026-09-09T04:20:20Z,candidate-public-outdoor,unknown,https://www.openstreetmap.org/node/10882968605,https://www.thetraffic.in/data/surveillance_cameras.v1.json,ODbL-1.0
node/10882886808,,12.9276303,77.620854,15310,13351,True,public,camera,119,2023-05-10,2023-05-16T09:31:43Z,2026-09-09T04:20:20Z,candidate-public-outdoor,unknown,https://www.openstreetmap.org/node/10882886808,https://www.thetraffic.in/data/surveillance_cameras.v1.json,ODbL-1.0
node/10882966706,,12.9276362,77.6208526,15310,13351,True,public,camera,125,2023-05-10,2023-05-16T09:32:22Z,2026-09-09T04:20:20Z,candidate-public-outdoor,unknown,https://www.openstreetmap.org/node/10882966706,https://www.thetraffic.in/data/surveillance_cameras.v1.json,ODbL-1.0
node/9958713117,,12.930633,77.6338179,15317,13103,True,public,camera,,2022-08-17,2022-08-17T08:10:29Z,2026-09-09T04:20:20Z,candidate-public-outdoor,unknown,https://www.openstreetmap.org/node/9958713117,https://www.thetraffic.in/data/surveillance_cameras.v1.json,ODbL-1.0
node/7276524023,,12.9275886,77.621085,15320,13356,True,public,camera,,2022-06-17,2022-06-17T11:32:44Z,2026-09-09T04:20:20Z,candidate-public-outdoor,unknown,https://www.openstreetmap.org/node/7276524023,https://www.thetraffic.in/data/surveillance_cameras.v1.json,ODbL-1.0
node/9825196017,,12.9275765,77.6210612,15320,13357,True,public,camera,90,2022-06-17,2022-06-17T11:32:43Z,2026-09-09T04:20:20Z,candidate-public-outdoor,unknown,https://www.openstreetmap.org/node/9825196017,https://www.thetraffic.in/data/surveillance_cameras.v1.json,ODbL-1.0
node/9825195917,,12.9275749,77.6210695,15321,13358,True,public,camera,270,2022-06-17,2022-06-17T11:32:42Z,2026-09-09T04:20:20Z,candidate-public-outdoor,unknown,https://www.openstreetmap.org/node/9825195917,https://www.thetraffic.in/data/surveillance_cameras.v1.json,ODbL-1.0
node/10882968305,,12.927531,77.6211106,15326,13362,True,public,camera,,2023-05-10,2026-04-12T19:20:30Z,2026-09-09T04:20:20Z,candidate-public-outdoor,unknown,https://www.openstreetmap.org/node/10882968305,https://www.thetraffic.in/data/surveillance_cameras.v1.json,ODbL-1.0
node/10882957207,,12.9274248,77.6210671,15337,13374,True,public,camera,270,2023-05-10,2023-05-12T13:20:00Z,2026-09-09T04:20:20Z,candidate-public-outdoor,unknown,https://www.openstreetmap.org/node/10882957207,https://www.thetraffic.in/data/surveillance_cameras.v1.json,ODbL-1.0
node/10882957208,,12.9274269,77.6210678,15337,13374,True,public,camera,280,2023-05-10,2023-05-12T13:20:00Z,2026-09-09T04:20:20Z,candidate-public-outdoor,unknown,https://www.openstreetmap.org/node/10882957208,https://www.thetraffic.in/data/surveillance_cameras.v1.json,ODbL-1.0
node/10882957209,,12.9274215,77.6210656,15337,13375,True,public,camera,280,2023-05-10,2023-05-16T09:31:19Z,2026-09-09T04:20:20Z,candidate-public-outdoor,unknown,https://www.openstreetmap.org/node/10882957209,https://www.thetraffic.in/data/surveillance_cameras.v1.json,ODbL-1.0
node/10220955317,,12.9300004,77.6330246,15360,13164,True,traffic,camera,,2022-11-27,2022-11-27T12:31:13Z,2026-09-09T04:20:20Z,candidate-public-outdoor,unknown,https://www.openstreetmap.org/node/10220955317,https://www.thetraffic.in/data/surveillance_cameras.v1.json,ODbL-1.0
node/7192948811,,12.928026,77.6254159,15369,13320,True,public,camera,,,2020-03-09T11:11:15Z,2026-09-09T04:20:20Z,candidate-public-outdoor,unknown,https://www.openstreetmap.org/node/7192948811,https://www.thetraffic.in/data/surveillance_cameras.v1.json,ODbL-1.0
node/6859866731,,12.9298498,77.6330163,15376,13180,True,public,camera,,2025-09-13,2025-09-13T14:38:59Z,2026-09-09T04:20:20Z,candidate-public-outdoor,unknown,https://www.openstreetmap.org/node/6859866731,https://www.thetraffic.in/data/surveillance_cameras.v1.json,ODbL-1.0
node/10883130005,,12.9297697,77.6330415,15385,13190,True,public,camera,,2023-05-10,2023-05-10T10:19:00Z,2026-09-09T04:20:20Z,candidate-public-outdoor,unknown,https://www.openstreetmap.org/node/10883130005,https://www.thetraffic.in/data/surveillance_cameras.v1.json,ODbL-1.0
node/10883130105,,12.929773,77.6330433,15385,13189,True,public,camera,,2023-05-10,2023-05-10T10:19:02Z,2026-09-09T04:20:20Z,candidate-public-outdoor,unknown,https://www.openstreetmap.org/node/10883130105,https://www.thetraffic.in/data/surveillance_cameras.v1.json,ODbL-1.0
node/7192996594,,12.9278805,77.6258082,15394,13338,True,public,camera,,,2020-03-09T11:11:15Z,2026-09-09T04:20:20Z,candidate-public-outdoor,unknown,https://www.openstreetmap.org/node/7192996594,https://www.thetraffic.in/data/surveillance_cameras.v1.json,ODbL-1.0
node/10220943020,,12.9295957,77.6330623,15405,13209,True,traffic,camera,,2022-11-27,2022-11-27T12:31:13Z,2026-09-09T04:20:20Z,candidate-public-outdoor,unknown,https://www.openstreetmap.org/node/10220943020,https://www.thetraffic.in/data/surveillance_cameras.v1.json,ODbL-1.0
node/10220943021,,12.9295957,77.6330623,15405,13209,True,traffic,camera,,2022-11-27,2022-11-27T07:30:26Z,2026-09-09T04:20:20Z,candidate-public-outdoor,unknown,https://www.openstreetmap.org/node/10220943021,https://www.thetraffic.in/data/surveillance_cameras.v1.json,ODbL-1.0
node/10220955217,,12.929584,77.6331776,15409,13212,True,traffic,camera,,2022-11-27,2022-11-27T12:31:13Z,2026-09-09T04:20:20Z,candidate-public-outdoor,unknown,https://www.openstreetmap.org/node/10220955217,https://www.thetraffic.in/data/surveillance_cameras.v1.json,ODbL-1.0
node/13329863369,,12.9249433,77.5794593,15414,14337,True,indoor/outdoor,camera,181,,2025-11-25T07:55:35Z,2026-09-09T04:20:20Z,review-access-unknown,unknown,https://www.openstreetmap.org/node/13329863369,https://www.thetraffic.in/data/surveillance_cameras.v1.json,ODbL-1.0
node/13329863371,,12.9246853,77.5794454,15442,14365,True,camera,camera,50,,2025-11-25T07:55:35Z,2026-09-09T04:20:20Z,review-access-unknown,unknown,https://www.openstreetmap.org/node/13329863371,https://www.thetraffic.in/data/surveillance_cameras.v1.json,ODbL-1.0
node/13329863372,,12.9245744,77.5795078,15454,14374,True,camera,camera,272,,2025-11-25T07:55:35Z,2026-09-09T04:20:20Z,review-access-unknown,unknown,https://www.openstreetmap.org/node/13329863372,https://www.thetraffic.in/data/surveillance_cameras.v1.json,ODbL-1.0
node/13329863373,,12.9245066,77.5794644,15462,14383,True,camera,camera,39,,2025-11-25T07:55:35Z,2026-09-09T04:20:20Z,review-access-unknown,unknown,https://www.openstreetmap.org/node/13329863373,https://www.thetraffic.in/data/surveillance_cameras.v1.json,ODbL-1.0
node/13349339494,,12.9244352,77.5797928,15466,14380,True,outdoor,camera,270,,2025-12-03T03:09:46Z,2026-09-09T04:20:20Z,candidate-public-outdoor,unknown,https://www.openstreetmap.org/node/13349339494,https://www.thetraffic.in/data/surveillance_cameras.v1.json,ODbL-1.0
node/11385511628,,12.9288108,77.6330203,15487,13295,True,outdoor,camera,86,,2023-11-30T12:24:04Z,2026-09-09T04:20:20Z,candidate-public-outdoor,unknown,https://www.openstreetmap.org/node/11385511628,https://www.thetraffic.in/data/surveillance_cameras.v1.json,ODbL-1.0
node/11385511627,,12.9288025,77.6330491,15489,13297,True,outdoor,camera,176,,2023-11-30T12:24:04Z,2026-09-09T04:20:20Z,candidate-public-outdoor,unknown,https://www.openstreetmap.org/node/11385511627,https://www.thetraffic.in/data/surveillance_cameras.v1.json,ODbL-1.0
node/12630034812,,12.9884341,77.4731403,15496,17215,True,public,camera,291,,2025-03-02T10:27:46Z,2026-09-09T04:20:20Z,candidate-public-outdoor,unknown,https://www.openstreetmap.org/node/12630034812,https://www.thetraffic.in/data/surveillance_cameras.v1.json,ODbL-1.0
node/12630034817,,12.9884168,77.4731377,15497,17216,True,public,camera,300,,2025-03-02T10:27:46Z,2026-09-09T04:20:20Z,candidate-public-outdoor,unknown,https://www.openstreetmap.org/node/12630034817,https://www.thetraffic.in/data/surveillance_cameras.v1.json,ODbL-1.0
node/12630034816,,12.9884018,77.4731312,15498,17217,True,public,camera,,,2025-03-02T10:27:46Z,2026-09-09T04:20:20Z,candidate-public-outdoor,unknown,https://www.openstreetmap.org/node/12630034816,https://www.thetraffic.in/data/surveillance_cameras.v1.json,ODbL-1.0
node/12630034815,,12.9883769,77.4731204,15501,17219,True,public,camera,112,,2025-03-02T10:27:46Z,2026-09-09T04:20:20Z,candidate-public-outdoor,unknown,https://www.openstreetmap.org/node/12630034815,https://www.thetraffic.in/data/surveillance_cameras.v1.json,ODbL-1.0
node/12630034814,,12.9883631,77.4731102,15502,17221,True,public,camera,115,,2025-03-02T10:27:46Z,2026-09-09T04:20:20Z,candidate-public-outdoor,unknown,https://www.openstreetmap.org/node/12630034814,https://www.thetraffic.in/data/surveillance_cameras.v1.json,ODbL-1.0
node/12630034813,,12.9883435,77.4730986,15505,17223,True,public,camera,113,,2025-03-02T10:27:46Z,2026-09-09T04:20:20Z,candidate-public-outdoor,unknown,https://www.openstreetmap.org/node/12630034813,https://www.thetraffic.in/data/surveillance_cameras.v1.json,ODbL-1.0
node/9687899087,,12.9256305,77.6199608,15511,13573,True,,,,,2022-04-23T13:43:25Z,2026-09-09T04:20:20Z,excluded-non-camera,unknown,https://www.openstreetmap.org/node/9687899087,https://www.thetraffic.in/data/surveillance_cameras.v1.json,ODbL-1.0
node/9687913995,,12.9256242,77.6200082,15513,13574,True,,,,,2022-04-23T13:45:53Z,2026-09-09T04:20:20Z,excluded-non-camera,unknown,https://www.openstreetmap.org/node/9687913995,https://www.thetraffic.in/data/surveillance_cameras.v1.json,ODbL-1.0
node/10214305217,,12.9255298,77.6200433,15524,13584,True,traffic,camera,,2022-11-23,2022-11-24T10:39:11Z,2026-09-09T04:20:20Z,candidate-public-outdoor,unknown,https://www.openstreetmap.org/node/10214305217,https://www.thetraffic.in/data/surveillance_cameras.v1.json,ODbL-1.0
node/10214304918,,12.9254712,77.6200735,15531,13591,True,traffic,camera,,2022-11-23,2022-11-24T10:39:10Z,2026-09-09T04:20:20Z,candidate-public-outdoor,unknown,https://www.openstreetmap.org/node/10214304918,https://www.thetraffic.in/data/surveillance_cameras.v1.json,ODbL-1.0
node/11818557592,,12.9232215,77.585835,15549,14326,True,public,camera,,,2024-04-15T12:58:48Z,2026-09-09T04:20:20Z,candidate-public-outdoor,unknown,https://www.openstreetmap.org/node/11818557592,https://www.thetraffic.in/data/surveillance_cameras.v1.json,ODbL-1.0
node/11818557593,,12.9232262,77.58584,15549,14325,True,public,camera,9,,2024-04-15T12:58:48Z,2026-09-09T04:20:20Z,candidate-public-outdoor,unknown,https://www.openstreetmap.org/node/11818557593,https://www.thetraffic.in/data/surveillance_cameras.v1.json,ODbL-1.0
node/6650966614,,12.923469,77.5803262,15567,14465,True,public,camera,,,2019-07-28T09:24:58Z,2026-09-09T04:20:20Z,candidate-public-outdoor,unknown,https://www.openstreetmap.org/node/6650966614,https://www.thetraffic.in/data/surveillance_cameras.v1.json,ODbL-1.0
node/11061300208,,12.9236189,77.5735714,15638,14683,True,public,camera,,2023-07-22,2023-07-28T13:38:38Z,2026-09-09T04:20:20Z,candidate-public-outdoor,unknown,https://www.openstreetmap.org/node/11061300208,https://www.thetraffic.in/data/surveillance_cameras.v1.json,ODbL-1.0
node/11061311306,,12.9236188,77.5735765,15638,14683,True,public,camera,,2023-07-22,2023-07-28T13:36:44Z,2026-09-09T04:20:20Z,candidate-public-outdoor,unknown,https://www.openstreetmap.org/node/11061311306,https://www.thetraffic.in/data/surveillance_cameras.v1.json,ODbL-1.0
node/11061312205,,12.9236189,77.5735714,15638,14683,True,public,camera,,2023-07-22,2023-07-28T13:36:44Z,2026-09-09T04:20:20Z,candidate-public-outdoor,unknown,https://www.openstreetmap.org/node/11061312205,https://www.thetraffic.in/data/surveillance_cameras.v1.json,ODbL-1.0
node/11061300207,,12.9235018,77.5735686,15651,14695,True,public,camera,,2023-07-22,2023-07-28T13:37:21Z,2026-09-09T04:20:20Z,candidate-public-outdoor,unknown,https://www.openstreetmap.org/node/11061300207,https://www.thetraffic.in/data/surveillance_cameras.v1.json,ODbL-1.0
node/11636759779,,12.9780296,77.7099067,15695,12451,True,public,camera,270,,2024-02-18T04:24:50Z,2026-09-09T04:20:20Z,candidate-public-outdoor,unknown,https://www.openstreetmap.org/node/11636759779,https://www.thetraffic.in/data/surveillance_cameras.v1.json,ODbL-1.0
node/11636759780,,12.9780302,77.7099147,15696,12451,True,public,camera,,,2024-02-18T04:24:50Z,2026-09-09T04:20:20Z,candidate-public-outdoor,unknown,https://www.openstreetmap.org/node/11636759780,https://www.thetraffic.in/data/surveillance_cameras.v1.json,ODbL-1.0
node/11274969774,,12.9743357,77.7070606,15704,12475,True,public,camera,270,,2023-10-19T15:54:51Z,2026-09-09T04:20:20Z,candidate-public-outdoor,unknown,https://www.openstreetmap.org/node/11274969774,https://www.thetraffic.in/data/surveillance_cameras.v1.json,ODbL-1.0
node/11274969775,,12.9743317,77.7070807,15706,12477,True,public,camera,180,,2023-10-19T15:54:51Z,2026-09-09T04:20:20Z,candidate-public-outdoor,unknown,https://www.openstreetmap.org/node/11274969775,https://www.thetraffic.in/data/surveillance_cameras.v1.json,ODbL-1.0
node/13329863377,,12.9222014,77.5800005,15711,14610,True,outdoor,camera,359,,2025-12-06T00:12:51Z,2026-09-09T04:20:20Z,candidate-public-outdoor,unknown,https://www.openstreetmap.org/node/13329863377,https://www.thetraffic.in/data/surveillance_cameras.v1.json,ODbL-1.0
node/12443012302,,12.9777001,77.7098766,15715,12471,True,public,camera,,,2024-12-23T04:09:21Z,2026-09-09T04:20:20Z,candidate-public-outdoor,unknown,https://www.openstreetmap.org/node/12443012302,https://www.thetraffic.in/data/surveillance_cameras.v1.json,ODbL-1.0
node/9904130019,,12.9216424,77.5859367,15724,14493,True,public,camera,,2022-07-20,2022-07-22T13:07:57Z,2026-09-09T04:20:20Z,candidate-public-outdoor,unknown,https://www.openstreetmap.org/node/9904130019,https://www.thetraffic.in/data/surveillance_cameras.v1.json,ODbL-1.0
node/9859933718,,12.9217907,77.5760827,15803,14785,True,public,camera,270,2022-07-01,2022-07-01T09:05:55Z,2026-09-09T04:20:20Z,candidate-public-outdoor,unknown,https://www.openstreetmap.org/node/9859933718,https://www.thetraffic.in/data/surveillance_cameras.v1.json,ODbL-1.0
node/9859934017,,12.9217907,77.5760827,15803,14785,True,public,camera,180,2022-07-01,2022-07-01T09:05:52Z,2026-09-09T04:20:20Z,candidate-public-outdoor,unknown,https://www.openstreetmap.org/node/9859934017,https://www.thetraffic.in/data/surveillance_cameras.v1.json,ODbL-1.0
node/9859933717,,12.9217866,77.5760904,15804,14785,True,public,camera,0,2022-07-01,2022-07-01T09:05:48Z,2026-09-09T04:20:20Z,candidate-public-outdoor,unknown,https://www.openstreetmap.org/node/9859933717,https://www.thetraffic.in/data/surveillance_cameras.v1.json,ODbL-1.0
node/6650970123,,12.9206108,77.5969131,15817,14350,True,public,camera,,,2019-07-28T09:23:46Z,2026-09-09T04:20:20Z,candidate-public-outdoor,unknown,https://www.openstreetmap.org/node/6650970123,https://www.thetraffic.in/data/surveillance_cameras.v1.json,ODbL-1.0
node/6650963572,,12.9205965,77.5969263,15818,14351,True,public,camera,,,2019-07-28T09:23:46Z,2026-09-09T04:20:20Z,candidate-public-outdoor,unknown,https://www.openstreetmap.org/node/6650963572,https://www.thetraffic.in/data/surveillance_cameras.v1.json,ODbL-1.0
node/6650909750,,12.9205936,77.5969063,15819,14352,True,public,camera,,,2019-07-28T09:21:09Z,2026-09-09T04:20:20Z,candidate-public-outdoor,unknown,https://www.openstreetmap.org/node/6650909750,https://www.thetraffic.in/data/surveillance_cameras.v1.json,ODbL-1.0
node/9904130018,,12.920602,77.5895946,15822,14510,True,public,camera,,2022-07-20,2022-07-22T13:07:57Z,2026-09-09T04:20:20Z,candidate-public-outdoor,unknown,https://www.openstreetmap.org/node/9904130018,https://www.thetraffic.in/data/surveillance_cameras.v1.json,ODbL-1.0
node/7133647670,,12.9669194,77.7020086,15825,12639,True,public,camera,,,2020-01-20T06:40:33Z,2026-09-09T04:20:20Z,candidate-public-outdoor,unknown,https://www.openstreetmap.org/node/7133647670,https://www.thetraffic.in/data/surveillance_cameras.v1.json,ODbL-1.0
node/6650932027,,12.9209738,77.5803946,15843,14728,True,outdoor,camera,,,2019-07-28T09:25:58Z,2026-09-09T04:20:20Z,candidate-public-outdoor,unknown,https://www.openstreetmap.org/node/6650932027,https://www.thetraffic.in/data/surveillance_cameras.v1.json,ODbL-1.0
node/6796865851,,12.924294,77.628903,15859,13756,True,public,camera,,,2019-09-17T06:36:30Z,2026-09-09T04:20:20Z,candidate-public-outdoor,unknown,https://www.openstreetmap.org/node/6796865851,https://www.thetraffic.in/data/surveillance_cameras.v1.json,ODbL-1.0
node/12150999932,,12.9240721,77.6292136,15891,13783,True,outdoor,camera,,,2024-09-02T06:27:29Z,2026-09-09T04:20:20Z,candidate-public-outdoor,unknown,https://www.openstreetmap.org/node/12150999932,https://www.thetraffic.in/data/surveillance_cameras.v1.json,ODbL-1.0
node/10220955318,,12.9251595,77.6336448,15897,13706,True,traffic,camera,,2022-11-27,2022-11-27T12:31:13Z,2026-09-09T04:20:20Z,candidate-public-outdoor,unknown,https://www.openstreetmap.org/node/10220955318,https://www.thetraffic.in/data/surveillance_cameras.v1.json,ODbL-1.0
node/7276524021,,12.9249064,77.6334648,15918,13732,True,public,camera,,2022-10-18,2022-10-27T06:42:41Z,2026-09-09T04:20:20Z,candidate-public-outdoor,unknown,https://www.openstreetmap.org/node/7276524021,https://www.thetraffic.in/data/surveillance_cameras.v1.json,ODbL-1.0
node/7276524019,,12.9249652,77.6337089,15919,13728,True,public,camera,340,,2020-03-08T12:25:23Z,2026-09-09T04:20:20Z,candidate-public-outdoor,unknown,https://www.openstreetmap.org/node/7276524019,https://www.thetraffic.in/data/surveillance_cameras.v1.json,ODbL-1.0
node/7276524018,,12.9249547,77.6337243,15921,13730,True,public,camera,100,,2020-03-08T12:25:23Z,2026-09-09T04:20:20Z,candidate-public-outdoor,unknown,https://www.openstreetmap.org/node/7276524018,https://www.thetraffic.in/data/surveillance_cameras.v1.json,ODbL-1.0
node/7276524020,,12.9249501,77.6336995,15921,13730,True,public,camera,270,,2020-03-08T12:25:23Z,2026-09-09T04:20:20Z,candidate-public-outdoor,unknown,https://www.openstreetmap.org/node/7276524020,https://www.thetraffic.in/data/surveillance_cameras.v1.json,ODbL-1.0
node/7276524017,,12.924943,77.6337129,15922,13731,True,public,camera,160,,2020-03-08T12:25:23Z,2026-09-09T04:20:20Z,candidate-public-outdoor,unknown,https://www.openstreetmap.org/node/7276524017,https://www.thetraffic.in/data/surveillance_cameras.v1.json,ODbL-1.0
node/11061210705,,12.920928,77.5743619,15923,14936,True,,camera,,2023-07-22,2023-07-22T06:43:47Z,2026-09-09T04:20:20Z,review-access-unknown,unknown,https://www.openstreetmap.org/node/11061210705,https://www.thetraffic.in/data/surveillance_cameras.v1.json,ODbL-1.0
node/11061210706,,12.920928,77.5743619,15923,14936,True,public,camera,,2023-07-22,2023-07-28T13:45:49Z,2026-09-09T04:20:20Z,candidate-public-outdoor,unknown,https://www.openstreetmap.org/node/11061210706,https://www.thetraffic.in/data/surveillance_cameras.v1.json,ODbL-1.0
node/11061210905,,12.9209313,77.5743393,15923,14937,True,public,camera,,2023-07-22,2023-07-28T13:45:49Z,2026-09-09T04:20:20Z,candidate-public-outdoor,unknown,https://www.openstreetmap.org/node/11061210905,https://www.thetraffic.in/data/surveillance_cameras.v1.json,ODbL-1.0
node/9838468117,,12.9207396,77.5743224,15944,14957,True,public,camera,,2022-06-22,2022-06-22T10:57:28Z,2026-09-09T04:20:20Z,candidate-public-outdoor,unknown,https://www.openstreetmap.org/node/9838468117,https://www.thetraffic.in/data/surveillance_cameras.v1.json,ODbL-1.0
node/9838468217,,12.9207396,77.5743224,15944,14957,True,public,camera,0,2022-06-22,2022-06-22T10:57:29Z,2026-09-09T04:20:20Z,candidate-public-outdoor,unknown,https://www.openstreetmap.org/node/9838468217,https://www.thetraffic.in/data/surveillance_cameras.v1.json,ODbL-1.0
node/9838468218,,12.9207396,77.5743224,15944,14957,True,public,camera,270,2022-06-22,2022-06-22T10:57:30Z,2026-09-09T04:20:20Z,candidate-public-outdoor,unknown,https://www.openstreetmap.org/node/9838468218,https://www.thetraffic.in/data/surveillance_cameras.v1.json,ODbL-1.0
node/9838468317,,12.92074,77.5743292,15944,14957,True,public,camera,180,2022-06-22,2022-06-22T10:57:31Z,2026-09-09T04:20:20Z,candidate-public-outdoor,unknown,https://www.openstreetmap.org/node/9838468317,https://www.thetraffic.in/data/surveillance_cameras.v1.json,ODbL-1.0
node/11385511623,,12.9247765,77.6340373,15949,13753,True,public,camera,262,,2023-11-30T12:24:04Z,2026-09-09T04:20:20Z,candidate-public-outdoor,unknown,https://www.openstreetmap.org/node/11385511623,https://www.thetraffic.in/data/surveillance_cameras.v1.json,ODbL-1.0
node/11385511622,,12.9247745,77.6340521,15950,13754,True,public,camera,187,,2023-11-30T12:24:04Z,2026-09-09T04:20:20Z,candidate-public-outdoor,unknown,https://www.openstreetmap.org/node/11385511622,https://www.thetraffic.in/data/surveillance_cameras.v1.json,ODbL-1.0
node/10293686925,,12.9199288,77.5800861,15962,14849,True,public,camera,90,2022-12-29,2022-12-29T17:16:57Z,2026-09-09T04:20:20Z,candidate-public-outdoor,unknown,https://www.openstreetmap.org/node/10293686925,https://www.thetraffic.in/data/surveillance_cameras.v1.json,ODbL-1.0
node/11367865793,,12.919873,77.5807149,15962,14835,True,public,camera,355,,2023-11-22T04:17:01Z,2026-09-09T04:20:20Z,candidate-public-outdoor,unknown,https://www.openstreetmap.org/node/11367865793,https://www.thetraffic.in/data/surveillance_cameras.v1.json,ODbL-1.0
node/11367865794,,12.9198646,77.5807234,15962,14836,True,public,camera,91,,2023-11-22T04:17:01Z,2026-09-09T04:20:20Z,candidate-public-outdoor,unknown,https://www.openstreetmap.org/node/11367865794,https://www.thetraffic.in/data/surveillance_cameras.v1.json,ODbL-1.0
node/10228903709,,12.9199166,77.5800976,15963,14850,True,public,camera,180,2022-11-30,2022-12-29T17:16:57Z,2026-09-09T04:20:20Z,candidate-public-outdoor,unknown,https://www.openstreetmap.org/node/10228903709,https://www.thetraffic.in/data/surveillance_cameras.v1.json,ODbL-1.0
node/13073520527,,12.919876,77.6101766,15991,14252,True,public,camera,,,2025-08-16T04:38:10Z,2026-09-09T04:20:20Z,candidate-public-outdoor,unknown,https://www.openstreetmap.org/node/13073520527,https://www.thetraffic.in/data/surveillance_cameras.v1.json,ODbL-1.0
node/9838347217,,12.9199823,77.5760624,16003,14976,True,public,camera,0,2022-06-22,2022-06-22T10:08:33Z,2026-09-09T04:20:20Z,candidate-public-outdoor,unknown,https://www.openstreetmap.org/node/9838347217,https://www.thetraffic.in/data/surveillance_cameras.v1.json,ODbL-1.0
node/9838347317,,12.9199653,77.5760584,16005,14978,True,public,camera,270,2022-06-22,2022-06-22T10:08:34Z,2026-09-09T04:20:20Z,candidate-public-outdoor,unknown,https://www.openstreetmap.org/node/9838347317,https://www.thetraffic.in/data/surveillance_cameras.v1.json,ODbL-1.0
node/9838347318,,12.9199653,77.5760584,16005,14978,True,public,camera,90,2022-06-22,2022-06-22T10:08:35Z,2026-09-09T04:20:20Z,candidate-public-outdoor,unknown,https://www.openstreetmap.org/node/9838347318,https://www.thetraffic.in/data/surveillance_cameras.v1.json,ODbL-1.0
node/7276524015,,12.9251867,77.6374415,16009,13754,True,public,camera,350,2024-03-28,2024-03-28T17:18:46Z,2026-09-09T04:20:20Z,candidate-public-outdoor,unknown,https://www.openstreetmap.org/node/7276524015,https://www.thetraffic.in/data/surveillance_cameras.v1.json,ODbL-1.0
node/6924220912,,12.9211318,77.6203401,16010,14073,True,public,camera,,2026-08-18,2026-08-18T00:29:22Z,2026-09-09T04:20:20Z,candidate-public-outdoor,unknown,https://www.openstreetmap.org/node/6924220912,https://www.thetraffic.in/data/surveillance_cameras.v1.json,ODbL-1.0
node/7276524016,,12.9251809,77.6374334,16010,13754,True,public,camera,230,2024-03-28,2024-03-28T17:18:45Z,2026-09-09T04:20:20Z,candidate-public-outdoor,unknown,https://www.openstreetmap.org/node/7276524016,https://www.thetraffic.in/data/surveillance_cameras.v1.json,ODbL-1.0
node/7276524013,,12.9251756,77.6374475,16011,13755,True,public,camera,120,2024-03-28,2024-03-28T17:18:46Z,2026-09-09T04:20:20Z,candidate-public-outdoor,unknown,https://www.openstreetmap.org/node/7276524013,https://www.thetraffic.in/data/surveillance_cameras.v1.json,ODbL-1.0
node/7276524014,,12.9251697,77.6374398,16011,13756,True,public,camera,190,2024-03-28,2024-03-28T17:18:45Z,2026-09-09T04:20:20Z,candidate-public-outdoor,unknown,https://www.openstreetmap.org/node/7276524014,https://www.thetraffic.in/data/surveillance_cameras.v1.json,ODbL-1.0
node/9859933617,,12.9198808,77.5757076,16019,14999,True,outdoor,camera,0,2022-07-01,2022-07-01T09:05:45Z,2026-09-09T04:20:20Z,candidate-public-outdoor,unknown,https://www.openstreetmap.org/node/9859933617,https://www.thetraffic.in/data/surveillance_cameras.v1.json,ODbL-1.0
node/11061247105,,12.9198841,77.575716,16019,14998,True,outdoor,camera,0,2023-07-22,2023-07-28T13:40:04Z,2026-09-09T04:20:20Z,candidate-public-outdoor,unknown,https://www.openstreetmap.org/node/11061247105,https://www.thetraffic.in/data/surveillance_cameras.v1.json,ODbL-1.0
node/11061210806,,12.9199571,77.5741463,16033,15046,True,outdoor,camera,,2023-07-22,2023-07-28T13:43:16Z,2026-09-09T04:20:20Z,candidate-public-outdoor,unknown,https://www.openstreetmap.org/node/11061210806,https://www.thetraffic.in/data/surveillance_cameras.v1.json,ODbL-1.0
node/11061210807,,12.9198761,77.5741232,16042,15055,True,public,camera,270,2023-07-22,2023-07-28T13:43:16Z,2026-09-09T04:20:20Z,candidate-public-outdoor,unknown,https://www.openstreetmap.org/node/11061210807,https://www.thetraffic.in/data/surveillance_cameras.v1.json,ODbL-1.0
node/11061211005,,12.9198761,77.5741232,16042,15055,True,public,camera,90,2023-07-22,2023-07-28T13:43:16Z,2026-09-09T04:20:20Z,candidate-public-outdoor,unknown,https://www.openstreetmap.org/node/11061211005,https://www.thetraffic.in/data/surveillance_cameras.v1.json,ODbL-1.0
node/11061211105,,12.9198761,77.5741232,16042,15055,True,public,camera,180,2023-07-22,2023-07-28T13:43:16Z,2026-09-09T04:20:20Z,candidate-public-outdoor,unknown,https://www.openstreetmap.org/node/11061211105,https://www.thetraffic.in/data/surveillance_cameras.v1.json,ODbL-1.0
node/13073520855,,12.9197084,77.6130387,16046,14251,True,public,camera,192,,2025-08-16T04:47:49Z,2026-09-09T04:20:20Z,candidate-public-outdoor,unknown,https://www.openstreetmap.org/node/13073520855,https://www.thetraffic.in/data/surveillance_cameras.v1.json,ODbL-1.0
node/13073520856,,12.9196962,77.6130305,16047,14253,True,public,camera,268,,2025-08-16T04:47:49Z,2026-09-09T04:20:20Z,candidate-public-outdoor,unknown,https://www.openstreetmap.org/node/13073520856,https://www.thetraffic.in/data/surveillance_cameras.v1.json,ODbL-1.0
node/13073520857,,12.9196919,77.6130484,16048,14253,True,public,camera,108,,2025-08-16T04:47:49Z,2026-09-09T04:20:20Z,candidate-public-outdoor,unknown,https://www.openstreetmap.org/node/13073520857,https://www.thetraffic.in/data/surveillance_cameras.v1.json,ODbL-1.0
node/13073501571,,12.9194614,77.6143628,16092,14272,True,public,camera,,,2025-08-16T04:51:35Z,2026-09-09T04:20:20Z,candidate-public-outdoor,unknown,https://www.openstreetmap.org/node/13073501571,https://www.thetraffic.in/data/surveillance_cameras.v1.json,ODbL-1.0
node/9782472324,,12.9628523,77.7015571,16098,12931,True,public,camera,,,2024-06-07T09:46:36Z,2026-09-09T04:20:20Z,candidate-public-outdoor,unknown,https://www.openstreetmap.org/node/9782472324,https://www.thetraffic.in/data/surveillance_cameras.v1.json,ODbL-1.0
node/11389960987,,12.9566113,77.6958261,16155,13045,True,public,camera,87,,2023-12-02T15:32:36Z,2026-09-09T04:20:20Z,candidate-public-outdoor,unknown,https://www.openstreetmap.org/node/11389960987,https://www.thetraffic.in/data/surveillance_cameras.v1.json,ODbL-1.0
node/11389960986,,12.9566165,77.6958503,16156,13047,True,public,camera,180,,2023-12-02T15:32:36Z,2026-09-09T04:20:20Z,candidate-public-outdoor,unknown,https://www.openstreetmap.org/node/11389960986,https://www.thetraffic.in/data/surveillance_cameras.v1.json,ODbL-1.0
node/11389960985,,12.9566185,77.695867,16157,13048,True,public,camera,265,,2023-12-02T15:32:36Z,2026-09-09T04:20:20Z,candidate-public-outdoor,unknown,https://www.openstreetmap.org/node/11389960985,https://www.thetraffic.in/data/surveillance_cameras.v1.json,ODbL-1.0
node/11393362092,,12.9171002,77.5896106,16211,14889,True,public,camera,271,,2023-12-04T05:12:52Z,2026-09-09T04:20:20Z,candidate-public-outdoor,unknown,https://www.openstreetmap.org/node/11393362092,https://www.thetraffic.in/data/surveillance_cameras.v1.json,ODbL-1.0
node/11393362093,,12.9170224,77.5926582,16213,14828,True,public,camera,273,,2023-12-04T05:12:52Z,2026-09-09T04:20:20Z,candidate-public-outdoor,unknown,https://www.openstreetmap.org/node/11393362093,https://www.thetraffic.in/data/surveillance_cameras.v1.json,ODbL-1.0
node/11393362094,,12.916995,77.5926631,16216,14831,True,public,camera,179,,2023-12-04T05:12:52Z,2026-09-09T04:20:20Z,candidate-public-outdoor,unknown,https://www.openstreetmap.org/node/11393362094,https://www.thetraffic.in/data/surveillance_cameras.v1.json,ODbL-1.0
node/11393362095,,12.9169677,77.5951215,16219,14783,True,public,camera,180,,2023-12-04T05:12:52Z,2026-09-09T04:20:20Z,candidate-public-outdoor,unknown,https://www.openstreetmap.org/node/11393362095,https://www.thetraffic.in/data/surveillance_cameras.v1.json,ODbL-1.0
node/11385511619,,12.9239475,77.6399877,16224,13931,True,public,camera,293,,2023-11-30T12:24:04Z,2026-09-09T04:20:20Z,candidate-public-outdoor,unknown,https://www.openstreetmap.org/node/11385511619,https://www.thetraffic.in/data/surveillance_cameras.v1.json,ODbL-1.0
node/11385511620,,12.9239434,77.639999,16224,13931,True,public,camera,,,2023-11-30T12:24:04Z,2026-09-09T04:20:20Z,candidate-public-outdoor,unknown,https://www.openstreetmap.org/node/11385511620,https://www.thetraffic.in/data/surveillance_cameras.v1.json,ODbL-1.0
node/11385511618,,12.9239431,77.6400049,16225,13932,True,public,camera,112,,2023-11-30T12:24:04Z,2026-09-09T04:20:20Z,candidate-public-outdoor,unknown,https://www.openstreetmap.org/node/11385511618,https://www.thetraffic.in/data/surveillance_cameras.v1.json,ODbL-1.0
node/11393362096,,12.9169149,77.5969378,16228,14754,True,public,camera,0,,2023-12-04T05:12:52Z,2026-09-09T04:20:20Z,candidate-public-outdoor,unknown,https://www.openstreetmap.org/node/11393362096,https://www.thetraffic.in/data/surveillance_cameras.v1.json,ODbL-1.0
node/11393362099,,12.9169083,77.5969384,16228,14755,True,public,camera,,,2023-12-04T05:12:52Z,2026-09-09T04:20:20Z,candidate-public-outdoor,unknown,https://www.openstreetmap.org/node/11393362099,https://www.thetraffic.in/data/surveillance_cameras.v1.json,ODbL-1.0
node/11393362097,,12.9169007,77.5969372,16229,14756,True,public,camera,183,,2023-12-04T05:12:52Z,2026-09-09T04:20:20Z,candidate-public-outdoor,unknown,https://www.openstreetmap.org/node/11393362097,https://www.thetraffic.in/data/surveillance_cameras.v1.json,ODbL-1.0
node/11393362098,,12.9169014,77.5969286,16229,14756,True,public,camera,271,,2023-12-04T05:12:52Z,2026-09-09T04:20:20Z,candidate-public-outdoor,unknown,https://www.openstreetmap.org/node/11393362098,https://www.thetraffic.in/data/surveillance_cameras.v1.json,ODbL-1.0
node/9904111103,,12.9167772,77.5950086,16240,14806,True,public,camera,10,2022-07-20,2022-07-22T13:07:57Z,2026-09-09T04:20:20Z,candidate-public-outdoor,unknown,https://www.openstreetmap.org/node/9904111103,https://www.thetraffic.in/data/surveillance_cameras.v1.json,ODbL-1.0
node/9904111105,,12.9167713,77.5950146,16241,14807,True,public,camera,,2022-07-20,2022-07-22T13:07:57Z,2026-09-09T04:20:20Z,candidate-public-outdoor,unknown,https://www.openstreetmap.org/node/9904111105,https://www.thetraffic.in/data/surveillance_cameras.v1.json,ODbL-1.0
node/9904111104,,12.9167537,77.5950167,16243,14809,True,public,camera,180,2022-07-20,2022-07-22T13:07:57Z,2026-09-09T04:20:20Z,candidate-public-outdoor,unknown,https://www.openstreetmap.org/node/9904111104,https://www.thetraffic.in/data/surveillance_cameras.v1.json,ODbL-1.0
node/12107709113,,12.9721658,77.7117027,16248,13014,True,public,camera,,,2024-10-08T05:57:16Z,2026-09-09T04:20:20Z,candidate-public-outdoor,unknown,https://www.openstreetmap.org/node/12107709113,https://www.thetraffic.in/data/surveillance_cameras.v1.json,ODbL-1.0
node/11382935819,,12.9166825,77.5968033,16253,14782,True,public,camera,40,,2023-11-29T04:31:04Z,2026-09-09T04:20:20Z,candidate-public-outdoor,unknown,https://www.openstreetmap.org/node/11382935819,https://www.thetraffic.in/data/surveillance_cameras.v1.json,ODbL-1.0
node/11382935820,,12.91668,77.5967985,16253,14783,True,public,camera,,,2023-11-29T04:31:04Z,2026-09-09T04:20:20Z,candidate-public-outdoor,unknown,https://www.openstreetmap.org/node/11382935820,https://www.thetraffic.in/data/surveillance_cameras.v1.json,ODbL-1.0
node/11382935818,,12.9166757,77.5968005,16254,14783,True,public,camera,179,,2023-11-29T04:31:04Z,2026-09-09T04:20:20Z,candidate-public-outdoor,unknown,https://www.openstreetmap.org/node/11382935818,https://www.thetraffic.in/data/surveillance_cameras.v1.json,ODbL-1.0
node/12234319013,,12.9717006,77.7114591,16259,13028,True,,camera,18,,2024-10-08T05:57:16Z,2026-09-09T04:20:20Z,review-access-unknown,unknown,https://www.openstreetmap.org/node/12234319013,https://www.thetraffic.in/data/surveillance_cameras.v1.json,ODbL-1.0
node/12234319011,,12.9716956,77.7114688,16260,13029,True,,camera,73,,2024-10-08T05:57:16Z,2026-09-09T04:20:20Z,review-access-unknown,unknown,https://www.openstreetmap.org/node/12234319011,https://www.thetraffic.in/data/surveillance_cameras.v1.json,ODbL-1.0
node/12234319012,,12.9716891,77.7114571,16260,13028,True,,camera,208,,2024-10-08T05:57:16Z,2026-09-09T04:20:20Z,review-access-unknown,unknown,https://www.openstreetmap.org/node/12234319012,https://www.thetraffic.in/data/surveillance_cameras.v1.json,ODbL-1.0
node/9904111101,,12.9168243,77.6030874,16264,14666,True,public,camera,,2022-07-20,2022-07-22T13:07:57Z,2026-09-09T04:20:20Z,candidate-public-outdoor,unknown,https://www.openstreetmap.org/node/9904111101,https://www.thetraffic.in/data/surveillance_cameras.v1.json,ODbL-1.0
node/6932109133,,12.9364918,77.5184262,16265,16549,True,public,camera,,,2019-11-06T16:34:15Z,2026-09-09T04:20:20Z,candidate-public-outdoor,unknown,https://www.openstreetmap.org/node/6932109133,https://www.thetraffic.in/data/surveillance_cameras.v1.json,ODbL-1.0
node/12178564156,,12.9599379,77.701459,16316,13162,True,outdoor,camera,44,,2024-09-15T16:04:04Z,2026-09-09T04:20:20Z,candidate-public-outdoor,unknown,https://www.openstreetmap.org/node/12178564156,https://www.thetraffic.in/data/surveillance_cameras.v1.json,ODbL-1.0
node/12178573791,,12.9599338,77.701459,16316,13162,True,outdoor,camera,157,,2024-09-15T16:05:13Z,2026-09-09T04:20:20Z,candidate-public-outdoor,unknown,https://www.openstreetmap.org/node/12178573791,https://www.thetraffic.in/data/surveillance_cameras.v1.json,ODbL-1.0
node/12178584613,,12.9599338,77.701459,16316,13162,True,outdoor,camera,342,,2024-09-15T16:04:44Z,2026-09-09T04:20:20Z,candidate-public-outdoor,unknown,https://www.openstreetmap.org/node/12178584613,https://www.thetraffic.in/data/surveillance_cameras.v1.json,ODbL-1.0
node/7137042124,,12.9361134,77.5181017,16319,16604,True,public,camera,,,2020-02-20T10:07:22Z,2026-09-09T04:20:20Z,candidate-public-outdoor,unknown,https://www.openstreetmap.org/node/7137042124,https://www.thetraffic.in/data/surveillance_cameras.v1.json,ODbL-1.0
node/11532843229,,12.9162601,77.6055077,16344,14699,True,public,camera,172,,2024-01-20T02:31:09Z,2026-09-09T04:20:20Z,candidate-public-outdoor,unknown,https://www.openstreetmap.org/node/11532843229,https://www.thetraffic.in/data/surveillance_cameras.v1.json,ODbL-1.0
node/11532843230,,12.9162642,77.6054999,16344,14698,True,public,camera,268,,2024-01-20T02:31:09Z,2026-09-09T04:20:20Z,candidate-public-outdoor,unknown,https://www.openstreetmap.org/node/11532843230,https://www.thetraffic.in/data/surveillance_cameras.v1.json,ODbL-1.0
node/11532843231,,12.9162666,77.6055046,16344,14698,True,public,camera,354,,2024-01-20T02:31:09Z,2026-09-09T04:20:20Z,candidate-public-outdoor,unknown,https://www.openstreetmap.org/node/11532843231,https://www.thetraffic.in/data/surveillance_cameras.v1.json,ODbL-1.0
node/11532843232,,12.9162647,77.6055088,16344,14698,True,public,camera,84,,2024-01-20T02:31:09Z,2026-09-09T04:20:20Z,candidate-public-outdoor,unknown,https://www.openstreetmap.org/node/11532843232,https://www.thetraffic.in/data/surveillance_cameras.v1.json,ODbL-1.0
node/11397272612,,12.9165356,77.6100121,16358,14624,True,public,camera,272,,2023-12-06T05:13:26Z,2026-09-09T04:20:20Z,candidate-public-outdoor,unknown,https://www.openstreetmap.org/node/11397272612,https://www.thetraffic.in/data/surveillance_cameras.v1.json,ODbL-1.0
node/11397272613,,12.9165358,77.610022,16358,14624,True,public,camera,90,,2023-12-06T05:13:26Z,2026-09-09T04:20:20Z,candidate-public-outdoor,unknown,https://www.openstreetmap.org/node/11397272613,https://www.thetraffic.in/data/surveillance_cameras.v1.json,ODbL-1.0
node/7229958817,,12.9361186,77.5173265,16361,16660,True,public,camera,,,2020-02-20T10:07:22Z,2026-09-09T04:20:20Z,candidate-public-outdoor,unknown,https://www.openstreetmap.org/node/7229958817,https://www.thetraffic.in/data/surveillance_cameras.v1.json,ODbL-1.0
node/7229958816,,12.9360115,77.5173211,16371,16669,True,public,camera,10,,2020-02-20T10:07:22Z,2026-09-09T04:20:20Z,candidate-public-outdoor,unknown,https://www.openstreetmap.org/node/7229958816,https://www.thetraffic.in/data/surveillance_cameras.v1.json,ODbL-1.0
node/11393362104,,12.9166552,77.6124819,16375,14594,True,public,camera,152,,2023-12-04T05:12:52Z,2026-09-09T04:20:20Z,candidate-public-outdoor,unknown,https://www.openstreetmap.org/node/11393362104,https://www.thetraffic.in/data/surveillance_cameras.v1.json,ODbL-1.0
node/11393362105,,12.9166412,77.6124721,16377,14595,True,public,camera,271,,2023-12-04T05:12:52Z,2026-09-09T04:20:20Z,candidate-public-outdoor,unknown,https://www.openstreetmap.org/node/11393362105,https://www.thetraffic.in/data/surveillance_cameras.v1.json,ODbL-1.0
node/11383003766,,12.9162688,77.6151326,16455,14623,True,public,camera,,,2023-11-29T05:01:13Z,2026-09-09T04:20:20Z,candidate-public-outdoor,unknown,https://www.openstreetmap.org/node/11383003766,https://www.thetraffic.in/data/surveillance_cameras.v1.json,ODbL-1.0
node/6546998966,,12.9147708,77.5996975,16474,14943,True,outdoor,camera,,,2019-06-14T08:45:59Z,2026-09-09T04:20:20Z,candidate-public-outdoor,unknown,https://www.openstreetmap.org/node/6546998966,https://www.thetraffic.in/data/surveillance_cameras.v1.json,ODbL-1.0
node/7276524022,,12.9172216,77.6231235,16493,14512,True,public,camera,,2024-06-03,2024-06-03T15:28:07Z,2026-09-09T04:20:20Z,candidate-public-outdoor,unknown,https://www.openstreetmap.org/node/7276524022,https://www.thetraffic.in/data/surveillance_cameras.v1.json,ODbL-1.0
node/7276524012,,12.9233901,77.6466995,16519,14123,True,public,camera,0,,2020-03-08T12:25:23Z,2026-09-09T04:20:20Z,candidate-public-outdoor,unknown,https://www.openstreetmap.org/node/7276524012,https://www.thetraffic.in/data/surveillance_cameras.v1.json,ODbL-1.0
node/7276524010,,12.9233757,77.6466921,16521,14125,True,public,camera,250,,2020-03-08T12:25:23Z,2026-09-09T04:20:20Z,candidate-public-outdoor,unknown,https://www.openstreetmap.org/node/7276524010,https://www.thetraffic.in/data/surveillance_cameras.v1.json,ODbL-1.0
node/7276524011,,12.9233757,77.6467149,16521,14125,True,public,camera,60,,2020-03-08T12:25:23Z,2026-09-09T04:20:20Z,candidate-public-outdoor,unknown,https://www.openstreetmap.org/node/7276524011,https://www.thetraffic.in/data/surveillance_cameras.v1.json,ODbL-1.0
node/7276524009,,12.9233613,77.6467062,16523,14126,True,public,camera,190,2026-05-23,2026-05-23T17:27:41Z,2026-09-09T04:20:20Z,candidate-public-outdoor,unknown,https://www.openstreetmap.org/node/7276524009,https://www.thetraffic.in/data/surveillance_cameras.v1.json,ODbL-1.0
node/11430510196,,12.969425,77.7127691,16528,13300,True,public,camera,277,,2023-12-19T06:22:19Z,2026-09-09T04:20:20Z,candidate-public-outdoor,unknown,https://www.openstreetmap.org/node/11430510196,https://www.thetraffic.in/data/surveillance_cameras.v1.json,ODbL-1.0
node/11430510195,,12.9694298,77.7127779,16529,13301,True,public,camera,149,,2023-12-19T06:22:19Z,2026-09-09T04:20:20Z,candidate-public-outdoor,unknown,https://www.openstreetmap.org/node/11430510195,https://www.thetraffic.in/data/surveillance_cameras.v1.json,ODbL-1.0
node/11533457294,,12.9240309,77.6497817,16571,14126,True,public,camera,80,,2024-01-20T09:03:12Z,2026-09-09T04:20:20Z,candidate-public-outdoor,unknown,https://www.openstreetmap.org/node/11533457294,https://www.thetraffic.in/data/surveillance_cameras.v1.json,ODbL-1.0
node/11533457296,,12.924027,77.6497719,16571,14126,True,public,camera,235,,2024-01-20T09:03:12Z,2026-09-09T04:20:20Z,candidate-public-outdoor,unknown,https://www.openstreetmap.org/node/11533457296,https://www.thetraffic.in/data/surveillance_cameras.v1.json,ODbL-1.0
node/11533457295,,12.9240218,77.6497783,16572,14127,True,public,camera,170,,2024-01-20T09:03:12Z,2026-09-09T04:20:20Z,candidate-public-outdoor,unknown,https://www.openstreetmap.org/node/11533457295,https://www.thetraffic.in/data/surveillance_cameras.v1.json,ODbL-1.0
node/11532970388,,12.9239356,77.6497568,16580,14136,True,public,camera,63,,2024-01-20T04:01:57Z,2026-09-09T04:20:20Z,candidate-public-outdoor,unknown,https://www.openstreetmap.org/node/11532970388,https://www.thetraffic.in/data/surveillance_cameras.v1.json,ODbL-1.0
node/11533457297,,12.9239335,77.6497475,16580,14136,True,public,camera,270,,2024-01-20T09:03:12Z,2026-09-09T04:20:20Z,candidate-public-outdoor,unknown,https://www.openstreetmap.org/node/11533457297,https://www.thetraffic.in/data/surveillance_cameras.v1.json,ODbL-1.0
node/11532970389,,12.9239238,77.6497619,16581,14137,True,public,camera,161,,2024-01-20T04:01:57Z,2026-09-09T04:20:20Z,candidate-public-outdoor,unknown,https://www.openstreetmap.org/node/11532970389,https://www.thetraffic.in/data/surveillance_cameras.v1.json,ODbL-1.0
node/11532970390,,12.9239252,77.6497507,16581,14137,True,public,camera,,,2024-01-20T04:01:57Z,2026-09-09T04:20:20Z,candidate-public-outdoor,unknown,https://www.openstreetmap.org/node/11532970390,https://www.thetraffic.in/data/surveillance_cameras.v1.json,ODbL-1.0
node/11260041375,,12.9220004,77.6450926,16606,14240,True,public,camera,45,,2023-10-13T13:58:27Z,2026-09-09T04:20:20Z,candidate-public-outdoor,unknown,https://www.openstreetmap.org/node/11260041375,https://www.thetraffic.in/data/surveillance_cameras.v1.json,ODbL-1.0
node/11260041376,,12.9219879,77.6450798,16607,14241,True,public,camera,185,,2023-10-13T13:58:27Z,2026-09-09T04:20:20Z,candidate-public-outdoor,unknown,https://www.openstreetmap.org/node/11260041376,https://www.thetraffic.in/data/surveillance_cameras.v1.json,ODbL-1.0
node/11260041377,,12.9219776,77.6450969,16608,14243,True,public,camera,,,2023-10-13T13:58:27Z,2026-09-09T04:20:20Z,candidate-public-outdoor,unknown,https://www.openstreetmap.org/node/11260041377,https://www.thetraffic.in/data/surveillance_cameras.v1.json,ODbL-1.0
node/12050531247,,12.9634054,77.7086286,16619,13423,True,public,camera,238,,2024-07-13T07:31:16Z,2026-09-09T04:20:20Z,candidate-public-outdoor,unknown,https://www.openstreetmap.org/node/12050531247,https://www.thetraffic.in/data/surveillance_cameras.v1.json,ODbL-1.0
node/12050531248,,12.9633995,77.7086377,16621,13424,True,public,camera,90,,2024-07-13T07:31:16Z,2026-09-09T04:20:20Z,candidate-public-outdoor,unknown,https://www.openstreetmap.org/node/12050531248,https://www.thetraffic.in/data/surveillance_cameras.v1.json,ODbL-1.0
node/12050531249,,12.9634024,77.7086426,16621,13424,True,public,camera,170,,2024-07-13T07:31:16Z,2026-09-09T04:20:20Z,candidate-public-outdoor,unknown,https://www.openstreetmap.org/node/12050531249,https://www.thetraffic.in/data/surveillance_cameras.v1.json,ODbL-1.0
node/8240257780,,12.9380479,77.50954,16626,17080,True,outdoor,camera,,,2020-12-18T12:11:01Z,2026-09-09T04:20:20Z,candidate-public-outdoor,unknown,https://www.openstreetmap.org/node/8240257780,https://www.thetraffic.in/data/surveillance_cameras.v1.json,ODbL-1.0
node/11384926613,,12.924069,77.6516985,16644,14171,True,public,camera,189,,2023-11-30T05:08:08Z,2026-09-09T04:20:20Z,candidate-public-outdoor,unknown,https://www.openstreetmap.org/node/11384926613,https://www.thetraffic.in/data/surveillance_cameras.v1.json,ODbL-1.0
node/11384926614,,12.9240721,77.6517062,16644,14171,True,public,camera,57,,2023-11-30T05:08:08Z,2026-09-09T04:20:20Z,candidate-public-outdoor,unknown,https://www.openstreetmap.org/node/11384926614,https://www.thetraffic.in/data/surveillance_cameras.v1.json,ODbL-1.0
node/11384926615,,12.9240729,77.6516983,16644,14171,True,public,camera,,,2023-11-30T05:08:08Z,2026-09-09T04:20:20Z,candidate-public-outdoor,unknown,https://www.openstreetmap.org/node/11384926615,https://www.thetraffic.in/data/surveillance_cameras.v1.json,ODbL-1.0
node/6549820949,,12.9240872,77.6517619,16645,14171,True,public,camera,,2021-11-27,2021-11-27T11:25:46Z,2026-09-09T04:20:20Z,candidate-public-outdoor,unknown,https://www.openstreetmap.org/node/6549820949,https://www.thetraffic.in/data/surveillance_cameras.v1.json,ODbL-1.0
node/11640329788,,12.956964,77.7028332,16654,13507,True,public,camera,257,,2024-02-19T08:34:31Z,2026-09-09T04:20:20Z,candidate-public-outdoor,unknown,https://www.openstreetmap.org/node/11640329788,https://www.thetraffic.in/data/surveillance_cameras.v1.json,ODbL-1.0
node/11640329789,,12.9569644,77.7028381,16655,13508,True,public,camera,122,,2024-02-19T08:34:31Z,2026-09-09T04:20:20Z,candidate-public-outdoor,unknown,https://www.openstreetmap.org/node/11640329789,https://www.thetraffic.in/data/surveillance_cameras.v1.json,ODbL-1.0
node/11640329790,,12.9569582,77.7028361,16655,13508,True,public,camera,,,2024-02-19T08:34:31Z,2026-09-09T04:20:20Z,candidate-public-outdoor,unknown,https://www.openstreetmap.org/node/11640329790,https://www.thetraffic.in/data/surveillance_cameras.v1.json,ODbL-1.0
node/11640329791,,12.9569576,77.7028388,16655,13508,True,public,camera,,,2024-02-19T08:34:31Z,2026-09-09T04:20:20Z,candidate-public-outdoor,unknown,https://www.openstreetmap.org/node/11640329791,https://www.thetraffic.in/data/surveillance_cameras.v1.json,ODbL-1.0
node/6935371211,,12.9354109,77.5129216,16675,17039,True,public,camera,,,2019-10-31T16:34:22Z,2026-09-09T04:20:20Z,candidate-public-outdoor,unknown,https://www.openstreetmap.org/node/6935371211,https://www.thetraffic.in/data/surveillance_cameras.v1.json,ODbL-1.0
node/11399958958,,12.916555,77.6292554,16705,14617,True,public,camera,182,,2023-12-07T10:33:51Z,2026-09-09T04:20:20Z,candidate-public-outdoor,unknown,https://www.openstreetmap.org/node/11399958958,https://www.thetraffic.in/data/surveillance_cameras.v1.json,ODbL-1.0
node/11399958959,,12.9165615,77.6292695,16705,14617,True,public,camera,94,,2023-12-07T10:33:51Z,2026-09-09T04:20:20Z,candidate-public-outdoor,unknown,https://www.openstreetmap.org/node/11399958959,https://www.thetraffic.in/data/surveillance_cameras.v1.json,ODbL-1.0
node/11393371179,,12.916859,77.631722,16735,14604,True,public,camera,12,,2023-12-04T05:38:58Z,2026-09-09T04:20:20Z,candidate-public-outdoor,unknown,https://www.openstreetmap.org/node/11393371179,https://www.thetraffic.in/data/surveillance_cameras.v1.json,ODbL-1.0
node/11393371177,,12.9168527,77.631721,16736,14605,True,public,camera,274,,2023-12-04T05:38:58Z,2026-09-09T04:20:20Z,candidate-public-outdoor,unknown,https://www.openstreetmap.org/node/11393371177,https://www.thetraffic.in/data/surveillance_cameras.v1.json,ODbL-1.0
node/11393371178,,12.9168473,77.6317314,16737,14606,True,public,camera,97,,2023-12-04T05:38:58Z,2026-09-09T04:20:20Z,candidate-public-outdoor,unknown,https://www.openstreetmap.org/node/11393371178,https://www.thetraffic.in/data/surveillance_cameras.v1.json,ODbL-1.0
node/11430510194,,12.9676309,77.7140951,16765,13540,True,public,camera,,,2023-12-19T06:22:19Z,2026-09-09T04:20:20Z,candidate-public-outdoor,unknown,https://www.openstreetmap.org/node/11430510194,https://www.thetraffic.in/data/surveillance_cameras.v1.json,ODbL-1.0
node/11378171439,,12.9676273,77.7141002,16766,13540,True,,camera,100,,2023-11-26T17:53:40Z,2026-09-09T04:20:20Z,review-access-unknown,unknown,https://www.openstreetmap.org/node/11378171439,https://www.thetraffic.in/data/surveillance_cameras.v1.json,ODbL-1.0
node/11378171440,,12.9676336,77.7141039,16766,13540,True,,camera,301,,2023-11-26T17:53:40Z,2026-09-09T04:20:20Z,review-access-unknown,unknown,https://www.openstreetmap.org/node/11378171440,https://www.thetraffic.in/data/surveillance_cameras.v1.json,ODbL-1.0
node/11378171438,,12.9676286,77.7141082,16767,13541,True,,camera,185,,2023-11-26T17:53:40Z,2026-09-09T04:20:20Z,review-access-unknown,unknown,https://www.openstreetmap.org/node/11378171438,https://www.thetraffic.in/data/surveillance_cameras.v1.json,ODbL-1.0
node/11430510193,,12.9675478,77.7140896,16771,13545,True,public,camera,184,,2023-12-19T06:22:19Z,2026-09-09T04:20:20Z,candidate-public-outdoor,unknown,https://www.openstreetmap.org/node/11430510193,https://www.thetraffic.in/data/surveillance_cameras.v1.json,ODbL-1.0
node/11430510192,,12.9675408,77.7141235,16774,13549,True,public,camera,187,,2023-12-19T06:22:19Z,2026-09-09T04:20:20Z,candidate-public-outdoor,unknown,https://www.openstreetmap.org/node/11430510192,https://www.thetraffic.in/data/surveillance_cameras.v1.json,ODbL-1.0
node/11430510191,,12.9675434,77.7141306,16775,13549,True,public,camera,288,,2023-12-19T06:22:19Z,2026-09-09T04:20:20Z,candidate-public-outdoor,unknown,https://www.openstreetmap.org/node/11430510191,https://www.thetraffic.in/data/surveillance_cameras.v1.json,ODbL-1.0
node/11111107442,,12.921895,77.6515283,16861,14401,True,public,camera,0,,2023-08-13T05:47:27Z,2026-09-09T04:20:20Z,candidate-public-outdoor,unknown,https://www.openstreetmap.org/node/11111107442,https://www.thetraffic.in/data/surveillance_cameras.v1.json,ODbL-1.0
node/11111107443,,12.9218881,77.6515283,16862,14402,True,public,camera,180,,2023-08-13T05:47:27Z,2026-09-09T04:20:20Z,candidate-public-outdoor,unknown,https://www.openstreetmap.org/node/11111107443,https://www.thetraffic.in/data/surveillance_cameras.v1.json,ODbL-1.0
node/11111107444,,12.9218921,77.6515237,16862,14401,True,public,camera,,,2023-08-13T05:47:27Z,2026-09-09T04:20:20Z,candidate-public-outdoor,unknown,https://www.openstreetmap.org/node/11111107444,https://www.thetraffic.in/data/surveillance_cameras.v1.json,ODbL-1.0
node/12050490644,,12.9660763,77.7144536,16905,13683,True,public,camera,2,,2024-07-13T04:39:21Z,2026-09-09T04:20:20Z,candidate-public-outdoor,unknown,https://www.openstreetmap.org/node/12050490644,https://www.thetraffic.in/data/surveillance_cameras.v1.json,ODbL-1.0
node/12050490645,,12.9660417,77.7144637,16908,13686,True,public,camera,171,,2024-07-13T04:39:21Z,2026-09-09T04:20:20Z,candidate-public-outdoor,unknown,https://www.openstreetmap.org/node/12050490645,https://www.thetraffic.in/data/surveillance_cameras.v1.json,ODbL-1.0
node/11430510190,,12.9653042,77.7141377,16934,13715,True,public,camera,255,,2023-12-19T06:22:19Z,2026-09-09T04:20:20Z,candidate-public-outdoor,unknown,https://www.openstreetmap.org/node/11430510190,https://www.thetraffic.in/data/surveillance_cameras.v1.json,ODbL-1.0
node/12050487420,,12.9642406,77.7132252,16934,13721,True,private,camera,258,,2024-07-13T04:28:47Z,2026-09-09T04:20:20Z,excluded-private-or-indoor,unknown,https://www.openstreetmap.org/node/12050487420,https://www.thetraffic.in/data/surveillance_cameras.v1.json,ODbL-1.0
node/11259847528,,12.9141334,77.6286194,16952,14881,True,public,camera,270,,2023-10-13T11:39:51Z,2026-09-09T04:20:20Z,candidate-public-outdoor,unknown,https://www.openstreetmap.org/node/11259847528,https://www.thetraffic.in/data/surveillance_cameras.v1.json,ODbL-1.0
node/11259847529,,12.9141413,77.6286368,16952,14881,True,public,camera,3,,2023-10-13T11:39:51Z,2026-09-09T04:20:20Z,candidate-public-outdoor,unknown,https://www.openstreetmap.org/node/11259847529,https://www.thetraffic.in/data/surveillance_cameras.v1.json,ODbL-1.0
node/11259847530,,12.9141289,77.6286341,16953,14882,True,public,camera,90,,2023-10-13T11:39:51Z,2026-09-09T04:20:20Z,candidate-public-outdoor,unknown,https://www.openstreetmap.org/node/11259847530,https://www.thetraffic.in/data/surveillance_cameras.v1.json,ODbL-1.0
node/6433705424,,12.9102739,77.5952023,16964,15514,True,public,camera,,2023-11-01,2024-10-06T14:55:35Z,2026-09-09T04:20:20Z,candidate-public-outdoor,unknown,https://www.openstreetmap.org/node/6433705424,https://www.thetraffic.in/data/surveillance_cameras.v1.json,ODbL-1.0
node/11954025220,,12.9131278,77.6254061,16988,14975,True,outdoor,camera,6,,2024-06-03T15:35:37Z,2026-09-09T04:20:20Z,candidate-public-outdoor,unknown,https://www.openstreetmap.org/node/11954025220,https://www.thetraffic.in/data/surveillance_cameras.v1.json,ODbL-1.0
node/11954071741,,12.9131278,77.6254061,16988,14975,True,outdoor,camera,330,,2024-06-03T15:35:58Z,2026-09-09T04:20:20Z,candidate-public-outdoor,unknown,https://www.openstreetmap.org/node/11954071741,https://www.thetraffic.in/data/surveillance_cameras.v1.json,ODbL-1.0
node/11896492560,,12.9161674,77.6381212,16991,14758,True,,camera,,,2024-05-11T09:57:28Z,2026-09-09T04:20:20Z,review-access-unknown,unknown,https://www.openstreetmap.org/node/11896492560,https://www.thetraffic.in/data/surveillance_cameras.v1.json,ODbL-1.0
node/11896492559,,12.9161592,77.6381254,16992,14758,True,public,camera,76,,2024-05-11T09:57:28Z,2026-09-09T04:20:20Z,candidate-public-outdoor,unknown,https://www.openstreetmap.org/node/11896492559,https://www.thetraffic.in/data/surveillance_cameras.v1.json,ODbL-1.0
node/11896492561,,12.9161588,77.6381152,16992,14758,True,,camera,,,2024-05-11T09:57:28Z,2026-09-09T04:20:20Z,review-access-unknown,unknown,https://www.openstreetmap.org/node/11896492561,https://www.thetraffic.in/data/surveillance_cameras.v1.json,ODbL-1.0
node/13254536546,,12.9113801,77.5728144,16997,15995,True,public,camera,,,2025-10-24T16:26:47Z,2026-09-09T04:20:20Z,candidate-public-outdoor,unknown,https://www.openstreetmap.org/node/13254536546,https://www.thetraffic.in/data/surveillance_cameras.v1.json,ODbL-1.0
node/14021065172,,12.9128981,77.6250126,17005,14999,True,,camera,262,,2026-07-17T00:03:21Z,2026-09-09T04:20:20Z,review-access-unknown,unknown,https://www.openstreetmap.org/node/14021065172,https://www.thetraffic.in/data/surveillance_cameras.v1.json,ODbL-1.0
node/14021066847,,12.9128981,77.6250126,17005,14999,True,,camera,334,,2026-07-17T00:03:29Z,2026-09-09T04:20:20Z,review-access-unknown,unknown,https://www.openstreetmap.org/node/14021066847,https://www.thetraffic.in/data/surveillance_cameras.v1.json,ODbL-1.0
node/11533128569,,12.9196657,77.6493103,17006,14588,True,public,camera,350,,2024-01-20T04:50:09Z,2026-09-09T04:20:20Z,candidate-public-outdoor,unknown,https://www.openstreetmap.org/node/11533128569,https://www.thetraffic.in/data/surveillance_cameras.v1.json,ODbL-1.0
node/11533128570,,12.919658,77.649315,17007,14589,True,public,camera,108,,2024-01-20T04:50:09Z,2026-09-09T04:20:20Z,candidate-public-outdoor,unknown,https://www.openstreetmap.org/node/11533128570,https://www.thetraffic.in/data/surveillance_cameras.v1.json,ODbL-1.0
node/11533128571,,12.9196593,77.6493072,17007,14588,True,public,camera,230,,2024-01-20T04:50:09Z,2026-09-09T04:20:20Z,candidate-public-outdoor,unknown,https://www.openstreetmap.org/node/11533128571,https://www.thetraffic.in/data/surveillance_cameras.v1.json,ODbL-1.0
node/11430510189,,12.9628487,77.7132569,17037,13829,True,public,camera,,,2023-12-25T05:17:44Z,2026-09-09T04:20:20Z,candidate-public-outdoor,unknown,https://www.openstreetmap.org/node/11430510189,https://www.thetraffic.in/data/surveillance_cameras.v1.json,ODbL-1.0
node/12136881370,,12.9580007,77.7093664,17084,13905,True,public,camera,330,,2024-08-26T02:52:31Z,2026-09-09T04:20:20Z,candidate-public-outdoor,unknown,https://www.openstreetmap.org/node/12136881370,https://www.thetraffic.in/data/surveillance_cameras.v1.json,ODbL-1.0
node/12136881369,,12.9579646,77.7093729,17087,13908,True,public,camera,240,,2024-08-26T02:52:31Z,2026-09-09T04:20:20Z,candidate-public-outdoor,unknown,https://www.openstreetmap.org/node/12136881369,https://www.thetraffic.in/data/surveillance_cameras.v1.json,ODbL-1.0
node/11384926617,,12.9196639,77.651581,17094,14644,True,public,camera,358,,2023-11-30T05:08:08Z,2026-09-09T04:20:20Z,candidate-public-outdoor,unknown,https://www.openstreetmap.org/node/11384926617,https://www.thetraffic.in/data/surveillance_cameras.v1.json,ODbL-1.0
node/11384926619,,12.9196582,77.6515695,17094,14644,True,public,camera,272,,2023-11-30T05:08:08Z,2026-09-09T04:20:20Z,candidate-public-outdoor,unknown,https://www.openstreetmap.org/node/11384926619,https://www.thetraffic.in/data/surveillance_cameras.v1.json,ODbL-1.0
node/11384926616,,12.9196531,77.6515828,17096,14645,True,public,camera,178,,2023-11-30T05:08:08Z,2026-09-09T04:20:20Z,candidate-public-outdoor,unknown,https://www.openstreetmap.org/node/11384926616,https://www.thetraffic.in/data/surveillance_cameras.v1.json,ODbL-1.0
node/11384926618,,12.9196478,77.6515957,17097,14646,True,public,camera,89,,2023-11-30T05:08:08Z,2026-09-09T04:20:20Z,candidate-public-outdoor,unknown,https://www.openstreetmap.org/node/11384926618,https://www.thetraffic.in/data/surveillance_cameras.v1.json,ODbL-1.0
node/12706360451,,12.9113226,77.6258906,17195,15178,True,public,camera,343,,2025-03-28T02:36:47Z,2026-09-09T04:20:20Z,candidate-public-outdoor,unknown,https://www.openstreetmap.org/node/12706360451,https://www.thetraffic.in/data/surveillance_cameras.v1.json,ODbL-1.0
node/12706360452,,12.9113232,77.6258961,17195,15178,True,public,camera,,,2025-03-28T02:36:47Z,2026-09-09T04:20:20Z,candidate-public-outdoor,unknown,https://www.openstreetmap.org/node/12706360452,https://www.thetraffic.in/data/surveillance_cameras.v1.json,ODbL-1.0
node/12706360450,,12.9113161,77.625893,17196,15179,True,public,camera,142,,2025-03-28T02:36:47Z,2026-09-09T04:20:20Z,candidate-public-outdoor,unknown,https://www.openstreetmap.org/node/12706360450,https://www.thetraffic.in/data/surveillance_cameras.v1.json,ODbL-1.0
node/11423353914,,12.9560951,77.709089,17207,14037,True,public,camera,265,,2023-12-16T18:53:23Z,2026-09-09T04:20:20Z,candidate-public-outdoor,unknown,https://www.openstreetmap.org/node/11423353914,https://www.thetraffic.in/data/surveillance_cameras.v1.json,ODbL-1.0
node/11423353915,,12.9560983,77.7091098,17208,14038,True,public,camera,86,,2023-12-16T18:53:23Z,2026-09-09T04:20:20Z,candidate-public-outdoor,unknown,https://www.openstreetmap.org/node/11423353915,https://www.thetraffic.in/data/surveillance_cameras.v1.json,ODbL-1.0
node/12050495847,,12.964897,77.7171232,17212,13987,True,public,camera,,,2024-07-13T04:57:54Z,2026-09-09T04:20:20Z,candidate-public-outdoor,unknown,https://www.openstreetmap.org/node/12050495847,https://www.thetraffic.in/data/surveillance_cameras.v1.json,ODbL-1.0
node/12067253042,,12.9649581,77.7171778,17212,13987,True,public,camera,,,2024-07-22T03:20:56Z,2026-09-09T04:20:20Z,candidate-public-outdoor,unknown,https://www.openstreetmap.org/node/12067253042,https://www.thetraffic.in/data/surveillance_cameras.v1.json,ODbL-1.0
node/11259020865,,12.912394,77.6323856,17234,15105,True,traffic,camera,255,,2023-10-13T04:40:44Z,2026-09-09T04:20:20Z,candidate-public-outdoor,unknown,https://www.openstreetmap.org/node/11259020865,https://www.thetraffic.in/data/surveillance_cameras.v1.json,ODbL-1.0
node/11259020866,,12.9123913,77.632387,17235,15106,True,traffic,camera,79,,2023-10-13T04:40:44Z,2026-09-09T04:20:20Z,candidate-public-outdoor,unknown,https://www.openstreetmap.org/node/11259020866,https://www.thetraffic.in/data/surveillance_cameras.v1.json,ODbL-1.0
node/10967301626,,12.9619463,77.7152494,17267,14055,True,traffic,,,,2023-06-10T05:36:47Z,2026-09-09T04:20:20Z,excluded-non-camera,unknown,https://www.openstreetmap.org/node/10967301626,https://www.thetraffic.in/data/surveillance_cameras.v1.json,ODbL-1.0
node/11827253910,,12.9763899,77.7270453,17316,14054,True,public,camera,45,,2024-04-18T09:21:39Z,2026-09-09T04:20:20Z,candidate-public-outdoor,unknown,https://www.openstreetmap.org/node/11827253910,https://www.thetraffic.in/data/surveillance_cameras.v1.json,ODbL-1.0
node/11827253911,,12.9763887,77.7270401,17316,14054,True,public,camera,315,,2024-04-18T09:21:39Z,2026-09-09T04:20:20Z,candidate-public-outdoor,unknown,https://www.openstreetmap.org/node/11827253911,https://www.thetraffic.in/data/surveillance_cameras.v1.json,ODbL-1.0
node/11827253909,,12.9763824,77.7270457,17317,14055,True,public,camera,150,,2024-04-18T09:21:39Z,2026-09-09T04:20:20Z,candidate-public-outdoor,unknown,https://www.openstreetmap.org/node/11827253909,https://www.thetraffic.in/data/surveillance_cameras.v1.json,ODbL-1.0
node/11127600012,,12.9140274,77.6416002,17328,15048,True,public,camera,0,,2023-08-19T13:53:09Z,2026-09-09T04:20:20Z,candidate-public-outdoor,unknown,https://www.openstreetmap.org/node/11127600012,https://www.thetraffic.in/data/surveillance_cameras.v1.json,ODbL-1.0
node/11127600013,,12.9140242,77.6415981,17328,15048,True,public,camera,180,,2023-08-19T13:53:09Z,2026-09-09T04:20:20Z,candidate-public-outdoor,unknown,https://www.openstreetmap.org/node/11127600013,https://www.thetraffic.in/data/surveillance_cameras.v1.json,ODbL-1.0
node/11127600014,,12.9140248,77.641601,17328,15048,True,public,camera,90,,2023-08-19T13:53:09Z,2026-09-09T04:20:20Z,candidate-public-outdoor,unknown,https://www.openstreetmap.org/node/11127600014,https://www.thetraffic.in/data/surveillance_cameras.v1.json,ODbL-1.0
node/11127600015,,12.9140271,77.6415971,17328,15048,True,public,camera,270,,2023-08-19T13:53:09Z,2026-09-09T04:20:20Z,candidate-public-outdoor,unknown,https://www.openstreetmap.org/node/11127600015,https://www.thetraffic.in/data/surveillance_cameras.v1.json,ODbL-1.0
node/11835357783,,12.9231167,77.6652898,17345,14698,True,public,camera,10,,2024-04-21T17:18:27Z,2026-09-09T04:20:20Z,candidate-public-outdoor,unknown,https://www.openstreetmap.org/node/11835357783,https://www.thetraffic.in/data/surveillance_cameras.v1.json,ODbL-1.0
node/11835357784,,12.9231031,77.6652869,17346,14700,True,public,camera,,,2024-04-21T17:18:27Z,2026-09-09T04:20:20Z,candidate-public-outdoor,unknown,https://www.openstreetmap.org/node/11835357784,https://www.thetraffic.in/data/surveillance_cameras.v1.json,ODbL-1.0
node/11835357781,,12.923095,77.6652795,17347,14700,True,public,camera,270,,2024-04-21T17:18:27Z,2026-09-09T04:20:20Z,candidate-public-outdoor,unknown,https://www.openstreetmap.org/node/11835357781,https://www.thetraffic.in/data/surveillance_cameras.v1.json,ODbL-1.0
node/11835357782,,12.9230958,77.6652923,17347,14701,True,public,camera,170,,2024-04-21T17:18:27Z,2026-09-09T04:20:20Z,candidate-public-outdoor,unknown,https://www.openstreetmap.org/node/11835357782,https://www.thetraffic.in/data/surveillance_cameras.v1.json,ODbL-1.0
node/11835357780,,12.9230666,77.6652761,17349,14703,True,public,camera,100,,2024-04-21T17:18:27Z,2026-09-09T04:20:20Z,candidate-public-outdoor,unknown,https://www.openstreetmap.org/node/11835357780,https://www.thetraffic.in/data/surveillance_cameras.v1.json,ODbL-1.0
node/11896413806,,12.9433566,77.6977431,17395,14341,True,public,camera,,,2024-05-11T07:54:38Z,2026-09-09T04:20:20Z,candidate-public-outdoor,unknown,https://www.openstreetmap.org/node/11896413806,https://www.thetraffic.in/data/surveillance_cameras.v1.json,ODbL-1.0
node/11896413807,,12.9433674,77.6977517,17395,14341,True,public,camera,13,,2024-05-11T07:54:38Z,2026-09-09T04:20:20Z,candidate-public-outdoor,unknown,https://www.openstreetmap.org/node/11896413807,https://www.thetraffic.in/data/surveillance_cameras.v1.json,ODbL-1.0
node/6633301859,,12.9121905,77.6381503,17417,15196,True,public,camera,0,,2019-07-20T14:00:16Z,2026-09-09T04:20:20Z,candidate-public-outdoor,unknown,https://www.openstreetmap.org/node/6633301859,https://www.thetraffic.in/data/surveillance_cameras.v1.json,ODbL-1.0
node/6633301857,,12.912169,77.6381216,17419,15198,True,public,camera,,,2019-07-20T14:00:16Z,2026-09-09T04:20:20Z,candidate-public-outdoor,unknown,https://www.openstreetmap.org/node/6633301857,https://www.thetraffic.in/data/surveillance_cameras.v1.json,ODbL-1.0
node/6633301858,,12.9121561,77.6381194,17420,15200,True,public,camera,,,2019-07-20T14:00:16Z,2026-09-09T04:20:20Z,candidate-public-outdoor,unknown,https://www.openstreetmap.org/node/6633301858,https://www.thetraffic.in/data/surveillance_cameras.v1.json,ODbL-1.0
node/11240451817,,12.9606556,77.7164751,17461,14250,True,traffic,camera,0,,2023-10-05T05:30:49Z,2026-09-09T04:20:20Z,candidate-public-outdoor,unknown,https://www.openstreetmap.org/node/11240451817,https://www.thetraffic.in/data/surveillance_cameras.v1.json,ODbL-1.0
node/11003395607,,12.9606441,77.7164742,17462,14251,True,traffic,camera,90,,2023-10-05T05:30:49Z,2026-09-09T04:20:20Z,candidate-public-outdoor,unknown,https://www.openstreetmap.org/node/11003395607,https://www.thetraffic.in/data/surveillance_cameras.v1.json,ODbL-1.0
node/11240451816,,12.9606357,77.7164742,17462,14252,True,traffic,camera,180,,2023-10-05T05:30:49Z,2026-09-09T04:20:20Z,candidate-public-outdoor,unknown,https://www.openstreetmap.org/node/11240451816,https://www.thetraffic.in/data/surveillance_cameras.v1.json,ODbL-1.0
node/6544835368,,12.9091872,77.6276624,17467,15424,True,public,camera,,2024-07-06,2024-07-06T01:35:12Z,2026-09-09T04:20:20Z,candidate-public-outdoor,unknown,https://www.openstreetmap.org/node/6544835368,https://www.thetraffic.in/data/surveillance_cameras.v1.json,ODbL-1.0
node/11293127659,,12.9056382,77.5939138,17479,16046,True,,camera,,,2023-10-27T13:08:48Z,2026-09-09T04:20:20Z,review-access-unknown,unknown,https://www.openstreetmap.org/node/11293127659,https://www.thetraffic.in/data/surveillance_cameras.v1.json,ODbL-1.0
node/11293127660,,12.9056286,77.593923,17480,16047,True,,camera,,,2023-10-27T13:08:48Z,2026-09-09T04:20:20Z,review-access-unknown,unknown,https://www.openstreetmap.org/node/11293127660,https://www.thetraffic.in/data/surveillance_cameras.v1.json,ODbL-1.0
node/11293201587,,12.9056187,77.5939134,17481,16048,True,,camera,,,2023-10-27T13:08:48Z,2026-09-09T04:20:20Z,review-access-unknown,unknown,https://www.openstreetmap.org/node/11293201587,https://www.thetraffic.in/data/surveillance_cameras.v1.json,ODbL-1.0
node/10716020892,,12.9158391,77.6517702,17498,15062,True,public,camera,0;180;270;90,,2023-10-01T18:41:49Z,2026-09-09T04:20:20Z,candidate-public-outdoor,unknown,https://www.openstreetmap.org/node/10716020892,https://www.thetraffic.in/data/surveillance_cameras.v1.json,ODbL-1.0
node/13254536539,,12.9067709,77.5732833,17498,16466,True,traffic,camera,355,,2025-10-24T16:26:47Z,2026-09-09T04:20:20Z,candidate-public-outdoor,unknown,https://www.openstreetmap.org/node/13254536539,https://www.thetraffic.in/data/surveillance_cameras.v1.json,ODbL-1.0
node/13254536540,,12.9067731,77.5732974,17498,16465,True,traffic,camera,355,,2025-10-24T16:26:47Z,2026-09-09T04:20:20Z,candidate-public-outdoor,unknown,https://www.openstreetmap.org/node/13254536540,https://www.thetraffic.in/data/surveillance_cameras.v1.json,ODbL-1.0
node/13254536541,,12.9067753,77.5733149,17498,16464,True,traffic,camera,355,,2025-10-24T16:26:47Z,2026-09-09T04:20:20Z,candidate-public-outdoor,unknown,https://www.openstreetmap.org/node/13254536541,https://www.thetraffic.in/data/surveillance_cameras.v1.json,ODbL-1.0
node/13254536538,,12.9067689,77.5732635,17499,16466,True,traffic,camera,355,,2025-10-24T16:26:47Z,2026-09-09T04:20:20Z,candidate-public-outdoor,unknown,https://www.openstreetmap.org/node/13254536538,https://www.thetraffic.in/data/surveillance_cameras.v1.json,ODbL-1.0
node/12979176588,,12.9215575,77.6654942,17510,14869,True,,camera,173,,2025-07-05T04:51:57Z,2026-09-09T04:20:20Z,review-access-unknown,unknown,https://www.openstreetmap.org/node/12979176588,https://www.thetraffic.in/data/surveillance_cameras.v1.json,ODbL-1.0
node/12979176589,,12.921532,77.6654512,17511,14870,True,,camera,173,,2025-07-05T04:51:57Z,2026-09-09T04:20:20Z,review-access-unknown,unknown,https://www.openstreetmap.org/node/12979176589,https://www.thetraffic.in/data/surveillance_cameras.v1.json,ODbL-1.0
node/13254536542,,12.9066074,77.5730009,17520,16492,True,traffic,camera,280,,2025-10-24T16:26:47Z,2026-09-09T04:20:20Z,candidate-public-outdoor,unknown,https://www.openstreetmap.org/node/13254536542,https://www.thetraffic.in/data/surveillance_cameras.v1.json,ODbL-1.0
node/13254536531,,12.9065276,77.5735241,17522,16483,True,traffic,camera,270,,2025-10-24T16:26:47Z,2026-09-09T04:20:20Z,candidate-public-outdoor,unknown,https://www.openstreetmap.org/node/13254536531,https://www.thetraffic.in/data/surveillance_cameras.v1.json,ODbL-1.0
node/13254536543,,12.9065973,77.5729995,17522,16493,True,traffic,camera,280,,2025-10-24T16:26:47Z,2026-09-09T04:20:20Z,candidate-public-outdoor,unknown,https://www.openstreetmap.org/node/13254536543,https://www.thetraffic.in/data/surveillance_cameras.v1.json,ODbL-1.0
node/13254536544,,12.9065855,77.5729983,17523,16495,True,traffic,camera,280,,2025-10-24T16:26:47Z,2026-09-09T04:20:20Z,candidate-public-outdoor,unknown,https://www.openstreetmap.org/node/13254536544,https://www.thetraffic.in/data/surveillance_cameras.v1.json,ODbL-1.0
node/13254536530,,12.9065114,77.5735262,17524,16485,True,traffic,camera,270,,2025-10-24T16:26:47Z,2026-09-09T04:20:20Z,candidate-public-outdoor,unknown,https://www.openstreetmap.org/node/13254536530,https://www.thetraffic.in/data/surveillance_cameras.v1.json,ODbL-1.0
node/13254536545,,12.9065729,77.5729967,17524,16496,True,traffic,camera,280,,2025-10-24T16:26:47Z,2026-09-09T04:20:20Z,candidate-public-outdoor,unknown,https://www.openstreetmap.org/node/13254536545,https://www.thetraffic.in/data/surveillance_cameras.v1.json,ODbL-1.0
node/13254536529,,12.9064945,77.573527,17526,16487,True,traffic,camera,270,,2025-10-24T16:26:47Z,2026-09-09T04:20:20Z,candidate-public-outdoor,unknown,https://www.openstreetmap.org/node/13254536529,https://www.thetraffic.in/data/surveillance_cameras.v1.json,ODbL-1.0
node/11478245784,,12.9605589,77.7171994,17527,14315,True,public,camera,280,,2024-01-02T06:09:52Z,2026-09-09T04:20:20Z,candidate-public-outdoor,unknown,https://www.openstreetmap.org/node/11478245784,https://www.thetraffic.in/data/surveillance_cameras.v1.json,ODbL-1.0
node/11478245782,,12.96056,77.7172065,17528,14316,True,public,camera,88,,2024-01-02T06:09:52Z,2026-09-09T04:20:20Z,candidate-public-outdoor,unknown,https://www.openstreetmap.org/node/11478245782,https://www.thetraffic.in/data/surveillance_cameras.v1.json,ODbL-1.0
node/11478245783,,12.9605523,77.7172046,17528,14316,True,public,camera,192,,2024-01-02T06:09:52Z,2026-09-09T04:20:20Z,candidate-public-outdoor,unknown,https://www.openstreetmap.org/node/11478245783,https://www.thetraffic.in/data/surveillance_cameras.v1.json,ODbL-1.0
node/13254536528,,12.9064582,77.5734303,17531,16494,True,traffic,camera,90,,2025-10-24T16:26:47Z,2026-09-09T04:20:20Z,candidate-public-outdoor,unknown,https://www.openstreetmap.org/node/13254536528,https://www.thetraffic.in/data/surveillance_cameras.v1.json,ODbL-1.0
node/13254536527,,12.9064496,77.5734302,17532,16495,True,traffic,camera,90,,2025-10-24T16:26:47Z,2026-09-09T04:20:20Z,candidate-public-outdoor,unknown,https://www.openstreetmap.org/node/13254536527,https://www.thetraffic.in/data/surveillance_cameras.v1.json,ODbL-1.0
node/13254536526,,12.9064427,77.5734304,17533,16495,True,traffic,camera,90,,2025-10-24T16:26:47Z,2026-09-09T04:20:20Z,candidate-public-outdoor,unknown,https://www.openstreetmap.org/node/13254536526,https://www.thetraffic.in/data/surveillance_cameras.v1.json,ODbL-1.0
node/12998568328,,12.9208928,77.6645979,17534,14907,True,public,camera,290,,2025-07-14T05:34:49Z,2026-09-09T04:20:20Z,candidate-public-outdoor,unknown,https://www.openstreetmap.org/node/12998568328,https://www.thetraffic.in/data/surveillance_cameras.v1.json,ODbL-1.0
node/13254536525,,12.9064342,77.5734301,17534,16496,True,traffic,camera,90,,2025-10-24T16:26:47Z,2026-09-09T04:20:20Z,candidate-public-outdoor,unknown,https://www.openstreetmap.org/node/13254536525,https://www.thetraffic.in/data/surveillance_cameras.v1.json,ODbL-1.0
node/13254536524,,12.9064247,77.5734294,17535,16497,True,traffic,camera,90,,2025-10-24T16:26:47Z,2026-09-09T04:20:20Z,candidate-public-outdoor,unknown,https://www.openstreetmap.org/node/13254536524,https://www.thetraffic.in/data/surveillance_cameras.v1.json,ODbL-1.0
node/12998568329,,12.9208725,77.6645972,17536,14909,True,public,camera,110,,2025-07-14T05:34:49Z,2026-09-09T04:20:20Z,candidate-public-outdoor,unknown,https://www.openstreetmap.org/node/12998568329,https://www.thetraffic.in/data/surveillance_cameras.v1.json,ODbL-1.0
node/12998568327,,12.9208542,77.6645918,17538,14911,True,public,camera,290,,2025-07-14T05:34:49Z,2026-09-09T04:20:20Z,candidate-public-outdoor,unknown,https://www.openstreetmap.org/node/12998568327,https://www.thetraffic.in/data/surveillance_cameras.v1.json,ODbL-1.0
node/13254536533,,12.906255,77.5733555,17554,16518,True,traffic,camera,355,,2025-10-24T16:26:47Z,2026-09-09T04:20:20Z,candidate-public-outdoor,unknown,https://www.openstreetmap.org/node/13254536533,https://www.thetraffic.in/data/surveillance_cameras.v1.json,ODbL-1.0
node/13254536534,,12.9062564,77.5733627,17554,16517,True,traffic,camera,355,,2025-10-24T16:26:47Z,2026-09-09T04:20:20Z,candidate-public-outdoor,unknown,https://www.openstreetmap.org/node/13254536534,https://www.thetraffic.in/data/surveillance_cameras.v1.json,ODbL-1.0
node/13254536532,,12.9062521,77.5733377,17555,16519,True,traffic,camera,355,,2025-10-24T16:26:47Z,2026-09-09T04:20:20Z,candidate-public-outdoor,unknown,https://www.openstreetmap.org/node/13254536532,https://www.thetraffic.in/data/surveillance_cameras.v1.json,ODbL-1.0
node/13254536535,,12.9062579,77.5732563,17555,16521,True,traffic,camera,175,,2025-10-24T16:26:47Z,2026-09-09T04:20:20Z,candidate-public-outdoor,unknown,https://www.openstreetmap.org/node/13254536535,https://www.thetraffic.in/data/surveillance_cameras.v1.json,ODbL-1.0
node/13254536536,,12.9062558,77.5732444,17556,16521,True,traffic,camera,175,,2025-10-24T16:26:47Z,2026-09-09T04:20:20Z,candidate-public-outdoor,unknown,https://www.openstreetmap.org/node/13254536536,https://www.thetraffic.in/data/surveillance_cameras.v1.json,ODbL-1.0
node/13254536537,,12.906255,77.5732317,17556,16522,True,traffic,camera,175,,2025-10-24T16:26:47Z,2026-09-09T04:20:20Z,candidate-public-outdoor,unknown,https://www.openstreetmap.org/node/13254536537,https://www.thetraffic.in/data/surveillance_cameras.v1.json,ODbL-1.0
node/7276566941,,12.9210742,77.6657076,17569,14928,True,public,camera,,2022-10-05,2022-10-08T16:29:16Z,2026-09-09T04:20:20Z,candidate-public-outdoor,unknown,https://www.openstreetmap.org/node/7276566941,https://www.thetraffic.in/data/surveillance_cameras.v1.json,ODbL-1.0
node/11426656907,,12.9229623,77.6695583,17571,14875,True,public,camera,359,,2023-12-25T10:44:58Z,2026-09-09T04:20:20Z,candidate-public-outdoor,unknown,https://www.openstreetmap.org/node/11426656907,https://www.thetraffic.in/data/surveillance_cameras.v1.json,ODbL-1.0
node/11426656905,,12.9229535,77.6695542,17572,14876,True,public,camera,160,,2023-12-25T10:44:58Z,2026-09-09T04:20:20Z,candidate-public-outdoor,unknown,https://www.openstreetmap.org/node/11426656905,https://www.thetraffic.in/data/surveillance_cameras.v1.json,ODbL-1.0
node/11426656906,,12.9229555,77.6695623,17572,14876,True,public,camera,241,,2023-12-25T10:44:58Z,2026-09-09T04:20:20Z,candidate-public-outdoor,unknown,https://www.openstreetmap.org/node/11426656906,https://www.thetraffic.in/data/surveillance_cameras.v1.json,ODbL-1.0
node/6549820950,,12.9206594,77.6653305,17592,14958,True,public,camera,,2021-11-28,2021-11-29T04:44:45Z,2026-09-09T04:20:20Z,candidate-public-outdoor,unknown,https://www.openstreetmap.org/node/6549820950,https://www.thetraffic.in/data/surveillance_cameras.v1.json,ODbL-1.0
node/9828511706,,12.9209247,77.6659042,17593,14950,True,public,camera,-75,,2022-06-18T15:33:15Z,2026-09-09T04:20:20Z,candidate-public-outdoor,unknown,https://www.openstreetmap.org/node/9828511706,https://www.thetraffic.in/data/surveillance_cameras.v1.json,ODbL-1.0
node/11640131309,,12.9205533,77.6655603,17614,14977,True,public,camera,354,,2024-02-19T08:11:06Z,2026-09-09T04:20:20Z,candidate-public-outdoor,unknown,https://www.openstreetmap.org/node/11640131309,https://www.thetraffic.in/data/surveillance_cameras.v1.json,ODbL-1.0
node/11640131310,,12.9205533,77.6655603,17614,14977,True,public,camera,69,,2024-02-19T08:11:06Z,2026-09-09T04:20:20Z,candidate-public-outdoor,unknown,https://www.openstreetmap.org/node/11640131310,https://www.thetraffic.in/data/surveillance_cameras.v1.json,ODbL-1.0
node/11640131311,,12.9205424,77.6655551,17615,14978,True,public,camera,242,,2024-02-19T08:11:06Z,2026-09-09T04:20:20Z,candidate-public-outdoor,unknown,https://www.openstreetmap.org/node/11640131311,https://www.thetraffic.in/data/surveillance_cameras.v1.json,ODbL-1.0
node/11510225113,,12.9590982,77.7170294,17619,14412,True,public,camera,8,,2024-01-12T06:02:41Z,2026-09-09T04:20:20Z,candidate-public-outdoor,unknown,https://www.openstreetmap.org/node/11510225113,https://www.thetraffic.in/data/surveillance_cameras.v1.json,ODbL-1.0
node/11510225112,,12.9590949,77.7170308,17620,14412,True,public,camera,39,,2024-01-12T06:02:41Z,2026-09-09T04:20:20Z,candidate-public-outdoor,unknown,https://www.openstreetmap.org/node/11510225112,https://www.thetraffic.in/data/surveillance_cameras.v1.json,ODbL-1.0
node/6633297800,,12.9121413,77.6446517,17628,15309,True,public,camera,0,2021-11-30,2021-11-30T09:33:54Z,2026-09-09T04:20:20Z,candidate-public-outdoor,unknown,https://www.openstreetmap.org/node/6633297800,https://www.thetraffic.in/data/surveillance_cameras.v1.json,ODbL-1.0
node/6633297803,,12.91214,77.6446222,17628,15309,True,public,camera,270,2021-11-30,2021-11-30T09:33:55Z,2026-09-09T04:20:20Z,candidate-public-outdoor,unknown,https://www.openstreetmap.org/node/6633297803,https://www.thetraffic.in/data/surveillance_cameras.v1.json,ODbL-1.0
node/12484325077,,12.9204551,77.6656777,17629,14992,True,,camera,300,,2025-01-08T12:26:45Z,2026-09-09T04:20:20Z,review-access-unknown,unknown,https://www.openstreetmap.org/node/12484325077,https://www.thetraffic.in/data/surveillance_cameras.v1.json,ODbL-1.0
node/6633297802,,12.9121073,77.6446249,17631,15312,True,public,camera,180,2021-11-28,2021-11-29T04:45:48Z,2026-09-09T04:20:20Z,candidate-public-outdoor,unknown,https://www.openstreetmap.org/node/6633297802,https://www.thetraffic.in/data/surveillance_cameras.v1.json,ODbL-1.0
node/12484325076,,12.9204368,77.6656716,17631,14993,True,,camera,300,,2025-01-08T12:26:45Z,2026-09-09T04:20:20Z,review-access-unknown,unknown,https://www.openstreetmap.org/node/12484325076,https://www.thetraffic.in/data/surveillance_cameras.v1.json,ODbL-1.0
node/6633297801,,12.9121099,77.6446531,17632,15313,True,public,camera,90,2021-11-30,2021-11-30T09:33:55Z,2026-09-09T04:20:20Z,candidate-public-outdoor,unknown,https://www.openstreetmap.org/node/6633297801,https://www.thetraffic.in/data/surveillance_cameras.v1.json,ODbL-1.0
node/12484325075,,12.9204156,77.6656644,17632,14995,True,,camera,300,,2025-01-08T12:26:45Z,2026-09-09T04:20:20Z,review-access-unknown,unknown,https://www.openstreetmap.org/node/12484325075,https://www.thetraffic.in/data/surveillance_cameras.v1.json,ODbL-1.0
node/12484325083,,12.9204262,77.665668,17632,14994,True,,camera,,,2025-01-08T12:26:45Z,2026-09-09T04:20:20Z,review-access-unknown,unknown,https://www.openstreetmap.org/node/12484325083,https://www.thetraffic.in/data/surveillance_cameras.v1.json,ODbL-1.0
node/12484325078,,12.9203816,77.665653,17635,14998,True,,camera,110,,2025-01-08T12:26:45Z,2026-09-09T04:20:20Z,review-access-unknown,unknown,https://www.openstreetmap.org/node/12484325078,https://www.thetraffic.in/data/surveillance_cameras.v1.json,ODbL-1.0
node/12484325079,,12.9203612,77.6656461,17637,15000,True,,camera,110,,2025-01-08T12:26:45Z,2026-09-09T04:20:20Z,review-access-unknown,unknown,https://www.openstreetmap.org/node/12484325079,https://www.thetraffic.in/data/surveillance_cameras.v1.json,ODbL-1.0
node/12484325080,,12.9203479,77.6656416,17638,15001,True,,camera,110,,2025-01-08T12:26:45Z,2026-09-09T04:20:20Z,review-access-unknown,unknown,https://www.openstreetmap.org/node/12484325080,https://www.thetraffic.in/data/surveillance_cameras.v1.json,ODbL-1.0
node/12484325081,,12.9203272,77.6656347,17640,15003,True,,camera,110,,2025-01-08T12:26:45Z,2026-09-09T04:20:20Z,review-access-unknown,unknown,https://www.openstreetmap.org/node/12484325081,https://www.thetraffic.in/data/surveillance_cameras.v1.json,ODbL-1.0
node/12484325082,,12.9203073,77.665628,17641,15005,True,,camera,110,,2025-01-08T12:26:45Z,2026-09-09T04:20:20Z,review-access-unknown,unknown,https://www.openstreetmap.org/node/12484325082,https://www.thetraffic.in/data/surveillance_cameras.v1.json,ODbL-1.0
node/6924201679,,12.9077236,77.6284968,17645,15592,True,public,camera,,2024-07-06,2024-07-06T01:35:24Z,2026-09-09T04:20:20Z,candidate-public-outdoor,unknown,https://www.openstreetmap.org/node/6924201679,https://www.thetraffic.in/data/surveillance_cameras.v1.json,ODbL-1.0
node/11259079670,,12.9561146,77.7146474,17647,14457,True,traffic,camera,101,,2023-10-13T06:16:43Z,2026-09-09T04:20:20Z,candidate-public-outdoor,unknown,https://www.openstreetmap.org/node/11259079670,https://www.thetraffic.in/data/surveillance_cameras.v1.json,ODbL-1.0
node/11259079671,,12.9561146,77.7146474,17647,14457,True,traffic,camera,191,,2023-10-13T06:16:43Z,2026-09-09T04:20:20Z,candidate-public-outdoor,unknown,https://www.openstreetmap.org/node/11259079671,https://www.thetraffic.in/data/surveillance_cameras.v1.json,ODbL-1.0
node/11260020601,,12.9276016,77.679344,17647,14824,True,public,camera,355,,2023-10-13T13:17:37Z,2026-09-09T04:20:20Z,candidate-public-outdoor,unknown,https://www.openstreetmap.org/node/11260020601,https://www.thetraffic.in/data/surveillance_cameras.v1.json,ODbL-1.0
node/11259079669,,12.9561152,77.7146655,17648,14458,True,traffic,camera,268,,2023-10-13T06:16:43Z,2026-09-09T04:20:20Z,candidate-public-outdoor,unknown,https://www.openstreetmap.org/node/11259079669,https://www.thetraffic.in/data/surveillance_cameras.v1.json,ODbL-1.0
node/11260020602,,12.9275818,77.6793364,17648,14826,True,public,camera,235,,2023-10-13T13:17:37Z,2026-09-09T04:20:20Z,candidate-public-outdoor,unknown,https://www.openstreetmap.org/node/11260020602,https://www.thetraffic.in/data/surveillance_cameras.v1.json,ODbL-1.0
node/11260020603,,12.9275901,77.6793507,17648,14826,True,public,camera,75,,2023-10-13T13:17:37Z,2026-09-09T04:20:20Z,candidate-public-outdoor,unknown,https://www.openstreetmap.org/node/11260020603,https://www.thetraffic.in/data/surveillance_cameras.v1.json,ODbL-1.0
node/11259079668,,12.9561285,77.7146869,17649,14459,True,traffic,camera,,,2023-10-13T06:16:43Z,2026-09-09T04:20:20Z,candidate-public-outdoor,unknown,https://www.openstreetmap.org/node/11259079668,https://www.thetraffic.in/data/surveillance_cameras.v1.json,ODbL-1.0
node/13324222742,,12.9346232,77.6905432,17676,14718,True,,,,,2025-11-22T14:49:00Z,2026-09-09T04:20:20Z,excluded-non-camera,unknown,https://www.openstreetmap.org/node/13324222742,https://www.thetraffic.in/data/surveillance_cameras.v1.json,ODbL-1.0
node/10861505074,,12.9557651,77.7147456,17681,14492,True,traffic,camera,180,,2023-05-02T03:29:17Z,2026-09-09T04:20:20Z,candidate-public-outdoor,unknown,https://www.openstreetmap.org/node/10861505074,https://www.thetraffic.in/data/surveillance_cameras.v1.json,ODbL-1.0
node/10861505072,,12.9557535,77.7148274,17688,14499,True,traffic,camera,25,,2023-05-02T03:29:17Z,2026-09-09T04:20:20Z,candidate-public-outdoor,unknown,https://www.openstreetmap.org/node/10861505072,https://www.thetraffic.in/data/surveillance_cameras.v1.json,ODbL-1.0
node/10861505073,,12.9557525,77.7148503,17690,14501,True,traffic,camera,90,,2023-05-02T03:29:17Z,2026-09-09T04:20:20Z,candidate-public-outdoor,unknown,https://www.openstreetmap.org/node/10861505073,https://www.thetraffic.in/data/surveillance_cameras.v1.json,ODbL-1.0
node/6544048585,,12.907045,77.6287929,17726,15669,True,public,camera,,2024-12-07,2024-12-07T15:22:29Z,2026-09-09T04:20:20Z,candidate-public-outdoor,unknown,https://www.openstreetmap.org/node/6544048585,https://www.thetraffic.in/data/surveillance_cameras.v1.json,ODbL-1.0
node/9858668213,,12.906568,77.629479,17793,15727,True,public,camera,,2022-06-26,2022-06-30T17:43:32Z,2026-09-09T04:20:20Z,candidate-public-outdoor,unknown,https://www.openstreetmap.org/node/9858668213,https://www.thetraffic.in/data/surveillance_cameras.v1.json,ODbL-1.0
node/11590860475,,12.9603489,77.7203333,17802,14582,True,public,camera,185,,2024-02-06T04:41:03Z,2026-09-09T04:20:20Z,candidate-public-outdoor,unknown,https://www.openstreetmap.org/node/11590860475,https://www.thetraffic.in/data/surveillance_cameras.v1.json,ODbL-1.0
node/11590860476,,12.9603486,77.7203441,17803,14583,True,public,camera,272,,2024-02-06T04:41:03Z,2026-09-09T04:20:20Z,candidate-public-outdoor,unknown,https://www.openstreetmap.org/node/11590860476,https://www.thetraffic.in/data/surveillance_cameras.v1.json,ODbL-1.0
node/11590860474,,12.9603521,77.7203552,17804,14584,True,public,camera,134,,2024-02-06T04:41:03Z,2026-09-09T04:20:20Z,candidate-public-outdoor,unknown,https://www.openstreetmap.org/node/11590860474,https://www.thetraffic.in/data/surveillance_cameras.v1.json,ODbL-1.0
node/11088600756,,12.9118434,77.6490747,17814,15433,True,public,camera,270,,2023-08-04T06:51:45Z,2026-09-09T04:20:20Z,candidate-public-outdoor,unknown,https://www.openstreetmap.org/node/11088600756,https://www.thetraffic.in/data/surveillance_cameras.v1.json,ODbL-1.0
node/11088600754,,12.9118421,77.6490945,17815,15433,True,public,camera,0,,2023-08-04T06:51:45Z,2026-09-09T04:20:20Z,candidate-public-outdoor,unknown,https://www.openstreetmap.org/node/11088600754,https://www.thetraffic.in/data/surveillance_cameras.v1.json,ODbL-1.0
node/11088600755,,12.9118447,77.6491117,17816,15433,True,public,camera,90,,2023-08-04T06:51:45Z,2026-09-09T04:20:20Z,candidate-public-outdoor,unknown,https://www.openstreetmap.org/node/11088600755,https://www.thetraffic.in/data/surveillance_cameras.v1.json,ODbL-1.0
node/11088600757,,12.9118241,77.6490932,17817,15435,True,public,camera,180,,2023-08-04T06:51:45Z,2026-09-09T04:20:20Z,candidate-public-outdoor,unknown,https://www.openstreetmap.org/node/11088600757,https://www.thetraffic.in/data/surveillance_cameras.v1.json,ODbL-1.0
node/9858668170,,12.9118138,77.6497237,17841,15450,True,outdoor,camera,,2022-06-26,2022-06-30T17:43:32Z,2026-09-09T04:20:20Z,candidate-public-outdoor,unknown,https://www.openstreetmap.org/node/9858668170,https://www.thetraffic.in/data/surveillance_cameras.v1.json,ODbL-1.0
node/11510225108,,12.9590681,77.719869,17855,14640,True,public,camera,100,,2024-01-12T06:02:41Z,2026-09-09T04:20:20Z,candidate-public-outdoor,unknown,https://www.openstreetmap.org/node/11510225108,https://www.thetraffic.in/data/surveillance_cameras.v1.json,ODbL-1.0
node/11510225109,,12.9590691,77.7198634,17855,14640,True,public,camera,219,,2024-01-12T06:02:41Z,2026-09-09T04:20:20Z,candidate-public-outdoor,unknown,https://www.openstreetmap.org/node/11510225109,https://www.thetraffic.in/data/surveillance_cameras.v1.json,ODbL-1.0
node/11510225107,,12.9590703,77.7198751,17856,14641,True,public,camera,4,,2024-01-12T06:02:41Z,2026-09-09T04:20:20Z,candidate-public-outdoor,unknown,https://www.openstreetmap.org/node/11510225107,https://www.thetraffic.in/data/surveillance_cameras.v1.json,ODbL-1.0
node/11510225110,,12.9590639,77.7198688,17856,14641,True,public,camera,266,,2024-01-12T06:02:41Z,2026-09-09T04:20:20Z,candidate-public-outdoor,unknown,https://www.openstreetmap.org/node/11510225110,https://www.thetraffic.in/data/surveillance_cameras.v1.json,ODbL-1.0
node/10861505075,,12.9557943,77.7172111,17877,14680,True,traffic,camera,270,,2023-05-02T03:29:17Z,2026-09-09T04:20:20Z,candidate-public-outdoor,unknown,https://www.openstreetmap.org/node/10861505075,https://www.thetraffic.in/data/surveillance_cameras.v1.json,ODbL-1.0
node/10824281800,,12.9225967,77.6756584,17923,15164,True,public,camera,270,,2023-04-19T12:34:10Z,2026-09-09T04:20:20Z,candidate-public-outdoor,unknown,https://www.openstreetmap.org/node/10824281800,https://www.thetraffic.in/data/surveillance_cameras.v1.json,ODbL-1.0
node/10824281799,,12.9225941,77.6756793,17925,15165,True,public,camera,0,,2023-04-19T12:34:10Z,2026-09-09T04:20:20Z,candidate-public-outdoor,unknown,https://www.openstreetmap.org/node/10824281799,https://www.thetraffic.in/data/surveillance_cameras.v1.json,ODbL-1.0
node/10824281801,,12.9225839,77.6756962,17927,15167,True,public,camera,120,,2023-04-19T12:34:10Z,2026-09-09T04:20:20Z,candidate-public-outdoor,unknown,https://www.openstreetmap.org/node/10824281801,https://www.thetraffic.in/data/surveillance_cameras.v1.json,ODbL-1.0
node/12308546529,,12.9603209,77.7226913,18001,14776,True,public,camera,14,,2026-04-04T17:04:33Z,2026-09-09T04:20:20Z,candidate-public-outdoor,unknown,https://www.openstreetmap.org/node/12308546529,https://www.thetraffic.in/data/surveillance_cameras.v1.json,ODbL-1.0
node/12308546527,,12.9603174,77.7227033,18002,14777,True,public,camera,101,,2026-04-04T17:04:33Z,2026-09-09T04:20:20Z,candidate-public-outdoor,unknown,https://www.openstreetmap.org/node/12308546527,https://www.thetraffic.in/data/surveillance_cameras.v1.json,ODbL-1.0
node/12308546528,,12.9603122,77.7226901,18002,14777,True,public,camera,267,,2026-04-04T17:04:33Z,2026-09-09T04:20:20Z,candidate-public-outdoor,unknown,https://www.openstreetmap.org/node/12308546528,https://www.thetraffic.in/data/surveillance_cameras.v1.json,ODbL-1.0
node/12308546530,,12.9603069,77.7226967,18003,14777,True,public,camera,186,,2026-04-04T17:04:33Z,2026-09-09T04:20:20Z,candidate-public-outdoor,unknown,https://www.openstreetmap.org/node/12308546530,https://www.thetraffic.in/data/surveillance_cameras.v1.json,ODbL-1.0
node/11420207342,,12.9589791,77.7219499,18034,14815,True,public,camera,265,,2023-12-15T12:41:54Z,2026-09-09T04:20:20Z,candidate-public-outdoor,unknown,https://www.openstreetmap.org/node/11420207342,https://www.thetraffic.in/data/surveillance_cameras.v1.json,ODbL-1.0
node/11420207344,,12.9589793,77.7219608,18035,14815,True,public,camera,6,,2023-12-15T12:41:54Z,2026-09-09T04:20:20Z,candidate-public-outdoor,unknown,https://www.openstreetmap.org/node/11420207344,https://www.thetraffic.in/data/surveillance_cameras.v1.json,ODbL-1.0
node/11420207343,,12.95897,77.7219605,18036,14816,True,public,camera,176,,2023-12-15T12:41:54Z,2026-09-09T04:20:20Z,candidate-public-outdoor,unknown,https://www.openstreetmap.org/node/11420207343,https://www.thetraffic.in/data/surveillance_cameras.v1.json,ODbL-1.0
node/12306443990,,12.9601802,77.7241945,18137,14909,True,public,camera,4,,2024-11-02T03:22:15Z,2026-09-09T04:20:20Z,candidate-public-outdoor,unknown,https://www.openstreetmap.org/node/12306443990,https://www.thetraffic.in/data/surveillance_cameras.v1.json,ODbL-1.0
node/12306443991,,12.960167,77.7241754,18137,14909,True,public,camera,276,,2024-11-02T03:22:15Z,2026-09-09T04:20:20Z,candidate-public-outdoor,unknown,https://www.openstreetmap.org/node/12306443991,https://www.thetraffic.in/data/surveillance_cameras.v1.json,ODbL-1.0
node/12306443989,,12.9601662,77.7241937,18138,14910,True,public,camera,180,,2024-11-02T03:22:15Z,2026-09-09T04:20:20Z,candidate-public-outdoor,unknown,https://www.openstreetmap.org/node/12306443989,https://www.thetraffic.in/data/surveillance_cameras.v1.json,ODbL-1.0
node/11355554489,,12.9087879,77.649394,18146,15772,True,public,camera,219,,2023-11-16T12:39:21Z,2026-09-09T04:20:20Z,candidate-public-outdoor,unknown,https://www.openstreetmap.org/node/11355554489,https://www.thetraffic.in/data/surveillance_cameras.v1.json,ODbL-1.0
node/11397742481,,12.9087923,77.6493927,18146,15772,True,public,camera,353,,2023-12-06T11:45:58Z,2026-09-09T04:20:20Z,candidate-public-outdoor,unknown,https://www.openstreetmap.org/node/11397742481,https://www.thetraffic.in/data/surveillance_cameras.v1.json,ODbL-1.0
node/12248558160,,12.9556733,77.72044,18148,14942,True,public,camera,,,2024-10-13T16:06:00Z,2026-09-09T04:20:20Z,candidate-public-outdoor,unknown,https://www.openstreetmap.org/node/12248558160,https://www.thetraffic.in/data/surveillance_cameras.v1.json,ODbL-1.0
node/11088604983,,12.908716,77.649298,18150,15778,True,public,camera,0,,2023-08-04T06:54:40Z,2026-09-09T04:20:20Z,candidate-public-outdoor,unknown,https://www.openstreetmap.org/node/11088604983,https://www.thetraffic.in/data/surveillance_cameras.v1.json,ODbL-1.0
node/11088604984,,12.9087137,77.649301,18151,15778,True,public,camera,90,,2023-08-04T06:54:40Z,2026-09-09T04:20:20Z,candidate-public-outdoor,unknown,https://www.openstreetmap.org/node/11088604984,https://www.thetraffic.in/data/surveillance_cameras.v1.json,ODbL-1.0
node/11088604985,,12.9087121,77.6492982,18151,15778,True,public,camera,180,,2023-08-04T06:54:40Z,2026-09-09T04:20:20Z,candidate-public-outdoor,unknown,https://www.openstreetmap.org/node/11088604985,https://www.thetraffic.in/data/surveillance_cameras.v1.json,ODbL-1.0
node/11088604986,,12.9087139,77.6492956,18151,15778,True,public,camera,270,,2023-08-04T06:54:40Z,2026-09-09T04:20:20Z,candidate-public-outdoor,unknown,https://www.openstreetmap.org/node/11088604986,https://www.thetraffic.in/data/surveillance_cameras.v1.json,ODbL-1.0
node/13168008139,,12.9084911,77.5385641,18185,17814,True,public,camera,,,2025-09-24T17:38:37Z,2026-09-09T04:20:20Z,candidate-public-outdoor,unknown,https://www.openstreetmap.org/node/13168008139,https://www.thetraffic.in/data/surveillance_cameras.v1.json,ODbL-1.0
node/13706213068,,12.959119,77.7240483,18200,14975,True,public,camera,0,,2026-04-04T17:04:33Z,2026-09-09T04:20:20Z,candidate-public-outdoor,unknown,https://www.openstreetmap.org/node/13706213068,https://www.thetraffic.in/data/surveillance_cameras.v1.json,ODbL-1.0
node/11465440781,,12.955827,77.7212253,18201,14993,True,public,camera,272,,2023-12-29T11:25:25Z,2026-09-09T04:20:20Z,candidate-public-outdoor,unknown,https://www.openstreetmap.org/node/11465440781,https://www.thetraffic.in/data/surveillance_cameras.v1.json,ODbL-1.0
node/11465440780,,12.955827,77.7212344,18202,14993,True,public,camera,109,,2023-12-29T11:25:25Z,2026-09-09T04:20:20Z,candidate-public-outdoor,unknown,https://www.openstreetmap.org/node/11465440780,https://www.thetraffic.in/data/surveillance_cameras.v1.json,ODbL-1.0
node/11451833881,,12.9557638,77.7218033,18253,15043,True,public,camera,5,,2023-12-25T10:17:32Z,2026-09-09T04:20:20Z,candidate-public-outdoor,unknown,https://www.openstreetmap.org/node/11451833881,https://www.thetraffic.in/data/surveillance_cameras.v1.json,ODbL-1.0
node/11451833879,,12.9557532,77.7218019,18254,15044,True,public,camera,279,,2023-12-25T10:17:32Z,2026-09-09T04:20:20Z,candidate-public-outdoor,unknown,https://www.openstreetmap.org/node/11451833879,https://www.thetraffic.in/data/surveillance_cameras.v1.json,ODbL-1.0
node/11451833880,,12.95576,77.7218121,18254,15044,True,public,camera,87,,2023-12-25T10:17:32Z,2026-09-09T04:20:20Z,candidate-public-outdoor,unknown,https://www.openstreetmap.org/node/11451833880,https://www.thetraffic.in/data/surveillance_cameras.v1.json,ODbL-1.0
node/11451806980,,12.9557528,77.7218729,18260,15050,True,public,camera,,,2023-12-25T10:18:28Z,2026-09-09T04:20:20Z,candidate-public-outdoor,unknown,https://www.openstreetmap.org/node/11451806980,https://www.thetraffic.in/data/surveillance_cameras.v1.json,ODbL-1.0
node/11038567682,,12.9170445,77.6734652,18350,15643,True,public,camera,280,,2023-07-11T06:03:11Z,2026-09-09T04:20:20Z,candidate-public-outdoor,unknown,https://www.openstreetmap.org/node/11038567682,https://www.thetraffic.in/data/surveillance_cameras.v1.json,ODbL-1.0
node/11038567683,,12.9170329,77.6734815,18352,15645,True,public,camera,200,,2023-07-11T06:03:11Z,2026-09-09T04:20:20Z,candidate-public-outdoor,unknown,https://www.openstreetmap.org/node/11038567683,https://www.thetraffic.in/data/surveillance_cameras.v1.json,ODbL-1.0
node/13426509323,,12.9050163,77.5433303,18389,17906,True,public,camera,330,,2026-01-02T12:32:36Z,2026-09-09T04:20:20Z,candidate-public-outdoor,unknown,https://www.openstreetmap.org/node/13426509323,https://www.thetraffic.in/data/surveillance_cameras.v1.json,ODbL-1.0
node/13426509324,,12.905019,77.5433374,18389,17905,True,public,camera,,,2026-01-02T12:32:36Z,2026-09-09T04:20:20Z,candidate-public-outdoor,unknown,https://www.openstreetmap.org/node/13426509324,https://www.thetraffic.in/data/surveillance_cameras.v1.json,ODbL-1.0
node/13426509325,,12.9050122,77.54334,18390,17906,True,public,camera,140,,2026-01-02T12:32:36Z,2026-09-09T04:20:20Z,candidate-public-outdoor,unknown,https://www.openstreetmap.org/node/13426509325,https://www.thetraffic.in/data/surveillance_cameras.v1.json,ODbL-1.0
node/11262416445,,12.9559484,77.7246008,18471,15253,True,public,camera,188,,2023-10-15T06:43:38Z,2026-09-09T04:20:20Z,candidate-public-outdoor,unknown,https://www.openstreetmap.org/node/11262416445,https://www.thetraffic.in/data/surveillance_cameras.v1.json,ODbL-1.0
node/11262416446,,12.9559564,77.7246088,18471,15253,True,public,camera,,,2023-10-15T06:43:38Z,2026-09-09T04:20:20Z,candidate-public-outdoor,unknown,https://www.openstreetmap.org/node/11262416446,https://www.thetraffic.in/data/surveillance_cameras.v1.json,ODbL-1.0
node/11262416444,,12.9559485,77.7246115,18472,15254,True,public,camera,264,,2023-10-15T06:43:38Z,2026-09-09T04:20:20Z,candidate-public-outdoor,unknown,https://www.openstreetmap.org/node/11262416444,https://www.thetraffic.in/data/surveillance_cameras.v1.json,ODbL-1.0
node/11827225934,,12.9694637,77.7354482,18502,15241,True,public,camera,,,2024-04-18T09:21:39Z,2026-09-09T04:20:20Z,candidate-public-outdoor,unknown,https://www.openstreetmap.org/node/11827225934,https://www.thetraffic.in/data/surveillance_cameras.v1.json,ODbL-1.0
node/11827225932,,12.9693372,77.7355557,18519,15259,True,public,camera,0,,2024-04-18T09:21:39Z,2026-09-09T04:20:20Z,candidate-public-outdoor,unknown,https://www.openstreetmap.org/node/11827225932,https://www.thetraffic.in/data/surveillance_cameras.v1.json,ODbL-1.0
node/11827225930,,12.9693324,77.7355609,18520,15259,True,public,camera,88,,2024-04-18T09:21:39Z,2026-09-09T04:20:20Z,candidate-public-outdoor,unknown,https://www.openstreetmap.org/node/11827225930,https://www.thetraffic.in/data/surveillance_cameras.v1.json,ODbL-1.0
node/11827225931,,12.9693284,77.735558,18520,15259,True,public,camera,180,,2024-04-18T09:21:39Z,2026-09-09T04:20:20Z,candidate-public-outdoor,unknown,https://www.openstreetmap.org/node/11827225931,https://www.thetraffic.in/data/surveillance_cameras.v1.json,ODbL-1.0
node/6550981868,,12.903719,77.6503833,18714,16346,True,public,camera,250,2026-02-24,2026-02-24T07:18:38Z,2026-09-09T04:20:20Z,candidate-public-outdoor,unknown,https://www.openstreetmap.org/node/6550981868,https://www.thetraffic.in/data/surveillance_cameras.v1.json,ODbL-1.0
node/6550981869,,12.9037196,77.6503913,18714,16346,True,public,camera,180,2026-02-24,2026-02-24T07:18:39Z,2026-09-09T04:20:20Z,candidate-public-outdoor,unknown,https://www.openstreetmap.org/node/6550981869,https://www.thetraffic.in/data/surveillance_cameras.v1.json,ODbL-1.0
node/6550981870,,12.9037236,77.6504,18714,16346,True,public,camera,150,2026-02-24,2026-02-24T07:18:39Z,2026-09-09T04:20:20Z,candidate-public-outdoor,unknown,https://www.openstreetmap.org/node/6550981870,https://www.thetraffic.in/data/surveillance_cameras.v1.json,ODbL-1.0
node/6550981871,,12.9037307,77.6504101,18714,16345,True,public,camera,60,2026-02-24,2026-02-24T07:18:38Z,2026-09-09T04:20:20Z,candidate-public-outdoor,unknown,https://www.openstreetmap.org/node/6550981871,https://www.thetraffic.in/data/surveillance_cameras.v1.json,ODbL-1.0
node/6550981867,,12.9037543,77.6505701,18717,16346,True,public,camera,,,2019-06-16T11:44:27Z,2026-09-09T04:20:20Z,candidate-public-outdoor,unknown,https://www.openstreetmap.org/node/6550981867,https://www.thetraffic.in/data/surveillance_cameras.v1.json,ODbL-1.0
node/13168008141,,12.9042531,77.5313912,18896,18614,True,public,camera,,,2025-09-24T17:38:37Z,2026-09-09T04:20:20Z,candidate-public-outdoor,unknown,https://www.openstreetmap.org/node/13168008141,https://www.thetraffic.in/data/surveillance_cameras.v1.json,ODbL-1.0
node/12151107642,,12.9560971,77.7309962,18996,15765,True,outdoor,camera,,,2024-09-02T07:47:52Z,2026-09-09T04:20:20Z,candidate-public-outdoor,unknown,https://www.openstreetmap.org/node/12151107642,https://www.thetraffic.in/data/surveillance_cameras.v1.json,ODbL-1.0
node/13278097771,,12.8966245,77.5518243,19040,18348,True,public,camera,5,,2025-11-03T17:26:18Z,2026-09-09T04:20:20Z,candidate-public-outdoor,unknown,https://www.openstreetmap.org/node/13278097771,https://www.thetraffic.in/data/surveillance_cameras.v1.json,ODbL-1.0
node/13278097772,,12.896612,77.5518207,19041,18350,True,public,camera,280,,2025-11-03T17:26:18Z,2026-09-09T04:20:20Z,candidate-public-outdoor,unknown,https://www.openstreetmap.org/node/13278097772,https://www.thetraffic.in/data/surveillance_cameras.v1.json,ODbL-1.0
node/11262440632,,12.9563382,77.7319061,19057,15823,True,public,camera,176,,2023-10-14T11:59:03Z,2026-09-09T04:20:20Z,candidate-public-outdoor,unknown,https://www.openstreetmap.org/node/11262440632,https://www.thetraffic.in/data/surveillance_cameras.v1.json,ODbL-1.0
node/11262440633,,12.9563344,77.7319126,19057,15824,True,public,camera,84,,2023-10-14T11:59:03Z,2026-09-09T04:20:20Z,candidate-public-outdoor,unknown,https://www.openstreetmap.org/node/11262440633,https://www.thetraffic.in/data/surveillance_cameras.v1.json,ODbL-1.0
node/11262441065,,12.9563393,77.7319108,19057,15823,True,public,camera,,,2023-10-14T11:59:20Z,2026-09-09T04:20:20Z,candidate-public-outdoor,unknown,https://www.openstreetmap.org/node/11262441065,https://www.thetraffic.in/data/surveillance_cameras.v1.json,ODbL-1.0
node/7298366581,,12.9048804,77.6625936,19067,16539,True,public,camera,315,,2020-03-16T06:37:01Z,2026-09-09T04:20:20Z,candidate-public-outdoor,unknown,https://www.openstreetmap.org/node/7298366581,https://www.thetraffic.in/data/surveillance_cameras.v1.json,ODbL-1.0
node/13168008138,,12.8961226,77.5527306,19071,18360,True,camera,camera,,,2025-09-24T17:38:37Z,2026-09-09T04:20:20Z,review-access-unknown,unknown,https://www.openstreetmap.org/node/13168008138,https://www.thetraffic.in/data/surveillance_cameras.v1.json,ODbL-1.0
node/6550955557,,12.9002106,77.650318,19081,16727,True,public,camera,190,,2019-06-16T11:39:43Z,2026-09-09T04:20:20Z,candidate-public-outdoor,unknown,https://www.openstreetmap.org/node/6550955557,https://www.thetraffic.in/data/surveillance_cameras.v1.json,ODbL-1.0
node/6550955556,,12.9001099,77.65031,19091,16738,True,public,camera,10,,2019-06-16T11:39:43Z,2026-09-09T04:20:20Z,candidate-public-outdoor,unknown,https://www.openstreetmap.org/node/6550955556,https://www.thetraffic.in/data/surveillance_cameras.v1.json,ODbL-1.0
node/13169540444,,12.8950319,77.555184,19128,18369,True,camera,camera,205,,2025-09-25T13:19:00Z,2026-09-09T04:20:20Z,review-access-unknown,unknown,https://www.openstreetmap.org/node/13169540444,https://www.thetraffic.in/data/surveillance_cameras.v1.json,ODbL-1.0
node/13169540445,,12.8950359,77.5551754,19128,18369,True,camera,camera,290,,2025-09-25T13:19:00Z,2026-09-09T04:20:20Z,review-access-unknown,unknown,https://www.openstreetmap.org/node/13169540445,https://www.thetraffic.in/data/surveillance_cameras.v1.json,ODbL-1.0
node/13169540446,,12.8949735,77.5550928,19137,18378,True,camera,camera,,,2025-09-25T13:19:00Z,2026-09-09T04:20:20Z,review-access-unknown,unknown,https://www.openstreetmap.org/node/13169540446,https://www.thetraffic.in/data/surveillance_cameras.v1.json,ODbL-1.0
node/6550955555,,12.8988734,77.6512385,19254,16892,True,public,camera,320,2021-12-01,2021-12-01T19:12:01Z,2026-09-09T04:20:20Z,candidate-public-outdoor,unknown,https://www.openstreetmap.org/node/6550955555,https://www.thetraffic.in/data/surveillance_cameras.v1.json,ODbL-1.0
node/6550955554,,12.8988625,77.6512484,19255,16894,True,public,camera,,2021-12-01,2021-12-01T19:12:00Z,2026-09-09T04:20:20Z,candidate-public-outdoor,unknown,https://www.openstreetmap.org/node/6550955554,https://www.thetraffic.in/data/surveillance_cameras.v1.json,ODbL-1.0
node/7133659775,Outdoor,12.9207582,77.6958528,19265,16337,True,outdoor,camera,45,,2020-01-20T06:28:16Z,2026-09-09T04:20:20Z,candidate-public-outdoor,unknown,https://www.openstreetmap.org/node/7133659775,https://www.thetraffic.in/data/surveillance_cameras.v1.json,ODbL-1.0
node/7133736650,Outdoor,12.9206117,77.6959826,19286,16358,True,outdoor,camera,45,,2020-01-20T06:28:16Z,2026-09-09T04:20:20Z,candidate-public-outdoor,unknown,https://www.openstreetmap.org/node/7133736650,https://www.thetraffic.in/data/surveillance_cameras.v1.json,ODbL-1.0
node/12996774963,,12.9836905,77.7525036,19286,16029,True,public,camera,234,,2025-07-13T06:18:27Z,2026-09-09T04:20:20Z,candidate-public-outdoor,unknown,https://www.openstreetmap.org/node/12996774963,https://www.thetraffic.in/data/surveillance_cameras.v1.json,ODbL-1.0
node/12996774964,,12.9835607,77.7524656,19289,16031,True,public,camera,,,2025-07-13T06:18:27Z,2026-09-09T04:20:20Z,candidate-public-outdoor,unknown,https://www.openstreetmap.org/node/12996774964,https://www.thetraffic.in/data/surveillance_cameras.v1.json,ODbL-1.0
node/12996774965,,12.9835592,77.7524601,19289,16031,True,public,camera,11,,2025-07-13T06:18:27Z,2026-09-09T04:20:20Z,candidate-public-outdoor,unknown,https://www.openstreetmap.org/node/12996774965,https://www.thetraffic.in/data/surveillance_cameras.v1.json,ODbL-1.0
node/13432441307,,12.8883777,77.581825,19443,18191,True,public,camera,359,,2026-01-05T12:43:21Z,2026-09-09T04:20:20Z,candidate-public-outdoor,unknown,https://www.openstreetmap.org/node/13432441307,https://www.thetraffic.in/data/surveillance_cameras.v1.json,ODbL-1.0
node/13432441308,,12.8883671,77.5818249,19444,18192,True,public,camera,176,,2026-01-05T12:43:21Z,2026-09-09T04:20:20Z,candidate-public-outdoor,unknown,https://www.openstreetmap.org/node/13432441308,https://www.thetraffic.in/data/surveillance_cameras.v1.json,ODbL-1.0
node/13167997464,,12.8896748,77.5634113,19538,18608,True,public,camera,,,2025-09-24T17:29:59Z,2026-09-09T04:20:20Z,candidate-public-outdoor,unknown,https://www.openstreetmap.org/node/13167997464,https://www.thetraffic.in/data/surveillance_cameras.v1.json,ODbL-1.0
node/13228113036,,12.8896175,77.563557,19542,18609,True,public,camera,,,2025-10-12T17:52:47Z,2026-09-09T04:20:20Z,candidate-public-outdoor,unknown,https://www.openstreetmap.org/node/13228113036,https://www.thetraffic.in/data/surveillance_cameras.v1.json,ODbL-1.0
node/6549820948,,12.8957891,77.6509744,19570,17223,True,outdoor,camera,140,,2019-06-16T11:50:47Z,2026-09-09T04:20:20Z,candidate-public-outdoor,unknown,https://www.openstreetmap.org/node/6549820948,https://www.thetraffic.in/data/surveillance_cameras.v1.json,ODbL-1.0
node/12996774966,,12.9721962,77.7501564,19683,16417,True,public,camera,6,,2025-07-13T06:18:27Z,2026-09-09T04:20:20Z,candidate-public-outdoor,unknown,https://www.openstreetmap.org/node/12996774966,https://www.thetraffic.in/data/surveillance_cameras.v1.json,ODbL-1.0
node/12996774967,,12.9721724,77.750156,19685,16418,True,public,camera,188,,2025-07-13T06:18:27Z,2026-09-09T04:20:20Z,candidate-public-outdoor,unknown,https://www.openstreetmap.org/node/12996774967,https://www.thetraffic.in/data/surveillance_cameras.v1.json,ODbL-1.0
node/6550981095,,12.8946798,77.6528281,19751,17384,True,public,camera,240,,2019-06-16T11:49:23Z,2026-09-09T04:20:20Z,candidate-public-outdoor,unknown,https://www.openstreetmap.org/node/6550981095,https://www.thetraffic.in/data/surveillance_cameras.v1.json,ODbL-1.0
node/6685690476,,12.8912469,77.6412973,19753,17550,True,outdoor,camera,200,,2019-08-07T08:02:52Z,2026-09-09T04:20:20Z,candidate-public-outdoor,unknown,https://www.openstreetmap.org/node/6685690476,https://www.thetraffic.in/data/surveillance_cameras.v1.json,ODbL-1.0
node/12265994786,,12.8893262,77.640076,19926,17745,True,public,camera,,,2024-10-19T11:24:04Z,2026-09-09T04:20:20Z,candidate-public-outdoor,unknown,https://www.openstreetmap.org/node/12265994786,https://www.thetraffic.in/data/surveillance_cameras.v1.json,ODbL-1.0
node/12265994787,,12.8893262,77.640076,19926,17745,True,public,camera,287,,2024-10-19T11:24:04Z,2026-09-09T04:20:20Z,candidate-public-outdoor,unknown,https://www.openstreetmap.org/node/12265994787,https://www.thetraffic.in/data/surveillance_cameras.v1.json,ODbL-1.0
node/12265994788,,12.8893262,77.640076,19926,17745,True,public,camera,81,,2024-10-19T11:24:04Z,2026-09-09T04:20:20Z,candidate-public-outdoor,unknown,https://www.openstreetmap.org/node/12265994788,https://www.thetraffic.in/data/surveillance_cameras.v1.json,ODbL-1.0
node/12265994789,,12.8893233,77.6401096,19927,17745,True,public,camera,82,,2024-10-19T11:24:04Z,2026-09-09T04:20:20Z,candidate-public-outdoor,unknown,https://www.openstreetmap.org/node/12265994789,https://www.thetraffic.in/data/surveillance_cameras.v1.json,ODbL-1.0
node/12265994790,,12.8893233,77.6401096,19927,17745,True,public,camera,231,,2024-10-19T11:24:04Z,2026-09-09T04:20:20Z,candidate-public-outdoor,unknown,https://www.openstreetmap.org/node/12265994790,https://www.thetraffic.in/data/surveillance_cameras.v1.json,ODbL-1.0
node/11194236616,,12.8892892,77.640105,19930,17749,True,public,camera,80,,2023-09-15T17:44:03Z,2026-09-09T04:20:20Z,candidate-public-outdoor,unknown,https://www.openstreetmap.org/node/11194236616,https://www.thetraffic.in/data/surveillance_cameras.v1.json,ODbL-1.0
node/11194236618,,12.8892857,77.6400979,19930,17749,True,public,camera,340,,2023-09-15T17:44:03Z,2026-09-09T04:20:20Z,candidate-public-outdoor,unknown,https://www.openstreetmap.org/node/11194236618,https://www.thetraffic.in/data/surveillance_cameras.v1.json,ODbL-1.0
node/11194236619,,12.889286,77.6400941,19930,17749,True,public,camera,250,,2023-09-15T17:44:03Z,2026-09-09T04:20:20Z,candidate-public-outdoor,unknown,https://www.openstreetmap.org/node/11194236619,https://www.thetraffic.in/data/surveillance_cameras.v1.json,ODbL-1.0
node/11194236617,,12.8892836,77.6401072,19931,17750,True,public,camera,120,,2023-09-15T17:44:03Z,2026-09-09T04:20:20Z,candidate-public-outdoor,unknown,https://www.openstreetmap.org/node/11194236617,https://www.thetraffic.in/data/surveillance_cameras.v1.json,ODbL-1.0
node/11194236620,,12.8892825,77.6400958,19931,17750,True,public,camera,,,2023-09-15T17:44:03Z,2026-09-09T04:20:20Z,candidate-public-outdoor,unknown,https://www.openstreetmap.org/node/11194236620,https://www.thetraffic.in/data/surveillance_cameras.v1.json,ODbL-1.0
node/6544048799,,12.8892046,77.6399019,19934,17756,True,public,camera,,,2019-06-13T05:40:25Z,2026-09-09T04:20:20Z,candidate-public-outdoor,unknown,https://www.openstreetmap.org/node/6544048799,https://www.thetraffic.in/data/surveillance_cameras.v1.json,ODbL-1.0
node/6536415841,,12.8940969,77.6570726,19965,17547,True,public,camera,,2021-12-01,2021-12-01T19:12:04Z,2026-09-09T04:20:20Z,candidate-public-outdoor,unknown,https://www.openstreetmap.org/node/6536415841,https://www.thetraffic.in/data/surveillance_cameras.v1.json,ODbL-1.0
node/6536407571,,12.893836,77.6564644,19969,17560,True,public,camera,,,2019-06-10T06:29:59Z,2026-09-09T04:20:20Z,candidate-public-outdoor,unknown,https://www.openstreetmap.org/node/6536407571,https://www.thetraffic.in/data/surveillance_cameras.v1.json,ODbL-1.0
