source_id,name,latitude,longitude,distance_from_aeos_m,intersection_type,control_type,osm_node_ids,source_review_needed,verified,snapshot_base,source_url,license
gw-cf3c1a6a4695,Amrutahalli Main Road × Bellary Road,13.067288,77.593191,506,junction,unknown,11449172425;11449172444;11449172454;11449172456;11449172458,False,False,2026-09-05T07:43:36Z,https://www.thetraffic.in/data/intersections.v1.json,ODbL-1.0
gw-5b1f51b97dcb,Bellary Road signal,13.057496,77.593537,596,midblock_or_single_road,unknown,11449185276,False,False,2026-09-05T07:43:36Z,https://www.thetraffic.in/data/intersections.v1.json,ODbL-1.0
gw-c44181176e1a,Unnamed signal,13.057301,77.593175,622,pedestrian_crossing,unknown,11449185279;11449185283,False,False,2026-09-05T07:43:36Z,https://www.thetraffic.in/data/intersections.v1.json,ODbL-1.0
gw-40a8bb75661e,Bellary Road signal,13.073231,77.592545,1169,midblock_or_single_road,unknown,11449172415;11449172416,False,False,2026-09-05T07:43:36Z,https://www.thetraffic.in/data/intersections.v1.json,ODbL-1.0
gw-d57a7a6fb26a,Arkavathy Layout Main Road signal,13.073443,77.592985,1187,midblock_or_single_road,unknown,574367083,False,False,2026-09-05T07:43:36Z,https://www.thetraffic.in/data/intersections.v1.json,ODbL-1.0
gw-71e90c7bc393,Hebbal Service Road towards Bengaluru signal,13.073826,77.592851,1230,junction,unknown,11212228043;11449187227,False,False,2026-09-05T07:43:36Z,https://www.thetraffic.in/data/intersections.v1.json,ODbL-1.0
gw-1bf8b0dffdf4,Bellary Road signal,13.049649,77.592803,1472,midblock_or_single_road,unknown,10784133389;10784133390,False,False,2026-09-05T07:43:36Z,https://www.thetraffic.in/data/intersections.v1.json,ODbL-1.0
gw-5c0f4bafb9d4,Jakkur Road × Arkavathy Layout Main Road,13.072608,77.604027,1530,junction,unknown,13043346080;13043346081;13043346082;13043346083,False,False,2026-09-05T07:43:36Z,https://www.thetraffic.in/data/intersections.v1.json,ODbL-1.0
gw-87b409e91576,Yelahanka Road signal,13.081811,77.593199,2113,midblock_or_single_road,unknown,278163345;332955178;11449187234,False,False,2026-09-05T07:43:36Z,https://www.thetraffic.in/data/intersections.v1.json,ODbL-1.0
gw-0f0c10f49c99,Yelahanka Road Flyover signal,13.082271,77.593133,2165,midblock_or_single_road,unknown,278163350,False,False,2026-09-05T07:43:36Z,https://www.thetraffic.in/data/intersections.v1.json,ODbL-1.0
gw-0da44389242d,Tumkur Road Exit signal,13.043393,77.590782,2190,midblock_or_single_road,unknown,2408586316,False,False,2026-09-05T07:43:36Z,https://www.thetraffic.in/data/intersections.v1.json,ODbL-1.0
gw-7f11b6caced6,Outer Ring Road signal,13.043097,77.590045,2237,midblock_or_single_road,unknown,430127696;11954211369,False,False,2026-09-05T07:43:36Z,https://www.thetraffic.in/data/intersections.v1.json,ODbL-1.0
gw-08be26c550f3,Outer Ring Road signal,13.042706,77.590631,2268,midblock_or_single_road,unknown,335663834,False,False,2026-09-05T07:43:36Z,https://www.thetraffic.in/data/intersections.v1.json,ODbL-1.0
gw-cb796461db32,Outer Ring Road signal,13.047123,77.569984,3141,midblock_or_single_road,unknown,308081022,False,False,2026-09-05T07:43:36Z,https://www.thetraffic.in/data/intersections.v1.json,ODbL-1.0
gw-d410ceba2046,Yelahanka Road × Bhagyada Bagilu Road,13.095245,77.594286,3605,junction,unknown,17327420;2451336631;9880815311,False,False,2026-09-05T07:43:36Z,https://www.thetraffic.in/data/intersections.v1.json,ODbL-1.0
gw-3fd0e7dd7f81,1st A Main Road × 15th A Cross Road,13.093533,77.582454,3640,junction,unknown,11445740091;11446054568;11446055369;11446055370,False,False,2026-09-05T07:43:36Z,https://www.thetraffic.in/data/intersections.v1.json,ODbL-1.0
gw-374f1cd4b171,Nanjappa Circle,13.068407,77.560371,3705,midblock_or_single_road,unknown,308231592,False,False,2026-09-05T07:43:36Z,https://www.thetraffic.in/data/intersections.v1.json,ODbL-1.0
gw-3a45dfe6cb1b,Thanisandra Main Road signal,13.044313,77.626344,4055,junction,unknown,6142618373;6142618374,False,False,2026-09-05T07:43:36Z,https://www.thetraffic.in/data/intersections.v1.json,ODbL-1.0
gw-e218a983df30,Service Road × Thanisandra Main Road,13.040491,77.624379,4115,junction,unknown,308238310;10698644147,False,False,2026-09-05T07:43:36Z,https://www.thetraffic.in/data/intersections.v1.json,ODbL-1.0
gw-74b9a5b3b0a1,Nagawara Main Road × Service Road,13.039985,77.624302,4143,junction,unknown,343601638;9507354636;10698644148,False,False,2026-09-05T07:43:36Z,https://www.thetraffic.in/data/intersections.v1.json,ODbL-1.0
gw-9b689c325a38,New BEL Road signal,13.043512,77.561314,4149,midblock_or_single_road,unknown,2446005983;2572573442,False,False,2026-09-05T07:43:36Z,https://www.thetraffic.in/data/intersections.v1.json,ODbL-1.0
gw-08ea6bf69cda,Vidyaranyapura Road × 8th Main Road,13.075808,77.558083,4159,junction,unknown,12794940224;12794940257;12794940258;12794940259,False,False,2026-09-05T07:43:36Z,https://www.thetraffic.in/data/intersections.v1.json,ODbL-1.0
gw-21eb0dc191f7,Unnamed signal,13.043828,77.56094,4166,midblock_or_single_road,unknown,6478194285,False,False,2026-09-05T07:43:36Z,https://www.thetraffic.in/data/intersections.v1.json,ODbL-1.0
gw-a57ad922afad,New BEL Road signal,13.039366,77.564101,4166,junction,unknown,9817001114;10687622732,False,False,2026-09-05T07:43:36Z,https://www.thetraffic.in/data/intersections.v1.json,ODbL-1.0
gw-d954a9566d05,Tank Bund Road × New BEL Road,13.037014,77.565941,4187,pedestrian_crossing,unknown,374217314;5392852814;10684982315;10684982316,False,False,2026-09-05T07:43:36Z,https://www.thetraffic.in/data/intersections.v1.json,ODbL-1.0
gw-7029a4d31cf4,Ganganagara 5th Main Road × RT Nagar Main Road,13.024997,77.592949,4208,junction,unknown,7235029649;12959672447;12959672449,False,False,2026-09-05T07:43:36Z,https://www.thetraffic.in/data/intersections.v1.json,ODbL-1.0
gw-9ac06533b984,New BEL Road signal,13.034083,77.568579,4225,midblock_or_single_road,unknown,374217275;11554370593;12291502365,False,False,2026-09-05T07:43:36Z,https://www.thetraffic.in/data/intersections.v1.json,ODbL-1.0
gw-6a009caa0f54,80 Feet Road × Sanjaynagar Main Road,13.026882,77.5798,4286,junction,unknown,13701806513;13701806514;13701806515,False,False,2026-09-05T07:43:36Z,https://www.thetraffic.in/data/intersections.v1.json,ODbL-1.0
gw-22a73752aac7,Kothanur Main Road signal,13.067573,77.633642,4317,midblock_or_single_road,unknown,2460236929;5966255495,False,False,2026-09-05T07:43:36Z,https://www.thetraffic.in/data/intersections.v1.json,ODbL-1.0
gw-3e69c7ceb8dc,Nagawara Main Road signal,13.03457,77.622846,4424,junction,unknown,6197117882;10786947292,False,False,2026-09-05T07:43:36Z,https://www.thetraffic.in/data/intersections.v1.json,ODbL-1.0
gw-9e3458114c56,Yelahanka Road signal,13.101966,77.586505,4429,midblock_or_single_road,unknown,11445988396,False,False,2026-09-05T07:43:36Z,https://www.thetraffic.in/data/intersections.v1.json,ODbL-1.0
gw-170dfaa4005f,Yelahanka New Town Main Road × Doddaballapur Road,13.102171,77.586221,4457,junction,unknown,9695761624;11445988395,False,False,2026-09-05T07:43:36Z,https://www.thetraffic.in/data/intersections.v1.json,ODbL-1.0
gw-3028eb2c8891,BEL Road × Vidyaranyapura Road,13.045616,77.556461,4503,junction,unknown,1952787489;2450076422;11933333316;12795275205,False,False,2026-09-05T07:43:36Z,https://www.thetraffic.in/data/intersections.v1.json,ODbL-1.0
gw-dc62b041e0dd,BEL Road signal,13.044049,77.557051,4523,midblock_or_single_road,unknown,7228151805,False,False,2026-09-05T07:43:36Z,https://www.thetraffic.in/data/intersections.v1.json,ODbL-1.0
gw-3b7a4b934a6f,MS Ramaiah Road signal,13.043575,77.557044,4548,midblock_or_single_road,unknown,2578344267;7228151804,False,False,2026-09-05T07:43:36Z,https://www.thetraffic.in/data/intersections.v1.json,ODbL-1.0
gw-098af758a28c,New BEL Road × 80 Feet Road,13.028421,77.571341,4551,junction,unknown,9713504810;10691285605;12985332606,False,False,2026-09-05T07:43:36Z,https://www.thetraffic.in/data/intersections.v1.json,ODbL-1.0
gw-af9941a1d3e3,Nagawara Main Road × A P J Abdul Kalam Road,13.031986,77.621832,4560,junction,unknown,10187842628;13409937609;13409937610;13409937611;13409937612,False,False,2026-09-05T07:43:36Z,https://www.thetraffic.in/data/intersections.v1.json,ODbL-1.0
gw-550b9c18243d,Kogilu Cross,13.103631,77.600403,4588,junction,unknown,331665381;2451336634;6131746732;10975890137,False,False,2026-09-05T07:43:36Z,https://www.thetraffic.in/data/intersections.v1.json,ODbL-1.0
gw-64805e650d9c,BEL Road signal,13.049637,77.553759,4608,junction,unknown,308231837,False,False,2026-09-05T07:43:36Z,https://www.thetraffic.in/data/intersections.v1.json,ODbL-1.0
gw-987bc279f9b8,Nagawara Main Road signal,13.03031,77.621078,4650,midblock_or_single_road,unknown,599226700;10783657574;11385066517,False,False,2026-09-05T07:43:36Z,https://www.thetraffic.in/data/intersections.v1.json,ODbL-1.0
gw-5722672191ea,RT Nagar Main Road × Taralabalu Marg,13.020768,77.592465,4680,junction,unknown,582575956,False,False,2026-09-05T07:43:36Z,https://www.thetraffic.in/data/intersections.v1.json,ODbL-1.0
gw-fdf5b04b7e9f,Thanisandra Main Road × Bhartiya City Road,13.083913,77.634681,4983,junction,unknown,13648828663;13648828664;13648828665,False,False,2026-09-05T07:43:36Z,https://www.thetraffic.in/data/intersections.v1.json,ODbL-1.0
gw-05da45bd6bf0,Mohan Kumar Road × MS Ramaiah Road,13.034785,77.557388,5052,junction,unknown,308231734;10839591755;10839591756;10839591759,False,False,2026-09-05T07:43:36Z,https://www.thetraffic.in/data/intersections.v1.json,ODbL-1.0
gw-aefdf44874f3,K. Narayanapura Main Road × Kothanur Main Road,13.066368,77.640775,5072,junction,unknown,410605177,False,False,2026-09-05T07:43:36Z,https://www.thetraffic.in/data/intersections.v1.json,ODbL-1.0
gw-bfd1b634432b,8th Main Road × B Srinivas Murthy Road,13.035613,77.553615,5327,junction,unknown,431530258,False,False,2026-09-05T07:43:36Z,https://www.thetraffic.in/data/intersections.v1.json,ODbL-1.0
gw-3a20e8a875ca,MS Palya Circle × Yelahanka Road,13.081628,77.548319,5380,junction,unknown,2447233119;2447233120;2447233122;2447233127;2447233128;2447233134,False,False,2026-09-05T07:43:36Z,https://www.thetraffic.in/data/intersections.v1.json,ODbL-1.0
gw-0edecefa7fdd,Jayamahal Road signal,13.014496,77.584334,5477,midblock_or_single_road,unknown,3676182395,False,False,2026-09-05T07:43:36Z,https://www.thetraffic.in/data/intersections.v1.json,ODbL-1.0
gw-39e2ad4e8640,Dr. CV Raman Road signal,13.01458,77.58368,5482,midblock_or_single_road,unknown,11954212343,False,False,2026-09-05T07:43:36Z,https://www.thetraffic.in/data/intersections.v1.json,ODbL-1.0
gw-aef4e5552b6d,Hennur Road × Hennuru - Bagaluru Road,13.031681,77.6359,5702,junction,unknown,12301590044;12301590045;12301590046,False,False,2026-09-05T07:43:36Z,https://www.thetraffic.in/data/intersections.v1.json,ODbL-1.0
gw-d06e08e288a0,Hennur Bagalur Road × K. Narayanapura Main Road,13.052853,77.646059,5738,junction,unknown,308218810;6130580752;12301590052,False,False,2026-09-05T07:43:36Z,https://www.thetraffic.in/data/intersections.v1.json,ODbL-1.0
gw-cd3ec0f0ad5b,Hennuru - Bagaluru Road × Kempegowda Road,13.039505,77.641485,5752,junction,unknown,2125916087;7172895621;7172895628;10585575510,False,False,2026-09-05T07:43:36Z,https://www.thetraffic.in/data/intersections.v1.json,ODbL-1.0
gw-5b6b5f21e6f2,Hennuru - Bagaluru Road signal,13.036832,77.640765,5824,junction,unknown,2125916065,False,False,2026-09-05T07:43:36Z,https://www.thetraffic.in/data/intersections.v1.json,ODbL-1.0
gw-a571b7037d6c,Dr. CV Raman Road × New BEL Road,13.014714,77.572771,5827,junction,unknown,295735476;2703669945;7257695672,False,False,2026-09-05T07:43:36Z,https://www.thetraffic.in/data/intersections.v1.json,ODbL-1.0
gw-e01c40e1ef6b,CQAL Road × Jayamahal Road,13.010009,77.590688,5885,junction,unknown,430043662;3676182371;12075650280,False,False,2026-09-05T07:43:36Z,https://www.thetraffic.in/data/intersections.v1.json,ODbL-1.0
gw-07a70c80a5d1,Unnamed signal,13.082048,77.542445,5988,unresolved,unknown,13023127932,True,False,2026-09-05T07:43:36Z,https://www.thetraffic.in/data/intersections.v1.json,ODbL-1.0
gw-1e4eadaaab86,Anantapura Gate,13.114853,77.578971,6012,midblock_or_single_road,unknown,2300032317;2455311260,False,False,2026-09-05T07:43:36Z,https://www.thetraffic.in/data/intersections.v1.json,ODbL-1.0
gw-aa970997901f,CV Raman Road signal,13.014109,77.565538,6238,midblock_or_single_road,unknown,2703669937,False,False,2026-09-05T07:43:36Z,https://www.thetraffic.in/data/intersections.v1.json,ODbL-1.0
gw-61985a44659f,CV Raman Road × MS Ramaiah Road,13.017092,77.56057,6249,junction,unknown,251361762;426835306,False,False,2026-09-05T07:43:36Z,https://www.thetraffic.in/data/intersections.v1.json,ODbL-1.0
gw-aa3f5e1ef564,Rahman Khan Road signal,13.018908,77.557579,6284,midblock_or_single_road,unknown,11843210612,False,False,2026-09-05T07:43:36Z,https://www.thetraffic.in/data/intersections.v1.json,ODbL-1.0
gw-3a9c7e495716,Tumkur Road × 8th Main Road,13.018395,77.557899,6307,junction,unknown,427594203;11690829652,False,False,2026-09-05T07:43:36Z,https://www.thetraffic.in/data/intersections.v1.json,ODbL-1.0
gw-7b9ebf74a76e,Tumkur Road signal,13.018603,77.557431,6321,midblock_or_single_road,unknown,12632101641,False,False,2026-09-05T07:43:36Z,https://www.thetraffic.in/data/intersections.v1.json,ODbL-1.0
gw-6d6973e1f906,Nandi Durga Road × Jayamahal Road,13.005556,77.593287,6369,junction,unknown,7280461398;12378776040;12378776041,False,False,2026-09-05T07:43:36Z,https://www.thetraffic.in/data/intersections.v1.json,ODbL-1.0
gw-562442abfd13,Kammanahalli Main Road × CMR Road,13.022764,77.637211,6455,junction,unknown,12943290295;12943290296;12943290297;12943290298,False,False,2026-09-05T07:43:36Z,https://www.thetraffic.in/data/intersections.v1.json,ODbL-1.0
gw-88ff2cf15b59,Sankey Road × Vyalikaval Main Road,13.00644,77.578779,6486,junction,unknown,10003979594;10003979595;10003979596;12064311431,False,False,2026-09-05T07:43:36Z,https://www.thetraffic.in/data/intersections.v1.json,ODbL-1.0
gw-674a7aa0d0ba,18th Cross Road × Sampige Road,13.008477,77.571144,6535,junction,unknown,251361754;11898236318;11898236319,False,False,2026-09-05T07:43:36Z,https://www.thetraffic.in/data/intersections.v1.json,ODbL-1.0
gw-f388ea7bc192,18th Cross Road × Margosa Road,13.008658,77.56915,6601,junction,unknown,295735336;11898247208;11898247210,False,False,2026-09-05T07:43:36Z,https://www.thetraffic.in/data/intersections.v1.json,ODbL-1.0
gw-4397688ce997,Jayamahal Road × 5th Main Road,13.001462,77.594464,6824,junction,unknown,465232495;6457608221;6949633168;6949633169,False,False,2026-09-05T07:43:36Z,https://www.thetraffic.in/data/intersections.v1.json,ODbL-1.0
gw-20a06aca5c4c,15th Cross Road × Sampige Road,13.005436,77.571213,6846,junction,unknown,427593305,False,False,2026-09-05T07:43:36Z,https://www.thetraffic.in/data/intersections.v1.json,ODbL-1.0
gw-6e3d20ebbfe3,18th Cross Road × 8th Main Road,13.008937,77.563145,6866,junction,unknown,12006313287;12809847691;12809847692,False,False,2026-09-05T07:43:36Z,https://www.thetraffic.in/data/intersections.v1.json,ODbL-1.0
gw-d4851b575b17,Margosa Road signal,13.005587,77.569235,6911,pedestrian_crossing,unknown,295735338,False,False,2026-09-05T07:43:36Z,https://www.thetraffic.in/data/intersections.v1.json,ODbL-1.0
gw-039fdfd8bb57,Gorguntepalaya Cross,13.02897,77.54006,6959,junction,unknown,308074193;419638217;11964711937,False,False,2026-09-05T07:43:36Z,https://www.thetraffic.in/data/intersections.v1.json,ODbL-1.0
gw-ba9c3074ff00,15th Cross Road × 4th Main Road,13.005549,77.568165,6961,junction,unknown,427593301,False,False,2026-09-05T07:43:36Z,https://www.thetraffic.in/data/intersections.v1.json,ODbL-1.0
gw-2c34406b5f8f,15th Cross Road × 6th Main Road,13.005623,77.566714,7018,junction,unknown,427593103,False,False,2026-09-05T07:43:36Z,https://www.thetraffic.in/data/intersections.v1.json,ODbL-1.0
gw-a295b42702b6,HMT Link Road × Pipeline Road,13.036681,77.535105,7020,junction,unknown,13429861055;13429861056;13429861057;13429861058,False,False,2026-09-05T07:43:36Z,https://www.thetraffic.in/data/intersections.v1.json,ODbL-1.0
gw-f5f333179137,Pottery Road × Tannery Road,13.002007,77.612115,7039,junction,unknown,343094471;3342156305;11841864043,False,False,2026-09-05T07:43:36Z,https://www.thetraffic.in/data/intersections.v1.json,ODbL-1.0
gw-8e4aef98cb22,13th Cross Road × West Park Road,13.003671,77.569996,7077,junction,unknown,427593076,False,False,2026-09-05T07:43:36Z,https://www.thetraffic.in/data/intersections.v1.json,ODbL-1.0
gw-64ad84fd836c,15th Cross Road × 8th Main Road,13.005658,77.56516,7087,junction,unknown,9935424308;12809422086;12809422088;12809882514,False,False,2026-09-05T07:43:36Z,https://www.thetraffic.in/data/intersections.v1.json,ODbL-1.0
gw-db2b08a1f941,Davis Road × Hennur Main Road,13.00405,77.619658,7098,junction,unknown,296029992;3191039329;11584555915;11584555916,False,False,2026-09-05T07:43:36Z,https://www.thetraffic.in/data/intersections.v1.json,ODbL-1.0
gw-fdcc67c9df79,MM Road × Haines Road,13.001039,77.611846,7135,junction,unknown,1837823400,False,False,2026-09-05T07:43:36Z,https://www.thetraffic.in/data/intersections.v1.json,ODbL-1.0
gw-0889d8ea49e4,Outer Ring Road × Tumkur Road,13.030356,77.537154,7147,junction,unknown,10991477214;12059868183;12059868184,False,False,2026-09-05T07:43:36Z,https://www.thetraffic.in/data/intersections.v1.json,ODbL-1.0
gw-5828013ef1c6,15th Cross Road × 10th Main Road,13.005698,77.563788,7150,junction,unknown,427593098,False,False,2026-09-05T07:43:36Z,https://www.thetraffic.in/data/intersections.v1.json,ODbL-1.0
gw-3328483025de,13th Cross Road × 4th Main Road,13.003682,77.568197,7150,junction,unknown,427593398,False,False,2026-09-05T07:43:36Z,https://www.thetraffic.in/data/intersections.v1.json,ODbL-1.0
gw-a1b3ddf59278,13th Cross Road × 6th Main Road,13.003688,77.566768,7211,junction,unknown,427593300,False,False,2026-09-05T07:43:36Z,https://www.thetraffic.in/data/intersections.v1.json,ODbL-1.0
gw-8d12d74ee8a7,13th Cross Road × 8th Main Road,13.003694,77.565304,7277,junction,unknown,427593100,False,False,2026-09-05T07:43:36Z,https://www.thetraffic.in/data/intersections.v1.json,ODbL-1.0
gw-a16208d14118,7th Main Road × 2nd Cross Road,13.015245,77.642797,7472,junction,unknown,13807679748;13807679749;13807679750,False,False,2026-09-05T07:43:36Z,https://www.thetraffic.in/data/intersections.v1.json,ODbL-1.0
gw-bc0be3fc11d0,8th Cross Road × Sampige Road,12.999235,77.571348,7488,junction,unknown,427593081;11898868422;12425345227,False,False,2026-09-05T07:43:36Z,https://www.thetraffic.in/data/intersections.v1.json,ODbL-1.0
gw-bae705ed6d4b,Palace Cross Road signal,12.995608,77.589592,7490,midblock_or_single_road,unknown,9938657075,False,False,2026-09-05T07:43:36Z,https://www.thetraffic.in/data/intersections.v1.json,ODbL-1.0
gw-bb652a4a5691,Millers Road × Nandi Durga Road,12.995493,77.601928,7535,junction,unknown,412135152;1290058657;12466639117,False,False,2026-09-05T07:43:36Z,https://www.thetraffic.in/data/intersections.v1.json,ODbL-1.0
gw-b344e0980ee5,Promenade Road × Haines Road,12.995661,77.608414,7628,junction,unknown,12943206948;12943206949,False,False,2026-09-05T07:43:36Z,https://www.thetraffic.in/data/intersections.v1.json,ODbL-1.0
gw-88759fe5a388,Unnamed signal,12.997067,77.614445,7637,unresolved,unknown,11853406315,True,False,2026-09-05T07:43:36Z,https://www.thetraffic.in/data/intersections.v1.json,ODbL-1.0
gw-925e2257ca5e,Nandhini Layout Main Road × Kanteerava Studio Main Road,13.019036,77.539748,7640,junction,unknown,446782731,False,False,2026-09-05T07:43:36Z,https://www.thetraffic.in/data/intersections.v1.json,ODbL-1.0
gw-2a62256f4b41,SRS,13.034671,77.529687,7647,junction,unknown,858946512;12353375375,False,False,2026-09-05T07:43:36Z,https://www.thetraffic.in/data/intersections.v1.json,ODbL-1.0
gw-b3a84bcb6539,Coconut Avenue Road × 5th Cross Road,12.996958,77.573227,7665,junction,unknown,426962389;12666382122;12666382123,False,False,2026-09-05T07:43:36Z,https://www.thetraffic.in/data/intersections.v1.json,ODbL-1.0
gw-b14206ed3601,M V Jayaram Road signal,12.993757,77.595581,7682,midblock_or_single_road,unknown,4030004341,False,False,2026-09-05T07:43:36Z,https://www.thetraffic.in/data/intersections.v1.json,ODbL-1.0
gw-3a3bd1c54346,Bagalur Road × Bellahalli Main Road,13.122218,77.630542,7694,junction,unknown,512072644;512072658;2124745502;2124745542,False,False,2026-09-05T07:43:36Z,https://www.thetraffic.in/data/intersections.v1.json,ODbL-1.0
gw-1107942edd08,Millers Road signal,12.993379,77.595564,7724,midblock_or_single_road,unknown,4058219853,False,False,2026-09-05T07:43:36Z,https://www.thetraffic.in/data/intersections.v1.json,ODbL-1.0
gw-3f1128d4be5a,Thimmaiah Road signal,12.993319,77.595928,7731,midblock_or_single_road,unknown,4058219855,False,False,2026-09-05T07:43:36Z,https://www.thetraffic.in/data/intersections.v1.json,ODbL-1.0
gw-4848b1281e24,Windsor Square,12.993851,77.585075,7732,junction,unknown,1989699952;1989700046,False,False,2026-09-05T07:43:36Z,https://www.thetraffic.in/data/intersections.v1.json,ODbL-1.0
gw-d67c5d54486e,Unnamed signal,12.995846,77.613354,7735,unresolved,unknown,11853576386,True,False,2026-09-05T07:43:36Z,https://www.thetraffic.in/data/intersections.v1.json,ODbL-1.0
gw-1a3f57820a88,5th Cross Road × Margosa Road,12.9969,77.569436,7802,junction,unknown,295735342;3919859765;11898860862,False,False,2026-09-05T07:43:36Z,https://www.thetraffic.in/data/intersections.v1.json,ODbL-1.0
gw-0f04dbcbe412,Sankey Road signal,12.993181,77.585071,7806,midblock_or_single_road,unknown,1989699958,False,False,2026-09-05T07:43:36Z,https://www.thetraffic.in/data/intersections.v1.json,ODbL-1.0
gw-27652dc41abf,Dr. Rajkumar Road × 6th Cross Road,13.004393,77.55378,7829,junction,unknown,446860602;4912560032;12531369249;12531369253,False,False,2026-09-05T07:43:36Z,https://www.thetraffic.in/data/intersections.v1.json,ODbL-1.0
gw-707401c502be,New Bamboo Bazaar Road × Millers Road,12.993583,77.607344,7832,junction,unknown,249083111;1589590957;12139153727;12139153728,False,False,2026-09-05T07:43:36Z,https://www.thetraffic.in/data/intersections.v1.json,ODbL-1.0
gw-b8ddc80c4ef8,Buddha Vihar Road × Wheeler Road,12.995973,77.617079,7840,junction,unknown,11856705103;11856705104,False,False,2026-09-05T07:43:36Z,https://www.thetraffic.in/data/intersections.v1.json,ODbL-1.0
gw-2053a9647df9,Wheeler Road signal,12.995572,77.616453,7861,midblock_or_single_road,unknown,1843612311,False,False,2026-09-05T07:43:36Z,https://www.thetraffic.in/data/intersections.v1.json,ODbL-1.0
gw-88f6c7e5e56f,Chord Road × 12th Cross Road,13.007663,77.548664,7864,junction,unknown,13652131853;13652131854;13652131855,False,False,2026-09-05T07:43:36Z,https://www.thetraffic.in/data/intersections.v1.json,ODbL-1.0
gw-d8109aab7c8c,Assayee Road signal,12.995611,77.61687,7871,midblock_or_single_road,unknown,1843612344,False,False,2026-09-05T07:43:36Z,https://www.thetraffic.in/data/intersections.v1.json,ODbL-1.0
gw-f2816d0e371f,Seppings Road × Saunders Road,12.992719,77.60972,7977,junction,unknown,249083107;1465590369;7617898611;12139153743,False,False,2026-09-05T07:43:36Z,https://www.thetraffic.in/data/intersections.v1.json,ODbL-1.0
gw-43658d4e0838,Pipeline Road × Chord Road,13.006061,77.548749,7998,junction,unknown,308188550;308188640;308232885;308232886,False,False,2026-09-05T07:43:36Z,https://www.thetraffic.in/data/intersections.v1.json,ODbL-1.0
gw-7d1823ca4c70,Banaswadi Main Road × 7th Main Road,13.009228,77.643397,8003,junction,unknown,416419153;2473230014,False,False,2026-09-05T07:43:36Z,https://www.thetraffic.in/data/intersections.v1.json,ODbL-1.0
gw-6432e2dfc170,Prince of Wales Road × Queen's Road,12.990652,77.59958,8047,junction,unknown,249081922;4030321893;9930000954,False,False,2026-09-05T07:43:36Z,https://www.thetraffic.in/data/intersections.v1.json,ODbL-1.0
gw-a11be6c3bdc8,Palace Road signal,12.990301,77.58864,8086,midblock_or_single_road,unknown,294076280,False,False,2026-09-05T07:43:36Z,https://www.thetraffic.in/data/intersections.v1.json,ODbL-1.0
gw-183d4e237f38,Mill Corner Road × Sampige Road,12.993349,77.571431,8106,junction,unknown,251361750;11898958122,False,False,2026-09-05T07:43:36Z,https://www.thetraffic.in/data/intersections.v1.json,ODbL-1.0
gw-9fe6707c7c6b,Cunningham Road signal,12.98964,77.592829,8139,midblock_or_single_road,unknown,249082012;12135211600,False,False,2026-09-05T07:43:36Z,https://www.thetraffic.in/data/intersections.v1.json,ODbL-1.0
gw-ca4b869497d6,10th Cross Road × 12th Cross Road,13.003965,77.54941,8140,junction,unknown,308232366;308232877;4393134092;4824730263;12068481130;13503202473;13503202497,True,False,2026-09-05T07:43:36Z,https://www.thetraffic.in/data/intersections.v1.json,ODbL-1.0
gw-4304a1776ed4,Link Road × Sheshadripuram Main Road,12.991911,77.575415,8141,pedestrian_crossing,unknown,427531037,False,False,2026-09-05T07:43:36Z,https://www.thetraffic.in/data/intersections.v1.json,ODbL-1.0
gw-9abfbd6f08af,Shri T R A Thumba Chetty Circle,12.991731,77.614522,8210,junction,unknown,343088229;11856705121;11857026800,False,False,2026-09-05T07:43:36Z,https://www.thetraffic.in/data/intersections.v1.json,ODbL-1.0
gw-b42865979546,Horamavu Main Road signal,13.019262,77.655696,8246,midblock_or_single_road,unknown,3659483616;7384187433,False,False,2026-09-05T07:43:36Z,https://www.thetraffic.in/data/intersections.v1.json,ODbL-1.0
gw-5f783b2531c9,Banaswadi Main Road signal,13.018871,77.655563,8260,midblock_or_single_road,unknown,1834315102;7384187432,False,False,2026-09-05T07:43:36Z,https://www.thetraffic.in/data/intersections.v1.json,ODbL-1.0
gw-a3aff34085a0,1st Cross Road × Tumkur Road,13.037898,77.522206,8265,junction,unknown,774662327;4843481807;4843481808;4843481809;4843481817;4843481818;6033543910;10156396908,True,False,2026-09-05T07:43:36Z,https://www.thetraffic.in/data/intersections.v1.json,ODbL-1.0
gw-c79f59fb08d9,Kamaraj Road × Saint John's Church Road,12.990581,77.613917,8316,junction,unknown,11856875807;11856875821;11856875822;12943244681,False,False,2026-09-05T07:43:36Z,https://www.thetraffic.in/data/intersections.v1.json,ODbL-1.0
gw-8a2f23257e59,Horamavu Main Road × Horamavu Agara Main Road,13.028709,77.663766,8448,junction,unknown,1837693718;7404474556,False,False,2026-09-05T07:43:36Z,https://www.thetraffic.in/data/intersections.v1.json,ODbL-1.0
gw-7c8630d9de1b,Dr. Rajkumar Road × Mahakavi Kuvempu Road,12.998218,77.55305,8449,junction,unknown,1447805104;3919859801;4703663964;4912560047,False,False,2026-09-05T07:43:36Z,https://www.thetraffic.in/data/intersections.v1.json,ODbL-1.0
gw-b43db248a5e3,Sankey Road signal,12.98691,77.588623,8462,midblock_or_single_road,unknown,4058224571,False,False,2026-09-05T07:43:36Z,https://www.thetraffic.in/data/intersections.v1.json,ODbL-1.0
gw-abe214dbc63a,Subedar Chatram Road signal,12.989027,77.573957,8491,midblock_or_single_road,unknown,294084044,False,False,2026-09-05T07:43:36Z,https://www.thetraffic.in/data/intersections.v1.json,ODbL-1.0
gw-d95de183e7b3,Palace Road signal,12.98627,77.588758,8532,midblock_or_single_road,unknown,5558663806,False,False,2026-09-05T07:43:36Z,https://www.thetraffic.in/data/intersections.v1.json,ODbL-1.0
gw-5a9e17ba5aeb,Sankey Road × Millers Road,12.986116,77.589605,8544,junction,unknown,254665635;3751677693,False,False,2026-09-05T07:43:36Z,https://www.thetraffic.in/data/intersections.v1.json,ODbL-1.0
gw-71a5ce7cddee,Jalahalli Cross,13.040002,77.518414,8581,junction,unknown,308072451;426823702;701736119,False,False,2026-09-05T07:43:36Z,https://www.thetraffic.in/data/intersections.v1.json,ODbL-1.0
gw-84480b554b72,Subedar Chatram Road × Acharya Govind Vittal Bhave Road,12.987826,77.574263,8612,junction,unknown,294083863,False,False,2026-09-05T07:43:36Z,https://www.thetraffic.in/data/intersections.v1.json,ODbL-1.0
gw-6ab9e7714811,Mahakavi Kuvempu Road × 20th Main Road,12.997773,77.55087,8617,junction,unknown,1109138335;3919864572;5558684112;12759075011;13392355626;13392355627,False,False,2026-09-05T07:43:36Z,https://www.thetraffic.in/data/intersections.v1.json,ODbL-1.0
gw-bf508fb7ac3a,Kumara Krupa Road × Hare Krishna Road,12.986497,77.579705,8629,junction,unknown,11268445211;11268445212;11268445213;11268445214,False,False,2026-09-05T07:43:36Z,https://www.thetraffic.in/data/intersections.v1.json,ODbL-1.0
gw-994936e58fe3,St. John's Road × Saint John's Church Road,12.988578,77.617244,8629,junction,unknown,12943244668;12943244669;12943244670;12943244671,False,False,2026-09-05T07:43:36Z,https://www.thetraffic.in/data/intersections.v1.json,ODbL-1.0
gw-f206ad14b03f,5th Cross Road × Dr. Rajkumar Road,12.994898,77.55513,8652,junction,unknown,1521036326;4703663956,False,False,2026-09-05T07:43:36Z,https://www.thetraffic.in/data/intersections.v1.json,ODbL-1.0
gw-f0b8f2f49324,Modi Hospital Main Road × WOC,12.997559,77.550104,8682,junction,unknown,1109138343;3919864571,False,False,2026-09-05T07:43:36Z,https://www.thetraffic.in/data/intersections.v1.json,ODbL-1.0
gw-5d87b8902c17,Millers Road × Raj Bhavan Road,12.984731,77.588542,8705,junction,unknown,8504197414;11286303328,False,False,2026-09-05T07:43:36Z,https://www.thetraffic.in/data/intersections.v1.json,ODbL-1.0
gw-ad97ba058055,Queen's Road signal,12.984566,77.597259,8709,midblock_or_single_road,unknown,2462936984,False,False,2026-09-05T07:43:36Z,https://www.thetraffic.in/data/intersections.v1.json,ODbL-1.0
gw-fff4d5ac6f18,Doctor B R Ambedkar Veedhi signal,12.984196,77.596936,8749,midblock_or_single_road,unknown,1523537390,False,False,2026-09-05T07:43:36Z,https://www.thetraffic.in/data/intersections.v1.json,ODbL-1.0
gw-9a103df98917,Devaraj Urs Road signal,12.984299,77.588304,8754,midblock_or_single_road,unknown,11286303319,False,False,2026-09-05T07:43:36Z,https://www.thetraffic.in/data/intersections.v1.json,ODbL-1.0
gw-fcde204c6ea1,Palace Road × Race Course Road,12.984271,77.587836,8761,junction,unknown,11286303320;11286303321,False,False,2026-09-05T07:43:36Z,https://www.thetraffic.in/data/intersections.v1.json,ODbL-1.0
gw-55dd411df49e,Hare Krishna Road × Race Course Road,12.984475,77.58228,8806,junction,unknown,3676198961;5372295313;7276500322;12147929620;12429482558;13929364694;13929364695,True,False,2026-09-05T07:43:36Z,https://www.thetraffic.in/data/intersections.v1.json,ODbL-1.0
gw-331b059c3216,Saint John's Church Road × Assayee Road,12.987331,77.619276,8827,junction,unknown,1516426367;1843585356,False,False,2026-09-05T07:43:36Z,https://www.thetraffic.in/data/intersections.v1.json,ODbL-1.0
gw-3757a22b6b2e,Doctor B R Ambedkar Veedhi × Infantry Road,12.983249,77.595759,8850,junction,unknown,2382016055;2386067856;10121050218,False,False,2026-09-05T07:43:36Z,https://www.thetraffic.in/data/intersections.v1.json,ODbL-1.0
gw-d59d0bba8fbc,Unnamed signal,12.9872,77.620013,8866,midblock_or_single_road,unknown,13377674281,False,False,2026-09-05T07:43:36Z,https://www.thetraffic.in/data/intersections.v1.json,ODbL-1.0
gw-df6c166f13f9,Unnamed signal,12.98678,77.619491,8893,midblock_or_single_road,unknown,1516426402,False,False,2026-09-05T07:43:36Z,https://www.thetraffic.in/data/intersections.v1.json,ODbL-1.0
gw-a3c5547426d4,Tumkur Road × Coconut Garden Road,13.042422,77.514674,8897,junction,unknown,571438265;1054665120;6033543943,False,False,2026-09-05T07:43:36Z,https://www.thetraffic.in/data/intersections.v1.json,ODbL-1.0
gw-43fe87f36422,Infantry Road × Queen's Road,12.982838,77.597048,8900,junction,unknown,294081382;11342970532,False,False,2026-09-05T07:43:36Z,https://www.thetraffic.in/data/intersections.v1.json,ODbL-1.0
gw-783debfdbbda,High Tension Road × Peenya Inner Ring Road,13.028531,77.519703,8915,junction,unknown,419638282,False,False,2026-09-05T07:43:36Z,https://www.thetraffic.in/data/intersections.v1.json,ODbL-1.0
gw-03c7650d2ad7,5th Main Road × Sri M Thimmaiah Road,12.997452,77.546377,8920,junction,unknown,13392355632;13392355633;13392355634;13392355635,False,False,2026-09-05T07:43:36Z,https://www.thetraffic.in/data/intersections.v1.json,ODbL-1.0
gw-bf340125609c,Peenya Inner Ring Road signal,13.025877,77.52077,8942,junction,unknown,308072410;1794666983,False,False,2026-09-05T07:43:36Z,https://www.thetraffic.in/data/intersections.v1.json,ODbL-1.0
gw-d2a063c7c63f,Platform Road × Dhanvanthari Road,12.984796,77.572109,8997,junction,unknown,294082867;308063197;2014710885;2014710915;2014710929;2014710951;2014710968;6904892124,True,False,2026-09-05T07:43:36Z,https://www.thetraffic.in/data/intersections.v1.json,ODbL-1.0
gw-740b2dcbd2b7,Doctor B R Ambedkar Veedhi × Raj Bhavan Road,12.981847,77.594706,9005,junction,unknown,11684233293;11684233294;11684233295;12147813610,False,False,2026-09-05T07:43:36Z,https://www.thetraffic.in/data/intersections.v1.json,ODbL-1.0
gw-652d015ce6a6,Palace Road signal,12.981716,77.586707,9054,midblock_or_single_road,unknown,12138994485;12138994486,False,False,2026-09-05T07:43:36Z,https://www.thetraffic.in/data/intersections.v1.json,ODbL-1.0
gw-2fb752c32724,Siddhaiah Puranik Road × Modi Hospital Main Road,12.999345,77.541127,9096,junction,unknown,12441867995;12441867996;12441867997;12441867998,False,False,2026-09-05T07:43:36Z,https://www.thetraffic.in/data/intersections.v1.json,ODbL-1.0
gw-63cc7c7c396a,Queen's Road signal,12.981032,77.59713,9101,pedestrian_crossing,unknown,10016225617;13451926992,False,False,2026-09-05T07:43:36Z,https://www.thetraffic.in/data/intersections.v1.json,ODbL-1.0
gw-6668d9c89afe,Jumma Masjid Road × Bowring Hospital Road,12.981566,77.605412,9119,junction,unknown,343594553,False,False,2026-09-05T07:43:36Z,https://www.thetraffic.in/data/intersections.v1.json,ODbL-1.0
gw-eb680b1ac38f,Cubbon Road × Queen's Road,12.980691,77.597556,9141,junction,unknown,11286314186;11434604018;11434604019,False,False,2026-09-05T07:43:36Z,https://www.thetraffic.in/data/intersections.v1.json,ODbL-1.0
gw-a401521777fb,12th Main Road × 41st Cross Road,12.98995,77.554411,9173,junction,unknown,446860595,False,False,2026-09-05T07:43:36Z,https://www.thetraffic.in/data/intersections.v1.json,ODbL-1.0
gw-fef371b1c819,Central Street × Infantry Road,12.980743,77.602906,9177,junction,unknown,254665681,False,False,2026-09-05T07:43:36Z,https://www.thetraffic.in/data/intersections.v1.json,ODbL-1.0
gw-e52a1241b064,Banaswadi Main Road signal,13.013314,77.661987,9188,midblock_or_single_road,unknown,343322076,False,False,2026-09-05T07:43:36Z,https://www.thetraffic.in/data/intersections.v1.json,ODbL-1.0
gw-8ce9b01d25c6,Unnamed signal,13.013534,77.662421,9211,midblock_or_single_road,unknown,343462692,False,False,2026-09-05T07:43:36Z,https://www.thetraffic.in/data/intersections.v1.json,ODbL-1.0
gw-6f781b3f6cb0,Service Road signal,13.012934,77.662128,9225,midblock_or_single_road,unknown,7485457399,False,False,2026-09-05T07:43:36Z,https://www.thetraffic.in/data/intersections.v1.json,ODbL-1.0
gw-94a6b0f2ea80,Infantry Road × Lady Curzon Road,12.980407,77.603862,9226,junction,unknown,254665683,False,False,2026-09-05T07:43:36Z,https://www.thetraffic.in/data/intersections.v1.json,ODbL-1.0
gw-a670ec4dd3eb,Ramamurthinagar Main Road signal,13.01313,77.662519,9246,midblock_or_single_road,unknown,7485457400,False,False,2026-09-05T07:43:36Z,https://www.thetraffic.in/data/intersections.v1.json,ODbL-1.0
gw-34222105c060,Kamaraj Road × Dispensary Road,12.980924,77.610072,9270,junction,unknown,249082234;1837445468;10123663920,False,False,2026-09-05T07:43:36Z,https://www.thetraffic.in/data/intersections.v1.json,ODbL-1.0
gw-272446c6b3c1,Sheshadri Road × W H Hanumanthappa Road,12.980585,77.576956,9331,junction,unknown,428853824;10121158786;12139240707;13397050517,False,False,2026-09-05T07:43:36Z,https://www.thetraffic.in/data/intersections.v1.json,ODbL-1.0
gw-4939c9176e67,Central Street × Cubbon Road,12.979191,77.602423,9344,junction,unknown,3305876073;13266242070;13266242072,False,False,2026-09-05T07:43:36Z,https://www.thetraffic.in/data/intersections.v1.json,ODbL-1.0
gw-cc0b887385e6,Kalidasa Road × Sheshadri Road,12.979576,77.58182,9352,junction,unknown,428853845;9629025771;9930001009,False,False,2026-09-05T07:43:36Z,https://www.thetraffic.in/data/intersections.v1.json,ODbL-1.0
gw-0eb396303352,Chord Road × 8th Main Road,12.990113,77.550655,9355,junction,unknown,448116638;448116639;12068481099;12068481101,False,False,2026-09-05T07:43:36Z,https://www.thetraffic.in/data/intersections.v1.json,ODbL-1.0
gw-7b0cb718b485,Subedar Chatram Road × Sheshadri Road,12.980773,77.57465,9364,junction,unknown,286681888;1560168999;1636623257;12123536071,False,False,2026-09-05T07:43:36Z,https://www.thetraffic.in/data/intersections.v1.json,ODbL-1.0
gw-e053cc03cca7,Main Guard Cross Road × Infantry Road,12.97925,77.607014,9398,junction,unknown,13954289419;13954289420,False,False,2026-09-05T07:43:36Z,https://www.thetraffic.in/data/intersections.v1.json,ODbL-1.0
gw-319a4beb1cac,12th Main Road × 50th Cross Road,12.987549,77.554288,9416,junction,unknown,446860594,False,False,2026-09-05T07:43:36Z,https://www.thetraffic.in/data/intersections.v1.json,ODbL-1.0
gw-25a3ec44bc78,Bagalgunte Main Road × Hesaraghatta Main Road,13.056721,77.507279,9428,junction,unknown,9691908049;13245249367,False,False,2026-09-05T07:43:36Z,https://www.thetraffic.in/data/intersections.v1.json,ODbL-1.0
gw-74268e133511,Hesaraghatta Main Road signal,13.059452,77.50697,9444,midblock_or_single_road,unknown,13245249368;13245249369,False,False,2026-09-05T07:43:36Z,https://www.thetraffic.in/data/intersections.v1.json,ODbL-1.0
gw-c72775aaf1aa,Doctor B R Ambedkar Veedhi signal,12.977887,77.590953,9451,midblock_or_single_road,unknown,286965860,False,False,2026-09-05T07:43:36Z,https://www.thetraffic.in/data/intersections.v1.json,ODbL-1.0
gw-675d4525ad1e,Doctor B R Ambedkar Veedhi signal,12.977585,77.590487,9486,midblock_or_single_road,unknown,1726152644,False,False,2026-09-05T07:43:36Z,https://www.thetraffic.in/data/intersections.v1.json,ODbL-1.0
gw-e5a7aa7ab28f,Unnamed signal,12.97756,77.590931,9487,midblock_or_single_road,unknown,10123826914,False,False,2026-09-05T07:43:36Z,https://www.thetraffic.in/data/intersections.v1.json,ODbL-1.0
gw-d8c473910192,Gubbi Thotadappa Road × Khodays Circle,12.980094,77.571036,9532,junction,unknown,1636820456;1636820490;3755576616;10015684285,False,False,2026-09-05T07:43:36Z,https://www.thetraffic.in/data/intersections.v1.json,ODbL-1.0
gw-b6e34a5caea0,Main Guard Cross Road signal,12.97799,77.606714,9532,pedestrian_crossing,unknown,1837595259,False,False,2026-09-05T07:43:36Z,https://www.thetraffic.in/data/intersections.v1.json,ODbL-1.0
gw-b14672b35df8,Unnamed signal,12.981843,77.622996,9534,midblock_or_single_road,unknown,1698055256,False,False,2026-09-05T07:43:36Z,https://www.thetraffic.in/data/intersections.v1.json,ODbL-1.0
gw-1529d87b3c82,80 Feet Road signal,12.983417,77.560311,9558,midblock_or_single_road,unknown,11065720756,False,False,2026-09-05T07:43:36Z,https://www.thetraffic.in/data/intersections.v1.json,ODbL-1.0
gw-70e53638fc6f,Bhaskaran Road signal,12.981509,77.622843,9564,pedestrian_crossing,unknown,12144670572,False,False,2026-09-05T07:43:36Z,https://www.thetraffic.in/data/intersections.v1.json,ODbL-1.0
gw-9f3ea28316a7,Murphy Road signal,12.981592,77.62322,9568,pedestrian_crossing,unknown,26529553,False,False,2026-09-05T07:43:36Z,https://www.thetraffic.in/data/intersections.v1.json,ODbL-1.0
gw-5a1108788a2f,Queen's Road signal,12.976845,77.599295,9577,midblock_or_single_road,unknown,1650305509,False,False,2026-09-05T07:43:36Z,https://www.thetraffic.in/data/intersections.v1.json,ODbL-1.0
gw-9eb882cbc4bf,Tumkur Road × Hesaraghatta Main Road,13.045373,77.50733,9596,junction,unknown,3833983041;3856885384;9691908031;9691908032;10274836884,False,False,2026-09-05T07:43:36Z,https://www.thetraffic.in/data/intersections.v1.json,ODbL-1.0
gw-3b984535c72d,Dr. Rajkumar Road × Vatal Nagaraj Road,12.983001,77.560298,9601,junction,unknown,1111557424;11065720738;12985420289,False,False,2026-09-05T07:43:36Z,https://www.thetraffic.in/data/intersections.v1.json,ODbL-1.0
gw-00ddd20cdde9,Mahatma Gandhi Road signal,12.976583,77.599514,9608,midblock_or_single_road,unknown,11342900898;12147816740,False,False,2026-09-05T07:43:36Z,https://www.thetraffic.in/data/intersections.v1.json,ODbL-1.0
gw-cd0a0caf8652,Kasturba Road signal,12.976523,77.598994,9611,midblock_or_single_road,unknown,1232686144,False,False,2026-09-05T07:43:36Z,https://www.thetraffic.in/data/intersections.v1.json,ODbL-1.0
gw-6ea8350ebbea,Chord Road × Sri M Thimmaiah Road,12.987843,77.549923,9613,junction,unknown,308232380;308232865;12068481103;12507214389,False,False,2026-09-05T07:43:36Z,https://www.thetraffic.in/data/intersections.v1.json,ODbL-1.0
gw-e3071855f6a7,Dhanvanthari Road signal,12.978705,77.57323,9623,junction,unknown,5558684129;10035532963,False,False,2026-09-05T07:43:36Z,https://www.thetraffic.in/data/intersections.v1.json,ODbL-1.0
gw-d4618b532d13,Saint Mark's Road × Mahatma Gandhi Road,12.976564,77.601822,9629,junction,unknown,3305876069;10016346057;11283488131;11283488139,False,False,2026-09-05T07:43:36Z,https://www.thetraffic.in/data/intersections.v1.json,ODbL-1.0
gw-825fca539e8a,Sheshadri Road signal,12.976158,77.58702,9668,midblock_or_single_road,unknown,10978687900,False,False,2026-09-05T07:43:36Z,https://www.thetraffic.in/data/intersections.v1.json,ODbL-1.0
gw-ea510c311716,Doctor B R Ambedkar Veedhi signal,12.975802,77.587617,9702,midblock_or_single_road,unknown,10978687899;10978687901,False,False,2026-09-05T07:43:36Z,https://www.thetraffic.in/data/intersections.v1.json,ODbL-1.0
gw-b3b66ca1df8f,Old Post Office Road signal,12.975728,77.586763,9717,midblock_or_single_road,unknown,10978687898,False,False,2026-09-05T07:43:36Z,https://www.thetraffic.in/data/intersections.v1.json,ODbL-1.0
gw-9ce0d2717717,12th Main Road × Channakrishnayya Road,12.984447,77.554163,9730,junction,unknown,1111583828;12507214356;12507214357;12507214358,False,False,2026-09-05T07:43:36Z,https://www.thetraffic.in/data/intersections.v1.json,ODbL-1.0
gw-81b5ddf763ca,Murphy Road signal,12.981751,77.628541,9757,pedestrian_crossing,unknown,431524344;3304182907;3304182912,False,False,2026-09-05T07:43:36Z,https://www.thetraffic.in/data/intersections.v1.json,ODbL-1.0
gw-0cce72abaa64,"Kirloskar Layout Main Road × Airforce station Road, Chimney Hills",13.066683,77.50332,9841,junction,unknown,433833664;10274940012,False,False,2026-09-05T07:43:36Z,https://www.thetraffic.in/data/intersections.v1.json,ODbL-1.0
gw-f503438830ea,Mahatma Gandhi Road signal,12.975228,77.607787,9853,midblock_or_single_road,unknown,11464483508,False,False,2026-09-05T07:43:36Z,https://www.thetraffic.in/data/intersections.v1.json,ODbL-1.0
gw-9bf39a73b320,Kamaraj Road signal,12.975142,77.608165,9869,midblock_or_single_road,unknown,334482516;1837445421,False,False,2026-09-05T07:43:36Z,https://www.thetraffic.in/data/intersections.v1.json,ODbL-1.0
gw-ae96a23726e5,Dickenson Road × Halasuru Road,12.976311,77.614763,9877,junction,unknown,1837783520;12452734629;12452734630,False,False,2026-09-05T07:43:36Z,https://www.thetraffic.in/data/intersections.v1.json,ODbL-1.0
gw-07eee6a4e20f,Swamy Vivekananda Road × Murphy Road,12.981622,77.631309,9889,pedestrian_crossing,unknown,251082959;12538092507;12538092508,False,False,2026-09-05T07:43:36Z,https://www.thetraffic.in/data/intersections.v1.json,ODbL-1.0
gw-c215fc400965,Subedar Chatram Road signal,12.975533,77.575984,9903,midblock_or_single_road,unknown,11071026806;12421958514,False,False,2026-09-05T07:43:36Z,https://www.thetraffic.in/data/intersections.v1.json,ODbL-1.0
gw-1e35b60068b3,3rd Main Road × High Tension Road,13.025096,77.511113,9919,junction,unknown,483412094,False,False,2026-09-05T07:43:36Z,https://www.thetraffic.in/data/intersections.v1.json,ODbL-1.0
gw-7c826323d257,Thambuchettypalya Main Road × Horamavu Road,13.019999,77.674496,9927,junction,unknown,442438288,False,False,2026-09-05T07:43:36Z,https://www.thetraffic.in/data/intersections.v1.json,ODbL-1.0
gw-e44358a4ff8f,Dhanvanthari Road × Kempegowda Road,12.975482,77.574768,9935,junction,unknown,294083347;12421958517;12421958518,False,False,2026-09-05T07:43:36Z,https://www.thetraffic.in/data/intersections.v1.json,ODbL-1.0
gw-dd5768cd5d48,Kempegowda Road signal,12.975136,77.576375,9938,midblock_or_single_road,unknown,294083513;347295433,False,False,2026-09-05T07:43:36Z,https://www.thetraffic.in/data/intersections.v1.json,ODbL-1.0
gw-e5596ffedaf3,Swamy Vivekananda Road × Kadirayyanapalya Main Road,12.98255,77.634728,9953,junction,unknown,1213632636,False,False,2026-09-05T07:43:36Z,https://www.thetraffic.in/data/intersections.v1.json,ODbL-1.0
gw-4d6c86aa0610,Dickenson Road × Cubbon Road,12.975373,77.614369,9970,junction,unknown,249082188;1837783512;1837783514,False,False,2026-09-05T07:43:36Z,https://www.thetraffic.in/data/intersections.v1.json,ODbL-1.0
gw-687faf711b3f,National Public School Circle,12.984461,77.549183,9980,midblock_or_single_road,unknown,308232384,False,False,2026-09-05T07:43:36Z,https://www.thetraffic.in/data/intersections.v1.json,ODbL-1.0
gw-0a7fa0ee7ff5,B.V.K. Iyengar Road × Kalidasa Road,12.974317,77.578266,9990,junction,unknown,10231033892;11390080363;11390080364,False,False,2026-09-05T07:43:36Z,https://www.thetraffic.in/data/intersections.v1.json,ODbL-1.0
gw-018bc49c5036,National Public School Circle,12.984323,77.548878,10009,junction,unknown,308232862;12068481105,False,False,2026-09-05T07:43:36Z,https://www.thetraffic.in/data/intersections.v1.json,ODbL-1.0
gw-ec576f639d44,Residency Road × Mahatma Gandhi Road,12.974317,77.611128,10013,junction,unknown,4044263598;4044263599;9984551452,False,False,2026-09-05T07:43:36Z,https://www.thetraffic.in/data/intersections.v1.json,ODbL-1.0
gw-ec1c482b04ed,Bhaskaran Road signal,12.976351,77.620308,10026,midblock_or_single_road,unknown,6341774848,False,False,2026-09-05T07:43:36Z,https://www.thetraffic.in/data/intersections.v1.json,ODbL-1.0
gw-c991f7ac209d,Palace Road signal,12.973325,77.581299,10048,midblock_or_single_road,unknown,12134062487,False,False,2026-09-05T07:43:36Z,https://www.thetraffic.in/data/intersections.v1.json,ODbL-1.0
gw-1d063ba283d5,Indiranagar Double Road signal,12.982919,77.637438,10050,midblock_or_single_road,unknown,3352035441;6901551440,False,False,2026-09-05T07:43:36Z,https://www.thetraffic.in/data/intersections.v1.json,ODbL-1.0
gw-e4f5e63ebe80,Gangadhar Chetty Road signal,12.976015,77.620178,10058,midblock_or_single_road,unknown,6341774847,False,False,2026-09-05T07:43:36Z,https://www.thetraffic.in/data/intersections.v1.json,ODbL-1.0
gw-f42f6ad8a4dc,Tank Bund Road signal,12.974285,77.575033,10060,midblock_or_single_road,unknown,13396930899;13396930900,False,False,2026-09-05T07:43:36Z,https://www.thetraffic.in/data/intersections.v1.json,ODbL-1.0
gw-fbb748a810da,Kasturba Road × Vittal Mallya Road,12.972071,77.594015,10092,junction,unknown,428420881;4058224812;4058224830;10783592398;11342975178;12673415800,False,False,2026-09-05T07:43:36Z,https://www.thetraffic.in/data/intersections.v1.json,ODbL-1.0
gw-92b00686acde,Mysore Bank Circle,12.97289,77.581431,10094,junction,unknown,249087971;1087824452;9140200248;11420343302,False,False,2026-09-05T07:43:36Z,https://www.thetraffic.in/data/intersections.v1.json,ODbL-1.0
gw-36025517af9b,Bhaskaran Road signal,12.975668,77.620245,10097,midblock_or_single_road,unknown,6341774849,False,False,2026-09-05T07:43:36Z,https://www.thetraffic.in/data/intersections.v1.json,ODbL-1.0
gw-44c431ac289d,Swamy Vivekananda Road signal,12.984069,77.640536,10100,midblock_or_single_road,unknown,251145689;432501724,False,False,2026-09-05T07:43:36Z,https://www.thetraffic.in/data/intersections.v1.json,ODbL-1.0
gw-27685cf46d88,Swamy Vivekananda Road × Yellamma Koil Street,12.978419,77.628561,10101,junction,unknown,253521405;12538092510,False,False,2026-09-05T07:43:36Z,https://www.thetraffic.in/data/intersections.v1.json,ODbL-1.0
gw-6982e55c1d00,TCM Royan Road × Gubbi Thotadappa Road,12.974774,77.570694,10114,junction,unknown,347295554;679993212;13659423696,False,False,2026-09-05T07:43:36Z,https://www.thetraffic.in/data/intersections.v1.json,ODbL-1.0
gw-2374be9bc52e,100 Feet Road signal,12.98377,77.640542,10129,midblock_or_single_road,unknown,736207271,False,False,2026-09-05T07:43:36Z,https://www.thetraffic.in/data/intersections.v1.json,ODbL-1.0
gw-dffd3b6153a6,Mahatma Gandhi Road × Dickenson Road,12.973778,77.613913,10132,junction,unknown,2694706128;7686283259;13451926946,False,False,2026-09-05T07:43:36Z,https://www.thetraffic.in/data/intersections.v1.json,ODbL-1.0
gw-19de6b54897e,Channakrishnayya Road signal,12.980253,77.553823,10165,midblock_or_single_road,unknown,13701933452,False,False,2026-09-05T07:43:36Z,https://www.thetraffic.in/data/intersections.v1.json,ODbL-1.0
gw-927d1223eea8,Magadi Road × Old Mysuru Road,12.975854,77.564462,10190,junction,unknown,1820423092;1931866158;4703697696,False,False,2026-09-05T07:43:36Z,https://www.thetraffic.in/data/intersections.v1.json,ODbL-1.0
gw-cdd8aafbc52b,Bhaskaran Road × Halasuru Road,12.974669,77.620003,10197,junction,unknown,26529522;3980460302,False,False,2026-09-05T07:43:36Z,https://www.thetraffic.in/data/intersections.v1.json,ODbL-1.0
gw-db108966a124,Residency Road × Brigade Road,12.971967,77.60696,10199,junction,unknown,248459796;11286580549,False,False,2026-09-05T07:43:36Z,https://www.thetraffic.in/data/intersections.v1.json,ODbL-1.0
gw-72cc4e93a633,Swamy Vivekananda Road × 80 Feet Road,12.98568,77.645085,10203,junction,unknown,253179978;3370456536;10291078965,False,False,2026-09-05T07:43:36Z,https://www.thetraffic.in/data/intersections.v1.json,ODbL-1.0
gw-cdb4fd1ab7b5,Dr. Rajkumar Road signal,12.979872,77.553814,10204,midblock_or_single_road,unknown,13701933464;13701946301,False,False,2026-09-05T07:43:36Z,https://www.thetraffic.in/data/intersections.v1.json,ODbL-1.0
gw-2af1f317c1d8,Swamy Vivekananda Road signal,12.987095,77.648239,10263,midblock_or_single_road,unknown,11801662688;11801662689,False,False,2026-09-05T07:43:36Z,https://www.thetraffic.in/data/intersections.v1.json,ODbL-1.0
gw-2cbdb1dd2e90,Swamy Vivekananda Road × Suranjandas Road,12.986794,77.647819,10264,junction,unknown,432501735;14136326749,False,False,2026-09-05T07:43:36Z,https://www.thetraffic.in/data/intersections.v1.json,ODbL-1.0
gw-1a1e7162c56a,Residency Road × Museum Road,12.970802,77.604763,10298,junction,unknown,12120691271;12120691272,False,False,2026-09-05T07:43:36Z,https://www.thetraffic.in/data/intersections.v1.json,ODbL-1.0
gw-ba344ffce522,Swamy Vivekananda Road × Shivashankar Road,12.975024,77.625334,10333,junction,unknown,287911537;3730964461;12006381703;12531390543,False,False,2026-09-05T07:43:36Z,https://www.thetraffic.in/data/intersections.v1.json,ODbL-1.0
gw-edf77ff92439,Siddhaiah Puranik Road × 1st Main Road,12.987958,77.537487,10340,junction,unknown,446860580;9603588754;12441126037;12441867942,False,False,2026-09-05T07:43:36Z,https://www.thetraffic.in/data/intersections.v1.json,ODbL-1.0
gw-cdec10228aba,Mahatma Gandhi Road signal,12.972603,77.619473,10403,midblock_or_single_road,unknown,3170035581;10560858053,False,False,2026-09-05T07:43:36Z,https://www.thetraffic.in/data/intersections.v1.json,ODbL-1.0
gw-64a90d23f950,Swamy Vivekananda Road signal,12.972707,77.620161,10411,midblock_or_single_road,unknown,3170035580;3170035583,False,False,2026-09-05T07:43:36Z,https://www.thetraffic.in/data/intersections.v1.json,ODbL-1.0
gw-f4f3224c9844,Magrath Road × Commissariat Road,12.970399,77.61028,10426,junction,unknown,60952479;1454651894;11854316025,False,False,2026-09-05T07:43:36Z,https://www.thetraffic.in/data/intersections.v1.json,ODbL-1.0
gw-d92ebe41941d,Swamy Vivekananda Road × Srinivasapura Main Road,12.989997,77.654787,10432,junction,unknown,481750173,False,False,2026-09-05T07:43:36Z,https://www.thetraffic.in/data/intersections.v1.json,ODbL-1.0
gw-7beccdabc0b6,Trinity Church Road signal,12.972246,77.619479,10441,midblock_or_single_road,unknown,1460720463,False,False,2026-09-05T07:43:36Z,https://www.thetraffic.in/data/intersections.v1.json,ODbL-1.0
gw-f1c81223061c,Indiranagar Double Road × Chinmaya Mission Hospital Road,12.978252,77.636715,10477,junction,unknown,253521398;1212302913;1404460897;1404460899,False,False,2026-09-05T07:43:36Z,https://www.thetraffic.in/data/intersections.v1.json,ODbL-1.0
gw-a7b0f9c4a2d5,Swamy Vivekananda Road × Varthuru Road,12.991166,77.657188,10499,junction,unknown,355427675;355427677;11338711006,False,False,2026-09-05T07:43:36Z,https://www.thetraffic.in/data/intersections.v1.json,ODbL-1.0
gw-46509885bc46,Richmond Road × Trinity Church Road,12.971501,77.619476,10521,junction,unknown,2999494951;2999530964;11707460670,False,False,2026-09-05T07:43:36Z,https://www.thetraffic.in/data/intersections.v1.json,ODbL-1.0
gw-b7587522dfe0,Kasturba Road signal,12.968053,77.589125,10552,midblock_or_single_road,unknown,663313897,False,False,2026-09-05T07:43:36Z,https://www.thetraffic.in/data/intersections.v1.json,ODbL-1.0
gw-84667bce806d,Nrupatunga Road signal,12.968152,77.587344,10553,midblock_or_single_road,unknown,287793968,False,False,2026-09-05T07:43:36Z,https://www.thetraffic.in/data/intersections.v1.json,ODbL-1.0
gw-8572439dd2e0,Residency Road × Saint Mark's Road,12.967982,77.600293,10568,junction,unknown,248455465;1548748220;11496183648,False,False,2026-09-05T07:43:36Z,https://www.thetraffic.in/data/intersections.v1.json,ODbL-1.0
gw-9bf0c31875ad,Kempegowda Road signal,12.967922,77.587115,10580,midblock_or_single_road,unknown,10001161216,False,False,2026-09-05T07:43:36Z,https://www.thetraffic.in/data/intersections.v1.json,ODbL-1.0
gw-831c53b6bebd,Brigade Road × Castle Street,12.968282,77.606207,10595,junction,unknown,263155275;9933265932;10120941856;12460929659,False,False,2026-09-05T07:43:36Z,https://www.thetraffic.in/data/intersections.v1.json,ODbL-1.0
gw-a5bfadd07114,Hudson Circle signal,12.967758,77.587438,10596,midblock_or_single_road,unknown,286679458,False,False,2026-09-05T07:43:36Z,https://www.thetraffic.in/data/intersections.v1.json,ODbL-1.0
gw-6376edf6f6d4,Devanga Hostel Road × Hudson Circle,12.967552,77.588673,10610,junction,unknown,663313890;1611272493;12128943114,False,False,2026-09-05T07:43:36Z,https://www.thetraffic.in/data/intersections.v1.json,ODbL-1.0
gw-7895b7afcb52,Vittal Mallya Road signal,12.967051,77.594682,10650,midblock_or_single_road,unknown,11425338082,False,False,2026-09-05T07:43:36Z,https://www.thetraffic.in/data/intersections.v1.json,ODbL-1.0
gw-2f09d55d761c,Chinmaya Mission Hospital Road × 100 Feet Road,12.978377,77.640871,10671,junction,unknown,253521393;736207419;1404460918;13112165568,False,False,2026-09-05T07:43:36Z,https://www.thetraffic.in/data/intersections.v1.json,ODbL-1.0
gw-8bb467cd036c,JC Road × Cubbonpet Main Road,12.966847,77.587417,10697,junction,unknown,286679410;286679427;429230963;12609390302,False,False,2026-09-05T07:43:36Z,https://www.thetraffic.in/data/intersections.v1.json,ODbL-1.0
gw-ccbaae42ebba,Swamy Vivekananda Road signal,12.994293,77.663509,10707,midblock_or_single_road,unknown,343320203,False,False,2026-09-05T07:43:36Z,https://www.thetraffic.in/data/intersections.v1.json,ODbL-1.0
gw-6ce544021028,Magrath Road signal,12.968513,77.614054,10708,midblock_or_single_road,unknown,2999530965,False,False,2026-09-05T07:43:36Z,https://www.thetraffic.in/data/intersections.v1.json,ODbL-1.0
gw-5329de731b24,Unnamed signal,12.968521,77.614495,10717,unresolved,unknown,61748543,True,False,2026-09-05T07:43:36Z,https://www.thetraffic.in/data/intersections.v1.json,ODbL-1.0
gw-d3ffecd3afe4,Magadi Road × Dr. Rajkumar Road,12.975104,77.552373,10750,junction,unknown,1820411778;13701946393;13701946510,False,False,2026-09-05T07:43:36Z,https://www.thetraffic.in/data/intersections.v1.json,ODbL-1.0
gw-27f724921f38,Commissariat Road × Richmond Road,12.967493,77.611246,10762,junction,unknown,4903183638;10020359439,False,False,2026-09-05T07:43:36Z,https://www.thetraffic.in/data/intersections.v1.json,ODbL-1.0
gw-fe4f82fe3480,Wood Street × Richmond Road,12.966667,77.608782,10810,junction,unknown,308924882;12462507905;12462507906,False,False,2026-09-05T07:43:36Z,https://www.thetraffic.in/data/intersections.v1.json,ODbL-1.0
gw-fbc19f23d010,Philomena's Hospital Road × Victoria Road,12.967041,77.611407,10815,junction,unknown,1557291145;12462507966,False,False,2026-09-05T07:43:36Z,https://www.thetraffic.in/data/intersections.v1.json,ODbL-1.0
gw-505daf931fb2,Brigade Road × Richmond Road,12.966236,77.6068,10828,junction,unknown,60952260;6421171389;10043357423,False,False,2026-09-05T07:43:36Z,https://www.thetraffic.in/data/intersections.v1.json,ODbL-1.0
gw-4c7060819bc0,Doctor TCM Royan Road signal,12.968816,77.568048,10828,midblock_or_single_road,unknown,429726441,False,False,2026-09-05T07:43:36Z,https://www.thetraffic.in/data/intersections.v1.json,ODbL-1.0
gw-1424ef80c111,JC Road × Dharmaraya Temple Road,12.965699,77.586666,10830,junction,unknown,246171012;249087936;429001265;12111889685,False,False,2026-09-05T07:43:36Z,https://www.thetraffic.in/data/intersections.v1.json,ODbL-1.0
gw-b39593f3150e,Unnamed signal,12.9653,77.60077,10869,unresolved,unknown,12101720464,True,False,2026-09-05T07:43:36Z,https://www.thetraffic.in/data/intersections.v1.json,ODbL-1.0
gw-535221ab2b61,14th Cross Road × 3rd Main Road,13.016497,77.505643,10878,junction,unknown,483412558,False,False,2026-09-05T07:43:36Z,https://www.thetraffic.in/data/intersections.v1.json,ODbL-1.0
gw-d09cf8168134,Unnamed signal,12.964968,77.596607,10885,midblock_or_single_road,unknown,428435127,False,False,2026-09-05T07:43:36Z,https://www.thetraffic.in/data/intersections.v1.json,ODbL-1.0
gw-dbba8d965add,Richmond Road signal,12.964887,77.59727,10896,midblock_or_single_road,unknown,1067781019;7132495604,False,False,2026-09-05T07:43:36Z,https://www.thetraffic.in/data/intersections.v1.json,ODbL-1.0
gw-49b475a0d5f3,9th Cross Road × 8th Cross Road,12.978499,77.542613,10910,junction,unknown,286681113;1524489173;4696742622;13598615868,False,False,2026-09-05T07:43:36Z,https://www.thetraffic.in/data/intersections.v1.json,ODbL-1.0
gw-669fc2ed72eb,Unnamed signal,12.975251,77.548666,10911,midblock_or_single_road,unknown,429286843,False,False,2026-09-05T07:43:36Z,https://www.thetraffic.in/data/intersections.v1.json,ODbL-1.0
gw-495fe60a4883,Mission Road signal,12.964675,77.596728,10918,midblock_or_single_road,unknown,248455447,False,False,2026-09-05T07:43:36Z,https://www.thetraffic.in/data/intersections.v1.json,ODbL-1.0
gw-69f9356b1cac,Chinmaya Mission Hospital Road × Sri Krishna Temple Road,12.978934,77.646511,10921,junction,unknown,253179984;355428774;3370456522;3370456523;3370456524;11497593345,False,False,2026-09-05T07:43:36Z,https://www.thetraffic.in/data/intersections.v1.json,ODbL-1.0
gw-46778c3eb1fc,Victoria Road × Palm Grove Road,12.966478,77.614025,10929,junction,unknown,306834748;12550783780;12550784915,False,False,2026-09-05T07:43:36Z,https://www.thetraffic.in/data/intersections.v1.json,ODbL-1.0
gw-32c19bc03bfc,Magadi Road signal,12.97511,77.548187,10948,midblock_or_single_road,unknown,249084487;1820431145,False,False,2026-09-05T07:43:36Z,https://www.thetraffic.in/data/intersections.v1.json,ODbL-1.0
gw-fa8b5d6ba8e6,Magadi Road signal,12.974753,77.548604,10963,midblock_or_single_road,unknown,1837378508,False,False,2026-09-05T07:43:36Z,https://www.thetraffic.in/data/intersections.v1.json,ODbL-1.0
gw-87b4c7fd6daf,Magadi Road signal,12.9739,77.549612,11000,junction,unknown,1820431143,False,False,2026-09-05T07:43:36Z,https://www.thetraffic.in/data/intersections.v1.json,ODbL-1.0
gw-212f2764633a,Tin Factory Flyover × Outer Ring Road,12.997074,77.670001,11004,junction,unknown,442107151;12551629147,False,False,2026-09-05T07:43:36Z,https://www.thetraffic.in/data/intersections.v1.json,ODbL-1.0
gw-6ab87fdea533,Mother Teresa Road signal,12.965053,77.609923,11006,midblock_or_single_road,unknown,3268824710;4044110261,False,False,2026-09-05T07:43:36Z,https://www.thetraffic.in/data/intersections.v1.json,ODbL-1.0
gw-dc658664a2db,Siddhaiah Puranik Road signal,12.980832,77.536883,11024,midblock_or_single_road,unknown,12441856470,False,False,2026-09-05T07:43:36Z,https://www.thetraffic.in/data/intersections.v1.json,ODbL-1.0
gw-9653c8154efb,Hosur Road × Curley Street,12.964402,77.606712,11029,junction,unknown,2890442001,False,False,2026-09-05T07:43:36Z,https://www.thetraffic.in/data/intersections.v1.json,ODbL-1.0
gw-d0c4d76100f8,Magadi Road signal,12.98088,77.53656,11040,midblock_or_single_road,unknown,308069216,False,False,2026-09-05T07:43:36Z,https://www.thetraffic.in/data/intersections.v1.json,ODbL-1.0
gw-a7f6ee63302e,Magadi Road signal,12.980392,77.537069,11054,midblock_or_single_road,unknown,12441856493,False,False,2026-09-05T07:43:36Z,https://www.thetraffic.in/data/intersections.v1.json,ODbL-1.0
gw-3a5524b04b07,JC Road × SJP Road,12.963781,77.585163,11056,junction,unknown,246171013;429001262;6460998310;9952997318,False,False,2026-09-05T07:43:36Z,https://www.thetraffic.in/data/intersections.v1.json,ODbL-1.0
gw-179827c8eb3a,Trinity Church Road × HAL Old Airport Road,12.966826,77.620641,11056,junction,unknown,298830828;2999607461,False,False,2026-09-05T07:43:36Z,https://www.thetraffic.in/data/intersections.v1.json,ODbL-1.0
gw-bdd6f22ac192,Hegganahalli Main Road × Rajagopala Nagara Road,13.011001,77.506945,11060,junction,unknown,574543671,False,False,2026-09-05T07:43:36Z,https://www.thetraffic.in/data/intersections.v1.json,ODbL-1.0
gw-035986238f72,Mission Road × Devanga Hostel Road,12.963456,77.589202,11062,pedestrian_crossing,unknown,287793997;12128921374,False,False,2026-09-05T07:43:36Z,https://www.thetraffic.in/data/intersections.v1.json,ODbL-1.0
gw-0067bda4ed31,Victoria Road signal,12.96664,77.620328,11067,midblock_or_single_road,unknown,251146209,False,False,2026-09-05T07:43:36Z,https://www.thetraffic.in/data/intersections.v1.json,ODbL-1.0
gw-00bce74707c8,Indiranagar Double Road × 7th Main Road,12.971676,77.635939,11103,junction,unknown,287911099;1282881326;11003327959;11003327960,False,False,2026-09-05T07:43:36Z,https://www.thetraffic.in/data/intersections.v1.json,ODbL-1.0
gw-8ea167094715,100 Feet Road signal,12.973855,77.641078,11126,midblock_or_single_road,unknown,12896290428;12896290429,False,False,2026-09-05T07:43:36Z,https://www.thetraffic.in/data/intersections.v1.json,ODbL-1.0
gw-530d5b6b045e,Lower Agaram Road signal,12.965355,77.617605,11134,midblock_or_single_road,unknown,4044110267;11707451093,False,False,2026-09-05T07:43:36Z,https://www.thetraffic.in/data/intersections.v1.json,ODbL-1.0
gw-7971bcc505dd,KR Market,12.964047,77.576803,11142,pedestrian_crossing,unknown,320647365;1668866516,False,False,2026-09-05T07:43:36Z,https://www.thetraffic.in/data/intersections.v1.json,ODbL-1.0
gw-3e9f18a72a9e,Victoria Road signal,12.965413,77.618507,11150,midblock_or_single_road,unknown,11707451095;13459522647;13459522648,False,False,2026-09-05T07:43:36Z,https://www.thetraffic.in/data/intersections.v1.json,ODbL-1.0
gw-9ed764c53fd9,Langford Road × Mission Road,12.962451,77.595174,11162,junction,unknown,13343865543;13343865544;13343865547,False,False,2026-09-05T07:43:36Z,https://www.thetraffic.in/data/intersections.v1.json,ODbL-1.0
gw-4211e5ef0f6d,Kengal Hanumanthaiah Road × Mission Road,12.96221,77.594387,11188,junction,unknown,1067789523;13343865504,False,False,2026-09-05T07:43:36Z,https://www.thetraffic.in/data/intersections.v1.json,ODbL-1.0
gw-272845809449,Chord Road signal,12.974202,77.544736,11212,junction,unknown,249084482;308232847,False,False,2026-09-05T07:43:36Z,https://www.thetraffic.in/data/intersections.v1.json,ODbL-1.0
gw-956381167cc2,HAL Old Airport Road × Cambridge Road,12.965982,77.625195,11284,junction,unknown,298830710;1420105790;2268179269,False,False,2026-09-05T07:43:36Z,https://www.thetraffic.in/data/intersections.v1.json,ODbL-1.0
gw-262329f26c85,Briand Square,12.964163,77.569723,11284,junction,unknown,570758310;9939398569;9939398599;9939407828,False,False,2026-09-05T07:43:36Z,https://www.thetraffic.in/data/intersections.v1.json,ODbL-1.0
gw-39577076110e,Lalbagh Road signal,12.961139,77.588405,11324,midblock_or_single_road,unknown,10685860711,False,False,2026-09-05T07:43:36Z,https://www.thetraffic.in/data/intersections.v1.json,ODbL-1.0
gw-7697b2b6e76f,JC Road × New Mission Road,12.961415,77.584157,11328,junction,unknown,62067292;10685860710,False,False,2026-09-05T07:43:36Z,https://www.thetraffic.in/data/intersections.v1.json,ODbL-1.0
gw-fd3dbec69df3,Unnamed signal,12.961105,77.588032,11330,midblock_or_single_road,unknown,1925410536,False,False,2026-09-05T07:43:36Z,https://www.thetraffic.in/data/intersections.v1.json,ODbL-1.0
gw-d654c7ad78b0,Outer Ring Road signal,13.000226,77.676675,11336,midblock_or_single_road,unknown,343322679;1839764547;13075780553,False,False,2026-09-05T07:43:36Z,https://www.thetraffic.in/data/intersections.v1.json,ODbL-1.0
gw-804870ccda7f,Krishna Rajendra Road signal,12.962217,77.575902,11359,junction,unknown,249081188;12466459946,False,False,2026-09-05T07:43:36Z,https://www.thetraffic.in/data/intersections.v1.json,ODbL-1.0
gw-50735a85cc54,Doctor APJ Abdul Kalam Road signal,12.980637,77.656395,11362,junction,unknown,11630611676;11630611677;11630611678,False,False,2026-09-05T07:43:36Z,https://www.thetraffic.in/data/intersections.v1.json,ODbL-1.0
gw-d45a3b418a41,18th Cross Road × Nagarabhavi Road,12.975718,77.538559,11402,junction,unknown,12441746024;12441746025;12441746026;12441746027,False,False,2026-09-05T07:43:36Z,https://www.thetraffic.in/data/intersections.v1.json,ODbL-1.0
gw-ee1f93b881cd,80 Feet Road × 6th Main Road,12.974043,77.646849,11408,junction,unknown,13112165560;13112165561;13112165562,False,False,2026-09-05T07:43:36Z,https://www.thetraffic.in/data/intersections.v1.json,ODbL-1.0
gw-66a2b2b839d0,Langford Road signal,12.960424,77.601268,11413,midblock_or_single_road,unknown,1067769827,False,False,2026-09-05T07:43:36Z,https://www.thetraffic.in/data/intersections.v1.json,ODbL-1.0
gw-760dba98f0da,Rhenius Street signal,12.960291,77.601594,11430,midblock_or_single_road,unknown,1908194764,False,False,2026-09-05T07:43:36Z,https://www.thetraffic.in/data/intersections.v1.json,ODbL-1.0
gw-d98bc9e6b7dd,Berlie Street × Langford Road,12.959934,77.601917,11473,junction,unknown,60952294,False,False,2026-09-05T07:43:36Z,https://www.thetraffic.in/data/intersections.v1.json,ODbL-1.0
gw-350d88b670db,Sony Centre Signal,12.970235,77.64128,11495,junction,unknown,287912509;736014437;11497616822;11497616823,False,False,2026-09-05T07:43:36Z,https://www.thetraffic.in/data/intersections.v1.json,ODbL-1.0
gw-1003259a7bf9,Thippasandra Cross,12.973127,77.646943,11501,midblock_or_single_road,unknown,255558038;12107761086,False,False,2026-09-05T07:43:36Z,https://www.thetraffic.in/data/intersections.v1.json,ODbL-1.0
gw-afa0783c98e3,New Airport Road signal,13.161261,77.626818,11505,junction,unknown,593132458;2452392883,False,False,2026-09-05T07:43:36Z,https://www.thetraffic.in/data/intersections.v1.json,ODbL-1.0
gw-3f4b278d0d20,Unnamed signal,12.987519,77.519665,11624,midblock_or_single_road,unknown,1719191867,False,False,2026-09-05T07:43:36Z,https://www.thetraffic.in/data/intersections.v1.json,ODbL-1.0
gw-0a5c24e50b7b,Aluri Venkata Rao Road × Pampa Mahakavi Road,12.960579,77.571645,11627,junction,unknown,1836940343;3770161990,False,False,2026-09-05T07:43:36Z,https://www.thetraffic.in/data/intersections.v1.json,ODbL-1.0
gw-f7a2eed3b55f,Sumanahalli Junction,12.987065,77.519898,11643,midblock_or_single_road,unknown,12607355194,False,False,2026-09-05T07:43:36Z,https://www.thetraffic.in/data/intersections.v1.json,ODbL-1.0
gw-037903c3aa4a,Krishna Rajendra Road × Aluri Venkata Rao Road,12.959732,77.574532,11658,junction,unknown,249081285;12466459995;12466459996,False,False,2026-09-05T07:43:36Z,https://www.thetraffic.in/data/intersections.v1.json,ODbL-1.0
gw-0323d8ebfce4,Sumanahalli Junction,12.987517,77.519177,11661,midblock_or_single_road,unknown,1285913198,False,False,2026-09-05T07:43:36Z,https://www.thetraffic.in/data/intersections.v1.json,ODbL-1.0
gw-ef8105e60f1c,Chord Road signal,12.972946,77.538573,11664,junction,unknown,10005593343;10005593344;12429523369,False,False,2026-09-05T07:43:36Z,https://www.thetraffic.in/data/intersections.v1.json,ODbL-1.0
gw-21c1541b1a75,Kalasipalya Main Road signal,12.95913,77.577654,11667,midblock_or_single_road,unknown,12466459959,False,False,2026-09-05T07:43:36Z,https://www.thetraffic.in/data/intersections.v1.json,ODbL-1.0
gw-38b0a7f6e90b,Sumanahalli Junction,12.987078,77.519177,11696,midblock_or_single_road,unknown,4692331556,False,False,2026-09-05T07:43:36Z,https://www.thetraffic.in/data/intersections.v1.json,ODbL-1.0
gw-7676801b98a9,Nawab Hyder Ali Khan Road × Mariswamy Mutt Road,12.958746,77.577711,11708,junction,unknown,12466459977;12466460042,False,False,2026-09-05T07:43:36Z,https://www.thetraffic.in/data/intersections.v1.json,ODbL-1.0
gw-50f309e33d0f,Royan Circle,12.960501,77.56855,11710,junction,unknown,249086438,False,False,2026-09-05T07:43:36Z,https://www.thetraffic.in/data/intersections.v1.json,ODbL-1.0
gw-5695102619be,Hosur Road × Langford Road,12.957999,77.606007,11728,pedestrian_crossing,unknown,60952288;12836614945;12864985110,False,False,2026-09-05T07:43:36Z,https://www.thetraffic.in/data/intersections.v1.json,ODbL-1.0
gw-6b4dcd97969e,JC Road × Arumugam Mudaliar Road,12.957746,77.582133,11756,pedestrian_crossing,unknown,246171016,False,False,2026-09-05T07:43:36Z,https://www.thetraffic.in/data/intersections.v1.json,ODbL-1.0
gw-4af733ed9a2b,Old Madras Road × Ramamurthinagar Main Road,13.005099,77.685042,11759,junction,unknown,343459489;442107189,False,False,2026-09-05T07:43:36Z,https://www.thetraffic.in/data/intersections.v1.json,ODbL-1.0
gw-39335609b92d,Church Service Road × Pipeline Road,12.967509,77.545062,11855,junction,unknown,1931853240;3664134386,False,False,2026-09-05T07:43:36Z,https://www.thetraffic.in/data/intersections.v1.json,ODbL-1.0
gw-7c29a0e37a0d,Krishna Rajendra Road signal,12.957595,77.5738,11906,midblock_or_single_road,unknown,1837716641,False,False,2026-09-05T07:43:36Z,https://www.thetraffic.in/data/intersections.v1.json,ODbL-1.0
gw-07018eeeabd8,Mysore Road × 9th Cross Road,12.961215,77.559177,11915,junction,unknown,249086392;249585502;7164445939;10010955383;10010955384,False,False,2026-09-05T07:43:36Z,https://www.thetraffic.in/data/intersections.v1.json,ODbL-1.0
gw-dc674259abd5,Kengal Hanumanthaiah Road × BTS Main Road,12.955621,77.592129,11923,junction,unknown,249098535;428457173;10289145756,False,False,2026-09-05T07:43:36Z,https://www.thetraffic.in/data/intersections.v1.json,ODbL-1.0
gw-6d79ea8d4b03,Kondaji Basappa Road signal,12.95734,77.573302,11944,pedestrian_crossing,unknown,1559350748,False,False,2026-09-05T07:43:36Z,https://www.thetraffic.in/data/intersections.v1.json,ODbL-1.0
gw-e85540c6ecb4,Kondaji Basappa Road signal,12.957165,77.573945,11950,midblock_or_single_road,unknown,10685321384,False,False,2026-09-05T07:43:36Z,https://www.thetraffic.in/data/intersections.v1.json,ODbL-1.0
gw-b2e592133dc6,13th Main Road × Jeevan Bhima Nagar Main Road,12.968909,77.647742,11952,junction,unknown,253179993;3370456514;12107776959,False,False,2026-09-05T07:43:36Z,https://www.thetraffic.in/data/intersections.v1.json,ODbL-1.0
gw-f7d7c9b07944,H. Siddaiah Road × Lalbagh Road,12.955594,77.585664,11959,junction,unknown,13153859618;13153859619,False,False,2026-09-05T07:43:36Z,https://www.thetraffic.in/data/intersections.v1.json,ODbL-1.0
gw-d24ebb3b7869,Krishnarajendra Road signal,12.957009,77.573493,11976,midblock_or_single_road,unknown,10685321385,False,False,2026-09-05T07:43:36Z,https://www.thetraffic.in/data/intersections.v1.json,ODbL-1.0
gw-190c84d087e6,Sajjan Rao Road × Kondaji Basappa Road,12.956253,77.577322,11989,junction,unknown,249087719;10861673599;12145344714;12145344737,False,False,2026-09-05T07:43:36Z,https://www.thetraffic.in/data/intersections.v1.json,ODbL-1.0
gw-e0ee5cad3093,Puttanna Chetty Road × Shankar Matt Road,12.957185,77.569631,12042,junction,unknown,249076302;11156382804;11156420305;11156420306,False,False,2026-09-05T07:43:36Z,https://www.thetraffic.in/data/intersections.v1.json,ODbL-1.0
gw-756e8633c500,Diagonal Road × Kondaji Basappa Road,12.955198,77.579752,12068,junction,unknown,12077171240;12077171241,False,False,2026-09-05T07:43:36Z,https://www.thetraffic.in/data/intersections.v1.json,ODbL-1.0
gw-4df2b6a9af2d,Lalbagh Fort Road signal,12.955121,77.580267,12070,midblock_or_single_road,unknown,12077171239,False,False,2026-09-05T07:43:36Z,https://www.thetraffic.in/data/intersections.v1.json,ODbL-1.0
gw-1fae108ecab7,Rashtriya Vidyalaya Road signal,12.954876,77.580011,12100,midblock_or_single_road,unknown,12062818309,False,False,2026-09-05T07:43:36Z,https://www.thetraffic.in/data/intersections.v1.json,ODbL-1.0
gw-603b2fc884ac,5th Main Road × 3rd Cross Road,12.9571,77.56739,12107,junction,unknown,13472655798;13472655799;13472655800;13472659201,False,False,2026-09-05T07:43:36Z,https://www.thetraffic.in/data/intersections.v1.json,ODbL-1.0
gw-d99a8a424f6a,Kengal Hanumanthaiah Road × H. Siddiah Road,12.953843,77.59138,12122,junction,unknown,248525409;428457171,False,False,2026-09-05T07:43:36Z,https://www.thetraffic.in/data/intersections.v1.json,ODbL-1.0
gw-5b248aafb889,Lalbagh Fort Road signal,12.954099,77.585275,12128,midblock_or_single_road,unknown,158687972;12110804691,False,False,2026-09-05T07:43:36Z,https://www.thetraffic.in/data/intersections.v1.json,ODbL-1.0
gw-c59db93c6f7f,Magadi Road signal,12.988011,77.512359,12149,midblock_or_single_road,unknown,3982070777;4692323187,False,False,2026-09-05T07:43:36Z,https://www.thetraffic.in/data/intersections.v1.json,ODbL-1.0
gw-4740cdff3742,HAL Old Airport Road × 2nd Cross Road,12.961358,77.635879,12157,junction,unknown,3803149236;3803149238;11337846010,False,False,2026-09-05T07:43:36Z,https://www.thetraffic.in/data/intersections.v1.json,ODbL-1.0
gw-db1be276d3d6,Chord Road × 20th Main Road,12.968811,77.536676,12165,junction,unknown,447113035;447113036;13930728384;13930728385,False,False,2026-09-05T07:43:36Z,https://www.thetraffic.in/data/intersections.v1.json,ODbL-1.0
gw-4fbd7b20d045,Kengeri Main Road signal,12.98781,77.51221,12176,midblock_or_single_road,unknown,4692323186,False,False,2026-09-05T07:43:36Z,https://www.thetraffic.in/data/intersections.v1.json,ODbL-1.0
gw-49dcae7e4bdc,17th Main Road × Indiranagar Double Road,12.963385,77.64164,12199,junction,unknown,3530630455;11780319174;11780319175;11780319176,False,False,2026-09-05T07:43:36Z,https://www.thetraffic.in/data/intersections.v1.json,ODbL-1.0
gw-e8dc6527f7c8,Mysore Road × Padarayanapura Road,12.959573,77.555816,12207,junction,unknown,249083677;699686049;12538710575,False,False,2026-09-05T07:43:36Z,https://www.thetraffic.in/data/intersections.v1.json,ODbL-1.0
gw-8a2d966d8f40,Hosur Road × Bannerghatta Road,12.952686,77.605172,12306,junction,unknown,10043357421;13800839389;13800839390,False,False,2026-09-05T07:43:36Z,https://www.thetraffic.in/data/intersections.v1.json,ODbL-1.0
gw-c276db196115,7th Cross Road × HAL Old Airport Road,12.960983,77.638663,12311,junction,unknown,306074373;3806218133;11337846017;11337846020,False,False,2026-09-05T07:43:36Z,https://www.thetraffic.in/data/intersections.v1.json,ODbL-1.0
gw-eb736e41114d,Suranjandas Road × GM Palya Main Road,12.971392,77.658668,12342,junction,unknown,12111944876;13952275325;13952275326;13952275340,False,False,2026-09-05T07:43:36Z,https://www.thetraffic.in/data/intersections.v1.json,ODbL-1.0
gw-b7ed8a4a2a42,Kengal Hanumanthaiah Road signal,12.951853,77.59067,12345,midblock_or_single_road,unknown,12110823227,False,False,2026-09-05T07:43:36Z,https://www.thetraffic.in/data/intersections.v1.json,ODbL-1.0
gw-600d66e8836e,Lalbagh Fort Road signal,12.951724,77.5902,12361,midblock_or_single_road,unknown,12110823225,False,False,2026-09-05T07:43:36Z,https://www.thetraffic.in/data/intersections.v1.json,ODbL-1.0
gw-a89cb5471640,Devudu Narasimha Shastry Road × Krishna Rajendra Road,12.953184,77.573677,12391,junction,unknown,429731194;1837716605;12145344750;12145344751,False,False,2026-09-05T07:43:36Z,https://www.thetraffic.in/data/intersections.v1.json,ODbL-1.0
gw-1e83ab22881d,Lalbagh Fort Road signal,12.951399,77.59085,12395,midblock_or_single_road,unknown,12110823226,False,False,2026-09-05T07:43:36Z,https://www.thetraffic.in/data/intersections.v1.json,ODbL-1.0
gw-53d181dc22f1,Chord Road × 5th Main Road,12.966027,77.535479,12497,junction,unknown,249084472;308232833;12429523363;12429523365,False,False,2026-09-05T07:43:36Z,https://www.thetraffic.in/data/intersections.v1.json,ODbL-1.0
gw-23536e24f3b6,Ashwathakatte Road × Mysore Road,12.957379,77.552132,12576,junction,unknown,2221301505,False,False,2026-09-05T07:43:36Z,https://www.thetraffic.in/data/intersections.v1.json,ODbL-1.0
gw-e9dbc9aaf834,Old Madras Road × Devasandra Main Road,13.008328,77.695889,12583,junction,unknown,1837297484,False,False,2026-09-05T07:43:36Z,https://www.thetraffic.in/data/intersections.v1.json,ODbL-1.0
gw-ea8a40528924,Neelasandra Bazaar Street × Ejipura Main Road,12.952427,77.620189,12597,junction,unknown,61748553;3740962156,False,False,2026-09-05T07:43:36Z,https://www.thetraffic.in/data/intersections.v1.json,ODbL-1.0
gw-738aea358538,Nagarabhavi Road × Tent Road,12.970815,77.524985,12678,junction,unknown,447114405,False,False,2026-09-05T07:43:36Z,https://www.thetraffic.in/data/intersections.v1.json,ODbL-1.0
gw-4b3c10f9a260,Lalbagh Fort Road × Doctor M H Marigowda Road,12.948805,77.593402,12679,junction,unknown,11342881114;11342881131;11342881132,False,False,2026-09-05T07:43:36Z,https://www.thetraffic.in/data/intersections.v1.json,ODbL-1.0
gw-0c369ce6ab01,Rashtriya Vidyalaya Road × Krumbiegal Road,12.948554,77.580109,12797,junction,unknown,12000425044;12000425045,False,False,2026-09-05T07:43:36Z,https://www.thetraffic.in/data/intersections.v1.json,ODbL-1.0
gw-fbbd58b0e2a1,Krishna Rao Road × Rashtriya Vidyalaya Road,12.94813,77.57982,12847,junction,unknown,12000425037;12000425038;13078315932,False,False,2026-09-05T07:43:36Z,https://www.thetraffic.in/data/intersections.v1.json,ODbL-1.0
gw-7120e0ffe425,Vanivilas Road × Vasavi Temple Road,12.94828,77.576812,12874,junction,unknown,303975904;1837757402;4127931099;4127931100,False,False,2026-09-05T07:43:36Z,https://www.thetraffic.in/data/intersections.v1.json,ODbL-1.0
gw-b9e551f2bf4a,HAL Old Airport Road signal,12.959778,77.649113,12916,midblock_or_single_road,unknown,1464138167;9846344721,False,False,2026-09-05T07:43:36Z,https://www.thetraffic.in/data/intersections.v1.json,ODbL-1.0
gw-0a29cdf71250,Krishna Rajendra Road signal,12.948305,77.573663,12925,junction,unknown,245614692;3356003439;3356003440,False,False,2026-09-05T07:43:36Z,https://www.thetraffic.in/data/intersections.v1.json,ODbL-1.0
gw-35ac310ad611,Vanivilas Road signal,12.948173,77.574114,12931,midblock_or_single_road,unknown,493493706,False,False,2026-09-05T07:43:36Z,https://www.thetraffic.in/data/intersections.v1.json,ODbL-1.0
gw-756e5f1c1080,Jeevan Bhima Nagar Main Road × Suranjandas Road,12.966859,77.66152,12932,junction,unknown,253518979;4703745962;11494461870,False,False,2026-09-05T07:43:36Z,https://www.thetraffic.in/data/intersections.v1.json,ODbL-1.0
gw-ef96d1c5a508,Mysore Road signal,12.955977,77.546297,12960,junction,unknown,249589809;11688206893;11688206894,False,False,2026-09-05T07:43:36Z,https://www.thetraffic.in/data/intersections.v1.json,ODbL-1.0
gw-c2890bf2587d,Siddapura Road signal,12.946209,77.587959,12984,midblock_or_single_road,unknown,13161545541;13161545542,False,False,2026-09-05T07:43:36Z,https://www.thetraffic.in/data/intersections.v1.json,ODbL-1.0
gw-d802a18c5f8c,Old Madras Road × Thambuchettypalya Main Road,13.01709,77.704492,12996,junction,unknown,1837297533;1837297537,False,False,2026-09-05T07:43:36Z,https://www.thetraffic.in/data/intersections.v1.json,ODbL-1.0
gw-a3a5207cee30,1st Main Road × Doctor M H Marigowda Road,12.945901,77.595528,13002,junction,unknown,248181114;12168378241,False,False,2026-09-05T07:43:36Z,https://www.thetraffic.in/data/intersections.v1.json,ODbL-1.0
gw-2a7ffdf4c0e1,Vanivilas Road × Shankar Mutt Road,12.948224,77.570137,13005,junction,unknown,249076305;11178643865;12000643122;12000643123,False,False,2026-09-05T07:43:36Z,https://www.thetraffic.in/data/intersections.v1.json,ODbL-1.0
gw-457431b9bf97,Unnamed signal,12.94817,77.567968,13060,midblock_or_single_road,unknown,1473972539;1623700176,False,False,2026-09-05T07:43:36Z,https://www.thetraffic.in/data/intersections.v1.json,ODbL-1.0
gw-631495e2a13f,Unnamed signal,12.947672,77.568054,13112,midblock_or_single_road,unknown,1473972578,False,False,2026-09-05T07:43:36Z,https://www.thetraffic.in/data/intersections.v1.json,ODbL-1.0
gw-48282806ec1c,Bull Temple Road signal,12.947719,77.567694,13115,midblock_or_single_road,unknown,1473972602,False,False,2026-09-05T07:43:36Z,https://www.thetraffic.in/data/intersections.v1.json,ODbL-1.0
gw-ec6abb8a12cf,Bannerghatta Road × New MICO Link Road,12.94436,77.602869,13207,junction,unknown,5346743612;13167025624;13167025625,False,False,2026-09-05T07:43:36Z,https://www.thetraffic.in/data/intersections.v1.json,ODbL-1.0
gw-b0f1d596b9f0,Chord Road signal,12.959983,77.53302,13212,junction,unknown,249084426;308232637;12429523361,False,False,2026-09-05T07:43:36Z,https://www.thetraffic.in/data/intersections.v1.json,ODbL-1.0
gw-d320c0c695d3,Mysore Road signal,12.954385,77.544094,13219,midblock_or_single_road,unknown,1780288371;11688206890,False,False,2026-09-05T07:43:36Z,https://www.thetraffic.in/data/intersections.v1.json,ODbL-1.0
gw-f8960b80c978,Wind Tunnel Road × HAL Old Airport Road,12.959338,77.654205,13223,junction,unknown,3780895950;3780895951;11228965366,False,False,2026-09-05T07:43:36Z,https://www.thetraffic.in/data/intersections.v1.json,ODbL-1.0
gw-1f6b4ecda654,New MICO Link Road × Hosur Road,12.944031,77.607584,13290,junction,unknown,308923397;4845178133;10284348038;12451306648,False,False,2026-09-05T07:43:36Z,https://www.thetraffic.in/data/intersections.v1.json,ODbL-1.0
gw-1635cc548e18,Old Madras Road × Madehalli Service Road,13.019427,77.708492,13299,junction,unknown,1837297544;1837297545;1837297546;1837297547,False,False,2026-09-05T07:43:36Z,https://www.thetraffic.in/data/intersections.v1.json,ODbL-1.0
gw-86cf1dc8b810,Rashtriya Vidyalaya Road × Kankanapalya Road,12.943656,77.5801,13338,junction,unknown,248808939;4829124449;12525432701,False,False,2026-09-05T07:43:36Z,https://www.thetraffic.in/data/intersections.v1.json,ODbL-1.0
gw-489ccf46c155,4th Cross road × Chord Road,12.957706,77.534036,13378,junction,unknown,249084423;308233404,False,False,2026-09-05T07:43:36Z,https://www.thetraffic.in/data/intersections.v1.json,ODbL-1.0
gw-0673df6e7071,B P Wadia Road × Krishna Rajendra Road,12.943704,77.573831,13426,junction,unknown,248808777;12495143479,False,False,2026-09-05T07:43:36Z,https://www.thetraffic.in/data/intersections.v1.json,ODbL-1.0
gw-31fe084014e7,Chord Road Flyover signal,12.953029,77.541606,13468,midblock_or_single_road,unknown,2334208112,False,False,2026-09-05T07:43:36Z,https://www.thetraffic.in/data/intersections.v1.json,ODbL-1.0
gw-a92e0e81e232,Bull Temple Road × Bugle Rock Road,12.943632,77.567853,13555,junction,unknown,248808932,False,False,2026-09-05T07:43:36Z,https://www.thetraffic.in/data/intersections.v1.json,ODbL-1.0
gw-0da49e40c35d,80 Feet Road × Srinivagilu Main Road,12.942522,77.622666,13731,junction,unknown,61746217;3740957817;3740957818,False,False,2026-09-05T07:43:36Z,https://www.thetraffic.in/data/intersections.v1.json,ODbL-1.0
gw-0ce80e420eb6,80 Feet Road signal,12.957158,77.528414,13736,junction,unknown,308063843,False,False,2026-09-05T07:43:36Z,https://www.thetraffic.in/data/intersections.v1.json,ODbL-1.0
gw-56a17f0dbe70,Krishna Rajendra Road signal,12.940666,77.573827,13760,junction,unknown,249788404;1522519270;12580905291,False,False,2026-09-05T07:43:36Z,https://www.thetraffic.in/data/intersections.v1.json,ODbL-1.0
gw-5c485c262d8b,"Krishna Rajendra Road, KR Road × Old Veterinary Hospital Road",12.939816,77.573886,13852,junction,unknown,249775286;12580905293,False,False,2026-09-05T07:43:36Z,https://www.thetraffic.in/data/intersections.v1.json,ODbL-1.0
gw-f245797f29ae,Inner Ring Road signal,12.946024,77.640069,13910,midblock_or_single_road,unknown,11780306882;11780306883,False,False,2026-09-05T07:43:36Z,https://www.thetraffic.in/data/intersections.v1.json,ODbL-1.0
gw-45cab716dc00,Mysore Road signal,12.950334,77.537636,13924,midblock_or_single_road,unknown,249084138,False,False,2026-09-05T07:43:36Z,https://www.thetraffic.in/data/intersections.v1.json,ODbL-1.0
gw-43f2f5f04d1a,Subbarama Chetty Street × D V Gundappa Road,12.939104,77.571539,13973,junction,unknown,248809814;4830093913,False,False,2026-09-05T07:43:36Z,https://www.thetraffic.in/data/intersections.v1.json,ODbL-1.0
gw-1b66b6868bef,HAL Old Airport Road signal,12.958528,77.66608,13976,midblock_or_single_road,unknown,11399572674,False,False,2026-09-05T07:43:36Z,https://www.thetraffic.in/data/intersections.v1.json,ODbL-1.0
gw-d2a1d8dff4b0,Suranjandas Road signal,12.958659,77.666401,13984,midblock_or_single_road,unknown,11399572675,False,False,2026-09-05T07:43:36Z,https://www.thetraffic.in/data/intersections.v1.json,ODbL-1.0
gw-af87a61976d6,Bannerghatta Road signal,12.937178,77.601644,13995,junction,unknown,306601671;306601726;13514710560,False,False,2026-09-05T07:43:36Z,https://www.thetraffic.in/data/intersections.v1.json,ODbL-1.0
gw-1b4ae40feb28,Unnamed signal,12.936985,77.601981,14019,midblock_or_single_road,unknown,306601731,False,False,2026-09-05T07:43:36Z,https://www.thetraffic.in/data/intersections.v1.json,ODbL-1.0
gw-213ecc8fa971,Unnamed signal,12.958191,77.666555,14036,midblock_or_single_road,unknown,11399572673,False,False,2026-09-05T07:43:36Z,https://www.thetraffic.in/data/intersections.v1.json,ODbL-1.0
gw-0764959a096d,Bull Temple Road × 2nd Cross Road,12.939383,77.566683,14044,junction,unknown,248838859,False,False,2026-09-05T07:43:36Z,https://www.thetraffic.in/data/intersections.v1.json,ODbL-1.0
gw-2af56cbd01ca,South End Road × Patalamma Road,12.936946,77.579897,14082,junction,unknown,11390114684;11390114685;13078315933,False,False,2026-09-05T07:43:36Z,https://www.thetraffic.in/data/intersections.v1.json,ODbL-1.0
gw-f94120135def,1st Main Road × Sri Rama Temple Road,12.939877,77.625429,14087,junction,unknown,61746200;3740957808;6528476365;6536640226;11493846396,False,False,2026-09-05T07:43:36Z,https://www.thetraffic.in/data/intersections.v1.json,ODbL-1.0
gw-6b1908b77a4c,15th Cross Road × Patalamma Temple Road,12.936513,77.580249,14125,junction,unknown,4829190603;11390114683;13078315934,False,False,2026-09-05T07:43:36Z,https://www.thetraffic.in/data/intersections.v1.json,ODbL-1.0
gw-8ecccd23c7b5,South End Road × Kanakapura Road,12.936802,77.575393,14159,junction,unknown,248809641;4829061654;12580905278;12580905279,False,False,2026-09-05T07:43:36Z,https://www.thetraffic.in/data/intersections.v1.json,ODbL-1.0
gw-23104b9e5654,Krishnarajendra Road × South End Road,12.936904,77.573818,14173,pedestrian_crossing,unknown,248776663,False,False,2026-09-05T07:43:36Z,https://www.thetraffic.in/data/intersections.v1.json,ODbL-1.0
gw-e8c8d0052468,Unnamed signal,12.958418,77.518843,14186,midblock_or_single_road,unknown,7100612878;11727973845,False,False,2026-09-05T07:43:36Z,https://www.thetraffic.in/data/intersections.v1.json,ODbL-1.0
gw-5bc544fc724d,Gandhi Marg signal,12.957913,77.518807,14234,midblock_or_single_road,unknown,1054687612;11727973847,False,False,2026-09-05T07:43:36Z,https://www.thetraffic.in/data/intersections.v1.json,ODbL-1.0
gw-a0b51a6b4cdc,80 Feet Road × 1st A Cross Road,12.935831,77.615315,14307,junction,unknown,3399083525;10068956821;12451306646,False,False,2026-09-05T07:43:36Z,https://www.thetraffic.in/data/intersections.v1.json,ODbL-1.0
gw-9aa4ea5947b0,Mallathahalli Road × 5th Main Road,12.96107,77.513003,14325,junction,unknown,1285970581;4814847103,False,False,2026-09-05T07:43:36Z,https://www.thetraffic.in/data/intersections.v1.json,ODbL-1.0
gw-484b4bf3c3b3,Doctor M H Marigowda Road × Tavarekere Main Road,12.934688,77.609728,14349,junction,unknown,11295765838;11295765843;11295765844,False,False,2026-09-05T07:43:36Z,https://www.thetraffic.in/data/intersections.v1.json,ODbL-1.0
gw-7162dbb81325,Unnamed signal,12.960729,77.512802,14368,midblock_or_single_road,unknown,1054687502,False,False,2026-09-05T07:43:36Z,https://www.thetraffic.in/data/intersections.v1.json,ODbL-1.0
gw-240f6e923215,Mallathahalli Road signal,12.960848,77.512481,14379,midblock_or_single_road,unknown,4798470947,False,False,2026-09-05T07:43:36Z,https://www.thetraffic.in/data/intersections.v1.json,ODbL-1.0
gw-6c737c88654e,Sony World Signal,12.937276,77.626935,14407,junction,unknown,260729391;1675239400;3801692788;3801692790,False,False,2026-09-05T07:43:36Z,https://www.thetraffic.in/data/intersections.v1.json,ODbL-1.0
gw-e822f1e350e7,Hosur Road × 80 Feet Road,12.93441,77.612431,14417,junction,unknown,306586928;10068956785;11306430812,False,False,2026-09-05T07:43:36Z,https://www.thetraffic.in/data/intersections.v1.json,ODbL-1.0
gw-553a638b46c0,Inner Ring Road × Ejipura Main Road,12.93851,77.632726,14443,junction,unknown,315208341;315208342;10068662144;10068662145,False,False,2026-09-05T07:43:36Z,https://www.thetraffic.in/data/intersections.v1.json,ODbL-1.0
gw-488e2d93abee,9th Main Road × Patalamma Temple Road,12.933015,77.5839,14477,junction,unknown,7290547278;12492427237;12492427238;12492427239,False,False,2026-09-05T07:43:36Z,https://www.thetraffic.in/data/intersections.v1.json,ODbL-1.0
gw-45f2fa1fcc1c,Mahayogi Vemana Road × 5th Cross Road,12.934848,77.624051,14596,junction,unknown,309592695;443224605;13518615592;13518615593;13518615594,False,False,2026-09-05T07:43:36Z,https://www.thetraffic.in/data/intersections.v1.json,ODbL-1.0
gw-8e857e830a1b,Vidyapita Circle,12.935096,77.560673,14657,midblock_or_single_road,unknown,1466495041,False,False,2026-09-05T07:43:36Z,https://www.thetraffic.in/data/intersections.v1.json,ODbL-1.0
gw-c1e038e1a1a5,Seeta Circle,12.937997,77.549738,14689,junction,unknown,176470763,False,False,2026-09-05T07:43:36Z,https://www.thetraffic.in/data/intersections.v1.json,ODbL-1.0
gw-ae99728a0236,27th Cross Road × 11th Main Road,12.930763,77.586055,14711,junction,unknown,2014870742,False,False,2026-09-05T07:43:36Z,https://www.thetraffic.in/data/intersections.v1.json,ODbL-1.0
gw-d811d05a0003,Jogi Colony Main Road × Doctor M H Marigowda Road,12.931802,77.613567,14721,junction,unknown,1070361732;1472269371;3677919903;11306430810;12168378213,False,False,2026-09-05T07:43:36Z,https://www.thetraffic.in/data/intersections.v1.json,ODbL-1.0
gw-e9c9620dabcb,Diagonal Road × 27th Cross Road,12.930772,77.583719,14727,junction,unknown,7290547276;12351736608,False,False,2026-09-05T07:43:36Z,https://www.thetraffic.in/data/intersections.v1.json,ODbL-1.0
gw-abd542142e52,27th Cross Road × Rashtriya Vidyalaya Road,12.93082,77.580134,14756,junction,unknown,11265002206;11265002207;11265002208;11265002209,False,False,2026-09-05T07:43:36Z,https://www.thetraffic.in/data/intersections.v1.json,ODbL-1.0
gw-0c0297e4f874,12th Main Road × 80 Feet Road,12.934444,77.62967,14787,junction,unknown,3801688125;3801688126;11493493812;11493493813,False,False,2026-09-05T07:43:36Z,https://www.thetraffic.in/data/intersections.v1.json,ODbL-1.0
gw-1d3da1a4e348,Yediyuru Circle,12.930839,77.576172,14804,junction,unknown,249074386;7287984425;7287984426;7287984441;12917084190;12917084192,False,False,2026-09-05T07:43:36Z,https://www.thetraffic.in/data/intersections.v1.json,ODbL-1.0
gw-9c8653460c66,Mysore Road × Outer Ring Road,12.945281,77.5282,14893,junction,unknown,248671285;514452399;2402241110,False,False,2026-09-05T07:43:36Z,https://www.thetraffic.in/data/intersections.v1.json,ODbL-1.0
gw-1b411cc22321,Mahayogi Vemana Road × 7th Cross Road,12.931516,77.62256,14923,junction,unknown,304771894;1620344798,False,False,2026-09-05T07:43:36Z,https://www.thetraffic.in/data/intersections.v1.json,ODbL-1.0
gw-005ee1549e0f,East End Main Road × Swagath Road,12.928415,77.597177,14950,junction,unknown,249074049;5346843768;5346843769;7290764570,False,False,2026-09-05T07:43:36Z,https://www.thetraffic.in/data/intersections.v1.json,ODbL-1.0
gw-b957c21eef70,11th Main Road × 30th Cross Road,12.928595,77.586145,14951,junction,unknown,12492427329;12492427330;12492427331,False,False,2026-09-05T07:43:36Z,https://www.thetraffic.in/data/intersections.v1.json,ODbL-1.0
gw-afc511ebe9da,Swagath Road × Bannerghatta Road,12.928363,77.600512,14968,junction,unknown,247991553;494238035;5346843765;7291335557,False,False,2026-09-05T07:43:36Z,https://www.thetraffic.in/data/intersections.v1.json,ODbL-1.0
gw-e7e0231b86c6,Kengeri Main Road × Mallathahalli Road,12.96048,77.504323,14970,junction,unknown,62053503;62053645;4798470955;4798470956,False,False,2026-09-05T07:43:36Z,https://www.thetraffic.in/data/intersections.v1.json,ODbL-1.0
gw-f2143d2cb744,Krishnarajendra Road × 14th Cross Road,12.929444,77.573648,14996,junction,unknown,248680036;4867634826;7180450199;7484168009,False,False,2026-09-05T07:43:36Z,https://www.thetraffic.in/data/intersections.v1.json,ODbL-1.0
gw-0073fb0c445f,Hosur Road signal,12.929522,77.615122,14997,midblock_or_single_road,unknown,9506746892;10043357419,False,False,2026-09-05T07:43:36Z,https://www.thetraffic.in/data/intersections.v1.json,ODbL-1.0
gw-1a35f4b583f8,Sarjapura Road signal,12.929523,77.615564,15004,midblock_or_single_road,unknown,2123555481,False,False,2026-09-05T07:43:36Z,https://www.thetraffic.in/data/intersections.v1.json,ODbL-1.0
gw-7a0a5aefa568,Avarekalu Circle,12.927339,77.576955,15179,midblock_or_single_road,unknown,308807795,False,False,2026-09-05T07:43:36Z,https://www.thetraffic.in/data/intersections.v1.json,ODbL-1.0
gw-99f3265c1cf4,2nd Main Road × 13th Cross Road,12.928828,77.566284,15201,junction,unknown,248679644;6681243367,False,False,2026-09-05T07:43:36Z,https://www.thetraffic.in/data/intersections.v1.json,ODbL-1.0
gw-2cd08fb9aa4a,11th Main Road × 33rd Cross Road,12.926292,77.586005,15207,junction,unknown,12492427356;12492427357;12492427358;12492427359,False,False,2026-09-05T07:43:36Z,https://www.thetraffic.in/data/intersections.v1.json,ODbL-1.0
gw-5dc5adeb4ce6,Namjoshi Road × HAL Old Airport Road,12.954596,77.67991,15208,junction,unknown,11860340624;11860340625;11860340626,False,False,2026-09-05T07:43:36Z,https://www.thetraffic.in/data/intersections.v1.json,ODbL-1.0
gw-9ed03701cc40,M Srinivas Road × 50 Feet Road,12.938382,77.533428,15319,junction,unknown,699684299;2224183005,False,False,2026-09-05T07:43:36Z,https://www.thetraffic.in/data/intersections.v1.json,ODbL-1.0
gw-6df63770d314,Mahayogi Vemana Road × Sarjapura Road,12.927555,77.620957,15321,junction,unknown,304277418;503050615;4161839915;11307884035,False,False,2026-09-05T07:43:36Z,https://www.thetraffic.in/data/intersections.v1.json,ODbL-1.0
gw-1ac6c3465833,Whitefield Road signal,12.992133,77.715584,15331,midblock_or_single_road,unknown,954175916,False,False,2026-09-05T07:43:36Z,https://www.thetraffic.in/data/intersections.v1.json,ODbL-1.0
gw-75af1841e1c2,Hoodi Main Road signal,12.992474,77.716286,15377,midblock_or_single_road,unknown,10678693502,False,False,2026-09-05T07:43:36Z,https://www.thetraffic.in/data/intersections.v1.json,ODbL-1.0
gw-49a66ad47aba,80 Feet Road × 1st Main Road,12.929822,77.633132,15383,junction,unknown,4490333425;5389437924;7265495336;10284348022,False,False,2026-09-05T07:43:36Z,https://www.thetraffic.in/data/intersections.v1.json,ODbL-1.0
gw-623e856c64f6,50 Feet Road × 1st Main Road,12.930607,77.547216,15555,junction,unknown,1837378093,False,False,2026-09-05T07:43:36Z,https://www.thetraffic.in/data/intersections.v1.json,ODbL-1.0
gw-2b6565b92ec8,30th Main Road signal,12.926548,77.56126,15565,junction,unknown,248679597;503180914;4872113219;10783997175,False,False,2026-09-05T07:43:36Z,https://www.thetraffic.in/data/intersections.v1.json,ODbL-1.0
gw-e242af3043a0,Mahayogi Vemana Road signal,12.924642,77.618324,15588,midblock_or_single_road,unknown,1070361799,False,False,2026-09-05T07:43:36Z,https://www.thetraffic.in/data/intersections.v1.json,ODbL-1.0
gw-d910eb671362,Sarjapura Road signal,12.925745,77.625179,15611,midblock_or_single_road,unknown,308915752;13058420509,False,False,2026-09-05T07:43:36Z,https://www.thetraffic.in/data/intersections.v1.json,ODbL-1.0
gw-17d2b4597040,Hosur Road signal,12.924379,77.61811,15613,midblock_or_single_road,unknown,11348815671,False,False,2026-09-05T07:43:36Z,https://www.thetraffic.in/data/intersections.v1.json,ODbL-1.0
gw-e92fc56d016b,1st Main Road × Kanakapura Road,12.923434,77.576197,15621,junction,unknown,308729117;308729150;3242486429;7287467677;7287984471,False,False,2026-09-05T07:43:36Z,https://www.thetraffic.in/data/intersections.v1.json,ODbL-1.0
gw-4af85d8424e6,Krishnarajendra Road × 23rd Cross Road,12.923558,77.573595,15644,junction,unknown,308729151;4867634836;4867659916;4867659917,False,False,2026-09-05T07:43:36Z,https://www.thetraffic.in/data/intersections.v1.json,ODbL-1.0
gw-02fb8878fe6d,1st Main Road × 80 Feet Road,12.930382,77.543479,15715,junction,unknown,6904207706;6904207726;9339539331,False,False,2026-09-05T07:43:36Z,https://www.thetraffic.in/data/intersections.v1.json,ODbL-1.0
gw-122cad131bf6,Yamalur Main Road × Varthur Road,12.955326,77.689461,15800,junction,unknown,298831052;1442364461;4824686444,False,False,2026-09-05T07:43:36Z,https://www.thetraffic.in/data/intersections.v1.json,ODbL-1.0
gw-732bd68d8842,Karnataka Bank Junction,12.920604,77.595163,15815,junction,unknown,249075247,False,False,2026-09-05T07:43:36Z,https://www.thetraffic.in/data/intersections.v1.json,ODbL-1.0
gw-15be24ca6d29,Sarjapura Road × 8th Main Road,12.924556,77.628386,15818,junction,unknown,12074449280;12074449281;12074449291,False,False,2026-09-05T07:43:36Z,https://www.thetraffic.in/data/intersections.v1.json,ODbL-1.0
gw-f1c872741e62,Gurappana Palya Junction,12.920577,77.600138,15831,junction,unknown,303926963;494238032,False,False,2026-09-05T07:43:36Z,https://www.thetraffic.in/data/intersections.v1.json,ODbL-1.0
gw-cc2dc710dfe8,Outer Ring Road signal,12.928038,77.546247,15859,junction,unknown,249080527;1836982983;12060569557,False,False,2026-09-05T07:43:36Z,https://www.thetraffic.in/data/intersections.v1.json,ODbL-1.0
gw-7e0a02239c80,Madiwala Sarjapura Road signal,12.924095,77.628603,15873,midblock_or_single_road,unknown,1837005138,False,False,2026-09-05T07:43:36Z,https://www.thetraffic.in/data/intersections.v1.json,ODbL-1.0
gw-b69b04b21254,Sarjapura Road signal,12.924109,77.629145,15885,pedestrian_crossing,unknown,12074449292,False,False,2026-09-05T07:43:36Z,https://www.thetraffic.in/data/intersections.v1.json,ODbL-1.0
gw-1405fd50bf87,80 Feet Road signal,12.925133,77.633618,15899,midblock_or_single_road,unknown,5942550425,False,False,2026-09-05T07:43:36Z,https://www.thetraffic.in/data/intersections.v1.json,ODbL-1.0
gw-5203afd051b5,27th Cross Road × Krishnarajendra Road,12.921077,77.573573,15918,junction,unknown,248680033;4867634840;4867659906,False,False,2026-09-05T07:43:36Z,https://www.thetraffic.in/data/intersections.v1.json,ODbL-1.0
gw-d24e13d5734c,Varthur Road × Doddanekkundi Main Road,12.95584,77.691748,15921,junction,unknown,11639971012;12134224864;12134224865,False,False,2026-09-05T07:43:36Z,https://www.thetraffic.in/data/intersections.v1.json,ODbL-1.0
gw-6742a578ef65,Sarjapura Road signal,12.924842,77.633458,15925,midblock_or_single_road,unknown,5942550424,False,False,2026-09-05T07:43:36Z,https://www.thetraffic.in/data/intersections.v1.json,ODbL-1.0
gw-6758ac3c88a9,Kanakapura Road × 27th Cross Road,12.920855,77.574469,15929,junction,unknown,248680032;7287984479;12625079623;12625079624,False,False,2026-09-05T07:43:36Z,https://www.thetraffic.in/data/intersections.v1.json,ODbL-1.0
gw-e9a7d78f1059,Sarjapura Road signal,12.924846,77.634227,15947,midblock_or_single_road,unknown,348036175,False,False,2026-09-05T07:43:36Z,https://www.thetraffic.in/data/intersections.v1.json,ODbL-1.0
gw-c3241f20af5a,40th Cross Road × Rashtriya Vidyalaya Road,12.919937,77.580256,15959,pedestrian_crossing,unknown,12123831581;12123831582;12123831583;12123831584,False,False,2026-09-05T07:43:36Z,https://www.thetraffic.in/data/intersections.v1.json,ODbL-1.0
gw-755f8400e0a0,Hosur Road signal,12.921126,77.620337,16011,midblock_or_single_road,unknown,494271106;4703140386;10282769898,False,False,2026-09-05T07:43:36Z,https://www.thetraffic.in/data/intersections.v1.json,ODbL-1.0
gw-c8c7a39e37cb,Dr Vishnuvardhan Road × Outer Ring Road,12.925387,77.549986,16012,junction,unknown,248678559;699684258;12060592381;12060592382,False,False,2026-09-05T07:43:36Z,https://www.thetraffic.in/data/intersections.v1.json,ODbL-1.0
gw-0dd8c382be8c,Kengeri Main Road × Ullal Main Road,12.952004,77.499726,16012,junction,unknown,308064375;4792982257;4843631313;11890611421,False,False,2026-09-05T07:43:36Z,https://www.thetraffic.in/data/intersections.v1.json,ODbL-1.0
gw-3503e123db05,Outer Ring Road signal,12.923876,77.55348,16065,junction,unknown,12673175243;13908676867;14136473704;14136473733;14136473795;14136473796,True,False,2026-09-05T07:43:36Z,https://www.thetraffic.in/data/intersections.v1.json,ODbL-1.0
gw-b8b6a43bd9fa,Puttalingaiah Road × Outer Ring Road,12.921856,77.560234,16099,junction,unknown,6852266946;11846423573;12059785431;12059785432,False,False,2026-09-05T07:43:36Z,https://www.thetraffic.in/data/intersections.v1.json,ODbL-1.0
gw-86b1ff1f0778,Kundalahalli Main Road signal,12.972756,77.71163,16201,midblock_or_single_road,unknown,9932318844,False,False,2026-09-05T07:43:36Z,https://www.thetraffic.in/data/intersections.v1.json,ODbL-1.0
gw-e7f473004dd0,18th Main Road × Marenahalli Road,12.917156,77.589529,16205,junction,unknown,249075973;1148895344;5346843788,False,False,2026-09-05T07:43:36Z,https://www.thetraffic.in/data/intersections.v1.json,ODbL-1.0
gw-1bb9a6dbc9b2,14th Main Road × Sarjapur Road,12.923845,77.639934,16233,junction,unknown,307404566;1608973481;1609661649,False,False,2026-09-05T07:43:36Z,https://www.thetraffic.in/data/intersections.v1.json,ODbL-1.0
gw-47409b1e2fa8,8th Main Road × Marenahalli Road,12.916841,77.595073,16233,junction,unknown,5354313604;7287571768;12492308147;12492308150,False,False,2026-09-05T07:43:36Z,https://www.thetraffic.in/data/intersections.v1.json,ODbL-1.0
gw-ea7762f8da3a,Kundalahalli Main Road signal,12.972286,77.711652,16235,midblock_or_single_road,unknown,1259491784;9951192668,False,False,2026-09-05T07:43:36Z,https://www.thetraffic.in/data/intersections.v1.json,ODbL-1.0
gw-c4636b873a2b,24th Main Road × Marenahalli Road,12.917039,77.585827,16236,junction,unknown,17327106;12492308046;12492308047;12492308048,False,False,2026-09-05T07:43:36Z,https://www.thetraffic.in/data/intersections.v1.json,ODbL-1.0
gw-10edb48e8eb1,6th Main Road × Marenahalli Road,12.9168,77.59687,16240,junction,unknown,249075975;7287571767;12459218189;12459218190,False,False,2026-09-05T07:43:36Z,https://www.thetraffic.in/data/intersections.v1.json,ODbL-1.0
gw-0cc1d0c03592,Unnamed signal,12.916739,77.59999,16257,unresolved,unknown,13360511829;13360511830,True,False,2026-09-05T07:43:36Z,https://www.thetraffic.in/data/intersections.v1.json,ODbL-1.0
gw-c7c65de13170,Marenahalli Road × Rashtriya Vidyalaya Road,12.91719,77.580282,16263,junction,unknown,11303526456;11303526457;11303526458,False,False,2026-09-05T07:43:36Z,https://www.thetraffic.in/data/intersections.v1.json,ODbL-1.0
gw-545be73e0ba5,Rajarajeshwarinagara Gate,12.936377,77.518401,16277,junction,unknown,560642468;699704164;699704182;6932109139,False,False,2026-09-05T07:43:36Z,https://www.thetraffic.in/data/intersections.v1.json,ODbL-1.0
gw-d0ef4258c4e6,Subramaniapura Road × Marenahalli Road,12.9173,77.573655,16333,junction,unknown,248839215;364626139;699576768;699576794;1070314190;4582284826,True,False,2026-09-05T07:43:36Z,https://www.thetraffic.in/data/intersections.v1.json,ODbL-1.0
gw-e9b246526080,16th Main Road × Marenahalli Road - Outer Ring Road,12.916596,77.610066,16352,junction,unknown,247989220;4406882464;4692270064;4692270065;13108404164,False,False,2026-09-05T07:43:36Z,https://www.thetraffic.in/data/intersections.v1.json,ODbL-1.0
gw-bba7989a70c3,29th Main Road × Outer Ring Road,12.916343,77.615194,16448,junction,unknown,247989224;494271099;4839770850,False,False,2026-09-05T07:43:36Z,https://www.thetraffic.in/data/intersections.v1.json,ODbL-1.0
gw-5702afd336ee,Unnamed signal,12.917451,77.622795,16462,midblock_or_single_road,unknown,2971089260,False,False,2026-09-05T07:43:36Z,https://www.thetraffic.in/data/intersections.v1.json,ODbL-1.0
gw-3dcc01d12112,Outer Ring Road signal,12.917251,77.622456,16477,midblock_or_single_road,unknown,306594280,False,False,2026-09-05T07:43:36Z,https://www.thetraffic.in/data/intersections.v1.json,ODbL-1.0
gw-9702e24896b4,Outer Ring Road signal,12.917324,77.623161,16483,midblock_or_single_road,unknown,494271080,False,False,2026-09-05T07:43:36Z,https://www.thetraffic.in/data/intersections.v1.json,ODbL-1.0
gw-8371a4e44091,Sarjapur Road signal,12.924648,77.649906,16512,midblock_or_single_road,unknown,2387385680,False,False,2026-09-05T07:43:36Z,https://www.thetraffic.in/data/intersections.v1.json,ODbL-1.0
gw-ff3dcae35bdd,Service Road × Varthur Road,12.956864,77.700904,16515,junction,unknown,1464786119;2406980229;4465530917,False,False,2026-09-05T07:43:36Z,https://www.thetraffic.in/data/intersections.v1.json,ODbL-1.0
gw-ddfe2708563f,Srinagar - Kanyakumari Highway signal,12.916946,77.622838,16518,midblock_or_single_road,unknown,3805003789,False,False,2026-09-05T07:43:36Z,https://www.thetraffic.in/data/intersections.v1.json,ODbL-1.0
gw-b16331bb85be,Whitefield Road signal,12.989179,77.726756,16542,midblock_or_single_road,unknown,1631443660,False,False,2026-09-05T07:43:36Z,https://www.thetraffic.in/data/intersections.v1.json,ODbL-1.0
gw-db9d72e27cc2,Unnamed signal,12.924422,77.650367,16554,midblock_or_single_road,unknown,5778431791,False,False,2026-09-05T07:43:36Z,https://www.thetraffic.in/data/intersections.v1.json,ODbL-1.0
gw-31c430115961,Subramaniapura Road × 9th Main Road,12.915522,77.569616,16593,junction,unknown,1835344809;4872132537,False,False,2026-09-05T07:43:36Z,https://www.thetraffic.in/data/intersections.v1.json,ODbL-1.0
gw-1818ee7e3963,Outer Ring Road × 19th Main Road,12.921972,77.645007,16606,junction,unknown,650141450;12988102360;12988102361;12988102362,False,False,2026-09-05T07:43:36Z,https://www.thetraffic.in/data/intersections.v1.json,ODbL-1.0
gw-ef8d7795ce63,27th Main Road × Sarjapur Road,12.924151,77.651779,16639,junction,unknown,2387127870;9857144282;9857144283;11533595485,False,False,2026-09-05T07:43:36Z,https://www.thetraffic.in/data/intersections.v1.json,ODbL-1.0
gw-d17c46089579,16th Main Road signal,12.913979,77.61007,16641,midblock_or_single_road,unknown,306854061;4692270067;10072942642;10072942645,False,False,2026-09-05T07:43:36Z,https://www.thetraffic.in/data/intersections.v1.json,ODbL-1.0
gw-c95b99fe583d,Mysore Road signal,12.935561,77.513034,16655,junction,unknown,1487973952;6144112170,False,False,2026-09-05T07:43:36Z,https://www.thetraffic.in/data/intersections.v1.json,ODbL-1.0
gw-c41a52e1778c,Kenchenahalli Main Road × 1st Main Road,12.932696,77.516143,16754,junction,unknown,13243451771;13243451772;13243451773;13243451774,False,False,2026-09-05T07:43:36Z,https://www.thetraffic.in/data/intersections.v1.json,ODbL-1.0
gw-541360b6cb08,5th Main Road × Outer Ring Road,12.916441,77.63235,16797,junction,unknown,650141249;650141554;1472879613;6885082495,False,False,2026-09-05T07:43:36Z,https://www.thetraffic.in/data/intersections.v1.json,ODbL-1.0
gw-78ad9199bfe9,Kaderanahali Underpass signal,12.912661,77.567211,16950,midblock_or_single_road,unknown,12060646306;12060646307,False,False,2026-09-05T07:43:36Z,https://www.thetraffic.in/data/intersections.v1.json,ODbL-1.0
gw-8c7b0979a7ba,9th Cross Road × 24th Main Road,12.910514,77.585702,16961,junction,unknown,11302992907;11302992908;11302992909;11302992910,False,False,2026-09-05T07:43:36Z,https://www.thetraffic.in/data/intersections.v1.json,ODbL-1.0
gw-d9b3ff3c992a,8th Main × 9th Cross Road,12.910271,77.595188,16964,junction,unknown,305154536;5354313587;5354313589;5354313590,False,False,2026-09-05T07:43:36Z,https://www.thetraffic.in/data/intersections.v1.json,ODbL-1.0
gw-d0274c75dba2,9th Cross Road × 4th Main Road,12.910187,77.593255,16973,junction,unknown,309595499;5354313548,False,False,2026-09-05T07:43:36Z,https://www.thetraffic.in/data/intersections.v1.json,ODbL-1.0
gw-016933a12b56,Kanakapura Road × 9th Cross Road,12.911355,77.57295,16998,junction,unknown,14136370405;14136370406;14136370407,False,False,2026-09-05T07:43:36Z,https://www.thetraffic.in/data/intersections.v1.json,ODbL-1.0
gw-916dd1b96f61,Outer Ring Road signal,12.912176,77.567369,17000,midblock_or_single_road,unknown,11795755981,False,False,2026-09-05T07:43:36Z,https://www.thetraffic.in/data/intersections.v1.json,ODbL-1.0
gw-b80145303182,14th Main Road × Service Road,12.915955,77.638212,17017,junction,unknown,1472878937;1653906418;11260122967;11260122969,False,False,2026-09-05T07:43:36Z,https://www.thetraffic.in/data/intersections.v1.json,ODbL-1.0
gw-1624a3417e86,5th Main Road × 17th Cross Road,12.91243,77.632433,17232,junction,unknown,12611782072;12611782073;12611782074;12611782078,False,False,2026-09-05T07:43:36Z,https://www.thetraffic.in/data/intersections.v1.json,ODbL-1.0
gw-3530b6461e04,Outer Ring Road × Bannerghatta Road,12.907242,77.600478,17314,junction,unknown,494238044;699585158,False,False,2026-09-05T07:43:36Z,https://www.thetraffic.in/data/intersections.v1.json,ODbL-1.0
gw-1fdded25c348,2nd Road × 2nd B Road,12.976515,77.727192,17322,junction,unknown,1523569756;1585678352;10695052518;10731023449,False,False,2026-09-05T07:43:36Z,https://www.thetraffic.in/data/intersections.v1.json,ODbL-1.0
gw-038db6de1bfe,17th Cross Road × 14th Main Road,12.912317,77.638093,17402,junction,unknown,11484393853;11484393854;11484393855;11484393856,False,False,2026-09-05T07:43:36Z,https://www.thetraffic.in/data/intersections.v1.json,ODbL-1.0
gw-8dc908c6c994,3rd Main Road × Outer Ring Road,12.906295,77.595043,17406,junction,unknown,2513553543;6901338036;11955000938;11955000939,False,False,2026-09-05T07:43:36Z,https://www.thetraffic.in/data/intersections.v1.json,ODbL-1.0
gw-c5e4fc153d98,Outer Ring Road signal,12.906306,77.591884,17406,midblock_or_single_road,unknown,11304329710;11304329711,False,False,2026-09-05T07:43:36Z,https://www.thetraffic.in/data/intersections.v1.json,ODbL-1.0
gw-54fe18673166,20th Main Road signal,12.906441,77.585473,17414,midblock_or_single_road,unknown,11302971566,False,False,2026-09-05T07:43:36Z,https://www.thetraffic.in/data/intersections.v1.json,ODbL-1.0
gw-7de9fca4749a,24th Main Road signal,12.906404,77.58572,17417,midblock_or_single_road,unknown,11302971565;11302971567,False,False,2026-09-05T07:43:36Z,https://www.thetraffic.in/data/intersections.v1.json,ODbL-1.0
gw-c0ea2dce5321,Unnamed signal,12.906239,77.586007,17434,midblock_or_single_road,unknown,11302971564,False,False,2026-09-05T07:43:36Z,https://www.thetraffic.in/data/intersections.v1.json,ODbL-1.0
gw-a9988b048c20,Outer Ring Road × 33rd Main Road,12.906402,77.580384,17457,junction,unknown,11201582978;11201582981;12229871103;12229871104,False,False,2026-09-05T07:43:36Z,https://www.thetraffic.in/data/intersections.v1.json,ODbL-1.0
gw-2694ab3f512c,Outer Ring Road × 35th Main Road,12.906454,77.578369,17471,junction,unknown,1331989759;1732873704;11308911772;11308911773,False,False,2026-09-05T07:43:36Z,https://www.thetraffic.in/data/intersections.v1.json,ODbL-1.0
gw-a25c09f6f1a3,Outer Ring Road × Kanakapura Road,12.906488,77.57327,17530,junction,unknown,248678594;699576776;699576806;4614143317,False,False,2026-09-05T07:43:36Z,https://www.thetraffic.in/data/intersections.v1.json,ODbL-1.0
gw-4770ad57fb35,Service Road × Kariyamma Agrahara Road,12.939395,77.694945,17544,junction,unknown,9844475373;12060861675,False,False,2026-09-05T07:43:36Z,https://www.thetraffic.in/data/intersections.v1.json,ODbL-1.0
gw-8ba12be5e313,6th Main Road signal,12.921135,77.66555,17555,midblock_or_single_road,unknown,11375078750,False,False,2026-09-05T07:43:36Z,https://www.thetraffic.in/data/intersections.v1.json,ODbL-1.0
gw-c7bbf5114b41,Service Road × Panathur Main Road,12.939429,77.695458,17575,junction,unknown,9844475372;12060861674,False,False,2026-09-05T07:43:36Z,https://www.thetraffic.in/data/intersections.v1.json,ODbL-1.0
gw-2fad21a96cf7,Iblur Junction,12.920692,77.665237,17584,junction,unknown,1083470977;1775972263;1827247442,False,False,2026-09-05T07:43:36Z,https://www.thetraffic.in/data/intersections.v1.json,ODbL-1.0
gw-8f29b8edebec,Unnamed signal,12.92098,77.665926,17589,midblock_or_single_road,unknown,5372340500,False,False,2026-09-05T07:43:36Z,https://www.thetraffic.in/data/intersections.v1.json,ODbL-1.0
gw-b2a456c1ffaf,17th Cross Road × 19th Main Road,12.912226,77.644666,17620,junction,unknown,10860559946;10860559948;10860559949,False,False,2026-09-05T07:43:36Z,https://www.thetraffic.in/data/intersections.v1.json,ODbL-1.0
gw-240fd0bc35b9,Kundalahalli Main Road signal,12.956177,77.71494,17665,midblock_or_single_road,unknown,9953892394,False,False,2026-09-05T07:43:36Z,https://www.thetraffic.in/data/intersections.v1.json,ODbL-1.0
gw-5de217329962,19th Main Road signal,12.911777,77.644584,17665,midblock_or_single_road,unknown,11476588184,False,False,2026-09-05T07:43:36Z,https://www.thetraffic.in/data/intersections.v1.json,ODbL-1.0
gw-9b7a67322a37,Varthur Road × Sai Baba Temple Road,12.955838,77.714789,17679,junction,unknown,9843291185;9953892391;9953892395,False,False,2026-09-05T07:43:36Z,https://www.thetraffic.in/data/intersections.v1.json,ODbL-1.0
gw-d838942124be,Begur Road × Hosur Road,12.907063,77.628791,17724,junction,unknown,618252032;1613152619;11927462279,False,False,2026-09-05T07:43:36Z,https://www.thetraffic.in/data/intersections.v1.json,ODbL-1.0
gw-0c7111a941e0,Service Road signal,12.929798,77.684331,17731,midblock_or_single_road,unknown,3311165099;12998568326,False,False,2026-09-05T07:43:36Z,https://www.thetraffic.in/data/intersections.v1.json,ODbL-1.0
gw-a889187924e5,Unnamed signal,12.929989,77.685292,17771,midblock_or_single_road,unknown,13875979692,False,False,2026-09-05T07:43:36Z,https://www.thetraffic.in/data/intersections.v1.json,ODbL-1.0
gw-afd39f670cd7,Central Avenue signal,12.929505,77.684666,17779,midblock_or_single_road,unknown,12998568325,False,False,2026-09-05T07:43:36Z,https://www.thetraffic.in/data/intersections.v1.json,ODbL-1.0
gw-5214fe636982,17th Cross Road × 24th Main Road,12.911911,77.649038,17806,junction,unknown,12611782068;12611782069;12611782070;12611782071,False,False,2026-09-05T07:43:36Z,https://www.thetraffic.in/data/intersections.v1.json,ODbL-1.0
gw-06b9827f5571,Bannerghatta Road × Devarachikkanahalli Road,12.902135,77.601101,17884,junction,unknown,1827480124,False,False,2026-09-05T07:43:36Z,https://www.thetraffic.in/data/intersections.v1.json,ODbL-1.0
gw-9c257912e795,RMZ Ecoworld Internal Road signal,12.925386,77.685985,18240,junction,unknown,13875979439;13875979440;13875979446,False,False,2026-09-05T07:43:36Z,https://www.thetraffic.in/data/intersections.v1.json,ODbL-1.0
gw-8b9dcced3758,Gear School road × New Horizon College Road,12.931272,77.69509,18268,junction,unknown,12169759725;12169759728;13127415069;13127415070,False,False,2026-09-05T07:43:36Z,https://www.thetraffic.in/data/intersections.v1.json,ODbL-1.0
gw-c4f11c7ee7ea,Dr. Vishnuvardhan Road × Konanakunte-Uttarahalli Road,12.905767,77.542703,18330,junction,unknown,248679505,False,False,2026-09-05T07:43:36Z,https://www.thetraffic.in/data/intersections.v1.json,ODbL-1.0
gw-24dd95d47f46,80 Feet Road signal,12.915543,77.5135,18560,midblock_or_single_road,unknown,13245148819;13245148821;13245148823,False,False,2026-09-05T07:43:36Z,https://www.thetraffic.in/data/intersections.v1.json,ODbL-1.0
gw-4eb3543a6037,Central Avenue × Adarsh Palm Retreat Internal Road,12.92019,77.685576,18703,junction,unknown,13875979496;13875979497;13875979498,False,False,2026-09-05T07:43:36Z,https://www.thetraffic.in/data/intersections.v1.json,ODbL-1.0
gw-8be83a8f6419,Belathur Main Road × Whitefield - Hoskote Road,13.004138,77.757012,18817,junction,unknown,12701887538;12961531815;12961531816;12961531817,False,False,2026-09-05T07:43:36Z,https://www.thetraffic.in/data/intersections.v1.json,ODbL-1.0
gw-ace9434719fe,Bellanduru-Doddakannelli Road × Kids Kingdom Road,12.918768,77.685477,18832,junction,unknown,4445274988;10948126481;13875979481,False,False,2026-09-05T07:43:36Z,https://www.thetraffic.in/data/intersections.v1.json,ODbL-1.0
gw-b82245a79576,Bannerghatta Road × M Viswesvaraya Road,12.892763,77.598904,18917,junction,unknown,560654632;1419475678,False,False,2026-09-05T07:43:36Z,https://www.thetraffic.in/data/intersections.v1.json,ODbL-1.0
gw-fb4466c97928,Sarjapura Road signal,12.913555,77.67877,18965,midblock_or_single_road,unknown,13377510554;13377510555,False,False,2026-09-05T07:43:36Z,https://www.thetraffic.in/data/intersections.v1.json,ODbL-1.0
gw-1132f47e99a7,Devarachikkanahalli Road × M Viswesvaraya Road,12.892865,77.610463,18982,junction,unknown,248552486;7466248765,False,False,2026-09-05T07:43:36Z,https://www.thetraffic.in/data/intersections.v1.json,ODbL-1.0
gw-ee5dcf2374da,Jawaharlal Nehru Road × 7th Main Road,12.906852,77.521084,19062,junction,unknown,13245148864;13245148865;13245148866;13245148867,False,False,2026-09-05T07:43:36Z,https://www.thetraffic.in/data/intersections.v1.json,ODbL-1.0
gw-8bf328929e59,Sarjapura Road signal,12.912827,77.68019,19111,midblock_or_single_road,unknown,13368863481;13368863482,False,False,2026-09-05T07:43:36Z,https://www.thetraffic.in/data/intersections.v1.json,ODbL-1.0
gw-ab6785b7939e,Pipeline Road × Konanakunte-Uttarahalli Road,12.895018,77.555062,19133,junction,unknown,2416186869;12635606375,False,False,2026-09-05T07:43:36Z,https://www.thetraffic.in/data/intersections.v1.json,ODbL-1.0
gw-dbad003d2af9,Bannerghatta Road × Arekere Mico Layout Main Road,12.890554,77.5981,19161,junction,unknown,11268507380;11268507381;11268507393;11268507394,False,False,2026-09-05T07:43:36Z,https://www.thetraffic.in/data/intersections.v1.json,ODbL-1.0
gw-d561e2c2eb37,Whitefield Main Road × Whitefield Road,12.983788,77.752493,19280,junction,unknown,251105190;1104241030;1104243944;1368829017,False,False,2026-09-05T07:43:36Z,https://www.thetraffic.in/data/intersections.v1.json,ODbL-1.0
gw-b08e62915a7e,Hosur Road signal,12.894355,77.636714,19294,midblock_or_single_road,unknown,1613154921;1613154922,False,False,2026-09-05T07:43:36Z,https://www.thetraffic.in/data/intersections.v1.json,ODbL-1.0
gw-526799e56191,Hoysala Circle,12.924704,77.485261,19363,junction,unknown,1285970595;4813269388;7289130033,False,False,2026-09-05T07:43:36Z,https://www.thetraffic.in/data/intersections.v1.json,ODbL-1.0
gw-3fdeb2f7590f,Unnamed signal,12.890451,77.564314,19437,unresolved,unknown,13191749643;13191749644;13191749645,True,False,2026-09-05T07:43:36Z,https://www.thetraffic.in/data/intersections.v1.json,ODbL-1.0
gw-8638a18a357e,Sarjapura Road signal,12.911061,77.683727,19471,midblock_or_single_road,unknown,260908338;10196262521,False,False,2026-09-05T07:43:36Z,https://www.thetraffic.in/data/intersections.v1.json,ODbL-1.0
gw-d5f9dc8f722d,Whitefield Main Road × Pattandur Agrahara Gutta Road - Vijayanagar Main Road,12.977341,77.751187,19494,junction,unknown,1470833635;12961529551;12961529552,False,False,2026-09-05T07:43:36Z,https://www.thetraffic.in/data/intersections.v1.json,ODbL-1.0
gw-fa457ee5d5f1,Kanakapura Road × Amruth Nagar Main Road,12.889584,77.563526,19546,junction,unknown,7291578193;11618263383;13180113879,False,False,2026-09-05T07:43:36Z,https://www.thetraffic.in/data/intersections.v1.json,ODbL-1.0
gw-0481d0296d6a,Whitefield Main Road × Immadihalli Road,12.969789,77.749986,19806,junction,unknown,11150090936;11150090939;12961529553,False,False,2026-09-05T07:43:36Z,https://www.thetraffic.in/data/intersections.v1.json,ODbL-1.0
gw-3cc7ac837506,Dr. Vishnuvardhan Road signal,12.904005,77.510695,19838,junction,unknown,11846247779;13245148836;13245148837;13245148838,False,False,2026-09-05T07:43:36Z,https://www.thetraffic.in/data/intersections.v1.json,ODbL-1.0
gw-e35797bf7409,Bannerghatta Road × 80 Feet Road,12.884336,77.596496,19849,junction,unknown,13096120948;13096120949;13096120950,False,False,2026-09-05T07:43:36Z,https://www.thetraffic.in/data/intersections.v1.json,ODbL-1.0
gw-682008dcdea9,A K Gopalan Main Road × Channasandra Main Road,12.98247,77.758237,19902,junction,unknown,1347565273;5281839993;12961466026;12961466027,False,False,2026-09-05T07:43:36Z,https://www.thetraffic.in/data/intersections.v1.json,ODbL-1.0
gw-f844ce2790c3,Hosur Road × Kudlu Road,12.88918,77.640021,19940,pedestrian_crossing,unknown,266865270;618251411;12073881083,False,False,2026-09-05T07:43:36Z,https://www.thetraffic.in/data/intersections.v1.json,ODbL-1.0
